2026-09-11 20:06:30.730 [background-preinit] INFO  o.h.validator.internal.util.Version - HV000001: Hibernate Validator 8.0.1.Final
2026-09-11 20:06:30.794 [main] INFO  c.a.a.AiReviewAssistantApplication - Starting AiReviewAssistantApplication v0.0.1-SNAPSHOT using Java 22.0.1 with PID 14973 (/Users/h3rtz/Desktop/ai-review-assistant/target/ai-review-assistant-0.0.1-SNAPSHOT.jar started by h3rtz in /Users/h3rtz/Desktop/ai-review-assistant)
2026-09-11 20:06:30.794 [main] DEBUG c.a.a.AiReviewAssistantApplication - Running with Spring Boot v3.2.10, Spring v6.1.13
2026-09-11 20:06:30.795 [main] INFO  c.a.a.AiReviewAssistantApplication - No active profile set, falling back to 1 default profile: "default"
2026-09-11 20:06:32.241 [main] INFO  o.s.b.w.e.tomcat.TomcatWebServer - Tomcat initialized with port 8080 (http)
2026-09-11 20:06:32.248 [main] INFO  o.a.coyote.http11.Http11NioProtocol - Initializing ProtocolHandler ["http-nio-8080"]
2026-09-11 20:06:32.249 [main] INFO  o.a.catalina.core.StandardService - Starting service [Tomcat]
2026-09-11 20:06:32.249 [main] INFO  o.a.catalina.core.StandardEngine - Starting Servlet engine: [Apache Tomcat/10.1.30]
2026-09-11 20:06:32.267 [main] INFO  o.a.c.c.C.[Tomcat].[localhost].[/] - Initializing Spring embedded WebApplicationContext
2026-09-11 20:06:32.267 [main] INFO  o.s.b.w.s.c.ServletWebServerApplicationContext - Root WebApplicationContext: initialization completed in 1449 ms
2026-09-11 20:06:32.736 [main] INFO  o.s.a.v.pgvector.PgVectorStore - Using the vector table name: vector_store. Is empty: false
2026-09-11 20:06:32.738 [main] INFO  o.s.a.v.pgvector.PgVectorStore - Initializing PGVectorStore schema for table: vector_store in schema: public
2026-09-11 20:06:32.738 [main] INFO  o.s.a.v.pgvector.PgVectorStore - vectorTableValidationsEnabled false
2026-09-11 20:06:32.741 [main] INFO  com.zaxxer.hikari.HikariDataSource - HikariPool-1 - Starting...
2026-09-11 20:06:33.870 [main] ERROR com.zaxxer.hikari.pool.HikariPool - HikariPool-1 - Exception during pool initialization.
org.postgresql.util.PSQLException: FATAL: password authentication failed for user "postgres"
	at org.postgresql.core.v3.ConnectionFactoryImpl.doAuthentication(ConnectionFactoryImpl.java:693)
	at org.postgresql.core.v3.ConnectionFactoryImpl.tryConnect(ConnectionFactoryImpl.java:203)
	at org.postgresql.core.v3.ConnectionFactoryImpl.openConnectionImpl(ConnectionFactoryImpl.java:258)
	at org.postgresql.core.ConnectionFactory.openConnection(ConnectionFactory.java:54)
	at org.postgresql.jdbc.PgConnection.<init>(PgConnection.java:263)
	at org.postgresql.Driver.makeConnection(Driver.java:443)
	at org.postgresql.Driver.connect(Driver.java:297)
	at com.zaxxer.hikari.util.DriverDataSource.getConnection(DriverDataSource.java:138)
	at com.zaxxer.hikari.pool.PoolBase.newConnection(PoolBase.java:359)
	at com.zaxxer.hikari.pool.PoolBase.newPoolEntry(PoolBase.java:201)
	at com.zaxxer.hikari.pool.HikariPool.createPoolEntry(HikariPool.java:470)
	at com.zaxxer.hikari.pool.HikariPool.checkFailFast(HikariPool.java:561)
	at com.zaxxer.hikari.pool.HikariPool.<init>(HikariPool.java:100)
	at com.zaxxer.hikari.HikariDataSource.getConnection(HikariDataSource.java:112)
	at org.springframework.jdbc.datasource.DataSourceUtils.fetchConnection(DataSourceUtils.java:160)
	at org.springframework.jdbc.datasource.DataSourceUtils.doGetConnection(DataSourceUtils.java:118)
	at org.springframework.jdbc.datasource.DataSourceUtils.getConnection(DataSourceUtils.java:81)
	at org.springframework.jdbc.core.JdbcTemplate.execute(JdbcTemplate.java:388)
	at org.springframework.jdbc.core.JdbcTemplate.execute(JdbcTemplate.java:444)
	at org.springframework.ai.vectorstore.pgvector.PgVectorStore.afterPropertiesSet(PgVectorStore.java:421)
	at org.springframework.beans.factory.support.AbstractAutowireCapableBeanFactory.invokeInitMethods(AbstractAutowireCapableBeanFactory.java:1853)
	at org.springframework.beans.factory.support.AbstractAutowireCapableBeanFactory.initializeBean(AbstractAutowireCapableBeanFactory.java:1802)
	at org.springframework.beans.factory.support.AbstractAutowireCapableBeanFactory.doCreateBean(AbstractAutowireCapableBeanFactory.java:600)
	at org.springframework.beans.factory.support.AbstractAutowireCapableBeanFactory.createBean(AbstractAutowireCapableBeanFactory.java:522)
	at org.springframework.beans.factory.support.AbstractBeanFactory.lambda$doGetBean$0(AbstractBeanFactory.java:337)
	at org.springframework.beans.factory.support.DefaultSingletonBeanRegistry.getSingleton(DefaultSingletonBeanRegistry.java:234)
	at org.springframework.beans.factory.support.AbstractBeanFactory.doGetBean(AbstractBeanFactory.java:335)
	at org.springframework.beans.factory.support.AbstractBeanFactory.getBean(AbstractBeanFactory.java:200)
	at org.springframework.beans.factory.config.DependencyDescriptor.resolveCandidate(DependencyDescriptor.java:254)
	at org.springframework.beans.factory.support.DefaultListableBeanFactory.doResolveDependency(DefaultListableBeanFactory.java:1443)
	at org.springframework.beans.factory.support.DefaultListableBeanFactory.resolveDependency(DefaultListableBeanFactory.java:1353)
	at org.springframework.beans.factory.support.ConstructorResolver.resolveAutowiredArgument(ConstructorResolver.java:904)
	at org.springframework.beans.factory.support.ConstructorResolver.createArgumentArray(ConstructorResolver.java:782)
	at org.springframework.beans.factory.support.ConstructorResolver.autowireConstructor(ConstructorResolver.java:237)
	at org.springframework.beans.factory.support.AbstractAutowireCapableBeanFactory.autowireConstructor(AbstractAutowireCapableBeanFactory.java:1375)
	at org.springframework.beans.factory.support.AbstractAutowireCapableBeanFactory.createBeanInstance(AbstractAutowireCapableBeanFactory.java:1212)
	at org.springframework.beans.factory.support.AbstractAutowireCapableBeanFactory.doCreateBean(AbstractAutowireCapableBeanFactory.java:562)
	at org.springframework.beans.factory.support.AbstractAutowireCapableBeanFactory.createBean(AbstractAutowireCapableBeanFactory.java:522)
	at org.springframework.beans.factory.support.AbstractBeanFactory.lambda$doGetBean$0(AbstractBeanFactory.java:337)
	at org.springframework.beans.factory.support.DefaultSingletonBeanRegistry.getSingleton(DefaultSingletonBeanRegistry.java:234)
	at org.springframework.beans.factory.support.AbstractBeanFactory.doGetBean(AbstractBeanFactory.java:335)
	at org.springframework.beans.factory.support.AbstractBeanFactory.getBean(AbstractBeanFactory.java:200)
	at org.springframework.beans.factory.config.DependencyDescriptor.resolveCandidate(DependencyDescriptor.java:254)
	at org.springframework.beans.factory.support.DefaultListableBeanFactory.doResolveDependency(DefaultListableBeanFactory.java:1443)
	at org.springframework.beans.factory.support.DefaultListableBeanFactory.resolveDependency(DefaultListableBeanFactory.java:1353)
	at org.springframework.beans.factory.support.ConstructorResolver.resolveAutowiredArgument(ConstructorResolver.java:904)
	at org.springframework.beans.factory.support.ConstructorResolver.createArgumentArray(ConstructorResolver.java:782)
	at org.springframework.beans.factory.support.ConstructorResolver.autowireConstructor(ConstructorResolver.java:237)
	at org.springframework.beans.factory.support.AbstractAutowireCapableBeanFactory.autowireConstructor(AbstractAutowireCapableBeanFactory.java:1375)
	at org.springframework.beans.factory.support.AbstractAutowireCapableBeanFactory.createBeanInstance(AbstractAutowireCapableBeanFactory.java:1212)
	at org.springframework.beans.factory.support.AbstractAutowireCapableBeanFactory.doCreateBean(AbstractAutowireCapableBeanFactory.java:562)
	at org.springframework.beans.factory.support.AbstractAutowireCapableBeanFactory.createBean(AbstractAutowireCapableBeanFactory.java:522)
	at org.springframework.beans.factory.support.AbstractBeanFactory.lambda$doGetBean$0(AbstractBeanFactory.java:337)
	at org.springframework.beans.factory.support.DefaultSingletonBeanRegistry.getSingleton(DefaultSingletonBeanRegistry.java:234)
	at org.springframework.beans.factory.support.AbstractBeanFactory.doGetBean(AbstractBeanFactory.java:335)
	at org.springframework.beans.factory.support.AbstractBeanFactory.getBean(AbstractBeanFactory.java:200)
	at org.springframework.beans.factory.config.DependencyDescriptor.resolveCandidate(DependencyDescriptor.java:254)
	at org.springframework.beans.factory.support.DefaultListableBeanFactory.addCandidateEntry(DefaultListableBeanFactory.java:1689)
	at org.springframework.beans.factory.support.DefaultListableBeanFactory.findAutowireCandidates(DefaultListableBeanFactory.java:1653)
	at org.springframework.beans.factory.support.DefaultListableBeanFactory.resolveMultipleBeanCollection(DefaultListableBeanFactory.java:1543)
	at org.springframework.beans.factory.support.DefaultListableBeanFactory.resolveMultipleBeans(DefaultListableBeanFactory.java:1511)
	at org.springframework.beans.factory.support.DefaultListableBeanFactory.doResolveDependency(DefaultListableBeanFactory.java:1392)
	at org.springframework.beans.factory.support.DefaultListableBeanFactory.resolveDependency(DefaultListableBeanFactory.java:1353)
	at org.springframework.beans.factory.support.ConstructorResolver.resolveAutowiredArgument(ConstructorResolver.java:904)
	at org.springframework.beans.factory.support.ConstructorResolver.createArgumentArray(ConstructorResolver.java:782)
	at org.springframework.beans.factory.support.ConstructorResolver.autowireConstructor(ConstructorResolver.java:237)
	at org.springframework.beans.factory.support.AbstractAutowireCapableBeanFactory.autowireConstructor(AbstractAutowireCapableBeanFactory.java:1375)
	at org.springframework.beans.factory.support.AbstractAutowireCapableBeanFactory.createBeanInstance(AbstractAutowireCapableBeanFactory.java:1212)
	at org.springframework.beans.factory.support.AbstractAutowireCapableBeanFactory.doCreateBean(AbstractAutowireCapableBeanFactory.java:562)
	at org.springframework.beans.factory.support.AbstractAutowireCapableBeanFactory.createBean(AbstractAutowireCapableBeanFactory.java:522)
	at org.springframework.beans.factory.support.AbstractBeanFactory.lambda$doGetBean$0(AbstractBeanFactory.java:337)
	at org.springframework.beans.factory.support.DefaultSingletonBeanRegistry.getSingleton(DefaultSingletonBeanRegistry.java:234)
	at org.springframework.beans.factory.support.AbstractBeanFactory.doGetBean(AbstractBeanFactory.java:335)
	at org.springframework.beans.factory.support.AbstractBeanFactory.getBean(AbstractBeanFactory.java:200)
	at org.springframework.beans.factory.config.DependencyDescriptor.resolveCandidate(DependencyDescriptor.java:254)
	at org.springframework.beans.factory.support.DefaultListableBeanFactory.doResolveDependency(DefaultListableBeanFactory.java:1443)
	at org.springframework.beans.factory.support.DefaultListableBeanFactory.resolveDependency(DefaultListableBeanFactory.java:1353)
	at org.springframework.beans.factory.support.ConstructorResolver.resolveAutowiredArgument(ConstructorResolver.java:904)
	at org.springframework.beans.factory.support.ConstructorResolver.createArgumentArray(ConstructorResolver.java:782)
	at org.springframework.beans.factory.support.ConstructorResolver.autowireConstructor(ConstructorResolver.java:237)
	at org.springframework.beans.factory.support.AbstractAutowireCapableBeanFactory.autowireConstructor(AbstractAutowireCapableBeanFactory.java:1375)
	at org.springframework.beans.factory.support.AbstractAutowireCapableBeanFactory.createBeanInstance(AbstractAutowireCapableBeanFactory.java:1212)
	at org.springframework.beans.factory.support.AbstractAutowireCapableBeanFactory.doCreateBean(AbstractAutowireCapableBeanFactory.java:562)
	at org.springframework.beans.factory.support.AbstractAutowireCapableBeanFactory.createBean(AbstractAutowireCapableBeanFactory.java:522)
	at org.springframework.beans.factory.support.AbstractBeanFactory.lambda$doGetBean$0(AbstractBeanFactory.java:337)
	at org.springframework.beans.factory.support.DefaultSingletonBeanRegistry.getSingleton(DefaultSingletonBeanRegistry.java:234)
	at org.springframework.beans.factory.support.AbstractBeanFactory.doGetBean(AbstractBeanFactory.java:335)
	at org.springframework.beans.factory.support.AbstractBeanFactory.getBean(AbstractBeanFactory.java:200)
	at org.springframework.beans.factory.support.DefaultListableBeanFactory.preInstantiateSingletons(DefaultListableBeanFactory.java:975)
	at org.springframework.context.support.AbstractApplicationContext.finishBeanFactoryInitialization(AbstractApplicationContext.java:971)
	at org.springframework.context.support.AbstractApplicationContext.refresh(AbstractApplicationContext.java:625)
	at org.springframework.boot.web.servlet.context.ServletWebServerApplicationContext.refresh(ServletWebServerApplicationContext.java:146)
	at org.springframework.boot.SpringApplication.refresh(SpringApplication.java:754)
	at org.springframework.boot.SpringApplication.refreshContext(SpringApplication.java:456)
	at org.springframework.boot.SpringApplication.run(SpringApplication.java:335)
	at org.springframework.boot.SpringApplication.run(SpringApplication.java:1363)
	at org.springframework.boot.SpringApplication.run(SpringApplication.java:1352)
	at com.aiservice.aireviewassistant.AiReviewAssistantApplication.main(AiReviewAssistantApplication.java:14)
	at java.base/jdk.internal.reflect.DirectMethodHandleAccessor.invoke(DirectMethodHandleAccessor.java:103)
	at java.base/java.lang.reflect.Method.invoke(Method.java:580)
	at org.springframework.boot.loader.launch.Launcher.launch(Launcher.java:102)
	at org.springframework.boot.loader.launch.Launcher.launch(Launcher.java:64)
	at org.springframework.boot.loader.launch.JarLauncher.main(JarLauncher.java:40)
2026-09-11 20:06:33.879 [main] WARN  o.s.b.w.s.c.AnnotationConfigServletWebServerApplicationContext - Exception encountered during context initialization - cancelling refresh attempt: org.springframework.beans.factory.UnsatisfiedDependencyException: Error creating bean with name 'chainExecutor' defined in URL [jar:nested:/Users/h3rtz/Desktop/ai-review-assistant/target/ai-review-assistant-0.0.1-SNAPSHOT.jar/!BOOT-INF/classes/!/com/aiservice/aireviewassistant/agent/tool/ChainExecutor.class]: Unsatisfied dependency expressed through constructor parameter 0: Error creating bean with name 'toolRegistry' defined in URL [jar:nested:/Users/h3rtz/Desktop/ai-review-assistant/target/ai-review-assistant-0.0.1-SNAPSHOT.jar/!BOOT-INF/classes/!/com/aiservice/aireviewassistant/agent/tool/ToolRegistry.class]: Unsatisfied dependency expressed through constructor parameter 0: Error creating bean with name 'summaryTool' defined in URL [jar:nested:/Users/h3rtz/Desktop/ai-review-assistant/target/ai-review-assistant-0.0.1-SNAPSHOT.jar/!BOOT-INF/classes/!/com/aiservice/aireviewassistant/agent/tool/SummaryTool.class]: Unsatisfied dependency expressed through constructor parameter 1: Error creating bean with name 'ragServiceImpl' defined in URL [jar:nested:/Users/h3rtz/Desktop/ai-review-assistant/target/ai-review-assistant-0.0.1-SNAPSHOT.jar/!BOOT-INF/classes/!/com/aiservice/aireviewassistant/service/impl/RagServiceImpl.class]: Unsatisfied dependency expressed through constructor parameter 1: Error creating bean with name 'vectorStore' defined in class path resource [com/aiservice/aireviewassistant/config/VectorStoreConfig.class]: Failed to obtain JDBC Connection
2026-09-11 20:06:33.881 [main] INFO  o.a.catalina.core.StandardService - Stopping service [Tomcat]
2026-09-11 20:06:33.920 [main] INFO  o.s.b.a.l.ConditionEvaluationReportLogger - 

Error starting ApplicationContext. To display the condition evaluation report re-run your application with 'debug' enabled.
2026-09-11 20:06:33.934 [main] ERROR o.s.boot.SpringApplication - Application run failed
org.springframework.beans.factory.UnsatisfiedDependencyException: Error creating bean with name 'chainExecutor' defined in URL [jar:nested:/Users/h3rtz/Desktop/ai-review-assistant/target/ai-review-assistant-0.0.1-SNAPSHOT.jar/!BOOT-INF/classes/!/com/aiservice/aireviewassistant/agent/tool/ChainExecutor.class]: Unsatisfied dependency expressed through constructor parameter 0: Error creating bean with name 'toolRegistry' defined in URL [jar:nested:/Users/h3rtz/Desktop/ai-review-assistant/target/ai-review-assistant-0.0.1-SNAPSHOT.jar/!BOOT-INF/classes/!/com/aiservice/aireviewassistant/agent/tool/ToolRegistry.class]: Unsatisfied dependency expressed through constructor parameter 0: Error creating bean with name 'summaryTool' defined in URL [jar:nested:/Users/h3rtz/Desktop/ai-review-assistant/target/ai-review-assistant-0.0.1-SNAPSHOT.jar/!BOOT-INF/classes/!/com/aiservice/aireviewassistant/agent/tool/SummaryTool.class]: Unsatisfied dependency expressed through constructor parameter 1: Error creating bean with name 'ragServiceImpl' defined in URL [jar:nested:/Users/h3rtz/Desktop/ai-review-assistant/target/ai-review-assistant-0.0.1-SNAPSHOT.jar/!BOOT-INF/classes/!/com/aiservice/aireviewassistant/service/impl/RagServiceImpl.class]: Unsatisfied dependency expressed through constructor parameter 1: Error creating bean with name 'vectorStore' defined in class path resource [com/aiservice/aireviewassistant/config/VectorStoreConfig.class]: Failed to obtain JDBC Connection
	at org.springframework.beans.factory.support.ConstructorResolver.createArgumentArray(ConstructorResolver.java:795)
	at org.springframework.beans.factory.support.ConstructorResolver.autowireConstructor(ConstructorResolver.java:237)
	at org.springframework.beans.factory.support.AbstractAutowireCapableBeanFactory.autowireConstructor(AbstractAutowireCapableBeanFactory.java:1375)
	at org.springframework.beans.factory.support.AbstractAutowireCapableBeanFactory.createBeanInstance(AbstractAutowireCapableBeanFactory.java:1212)
	at org.springframework.beans.factory.support.AbstractAutowireCapableBeanFactory.doCreateBean(AbstractAutowireCapableBeanFactory.java:562)
	at org.springframework.beans.factory.support.AbstractAutowireCapableBeanFactory.createBean(AbstractAutowireCapableBeanFactory.java:522)
	at org.springframework.beans.factory.support.AbstractBeanFactory.lambda$doGetBean$0(AbstractBeanFactory.java:337)
	at org.springframework.beans.factory.support.DefaultSingletonBeanRegistry.getSingleton(DefaultSingletonBeanRegistry.java:234)
	at org.springframework.beans.factory.support.AbstractBeanFactory.doGetBean(AbstractBeanFactory.java:335)
	at org.springframework.beans.factory.support.AbstractBeanFactory.getBean(AbstractBeanFactory.java:200)
	at org.springframework.beans.factory.support.DefaultListableBeanFactory.preInstantiateSingletons(DefaultListableBeanFactory.java:975)
	at org.springframework.context.support.AbstractApplicationContext.finishBeanFactoryInitialization(AbstractApplicationContext.java:971)
	at org.springframework.context.support.AbstractApplicationContext.refresh(AbstractApplicationContext.java:625)
	at org.springframework.boot.web.servlet.context.ServletWebServerApplicationContext.refresh(ServletWebServerApplicationContext.java:146)
	at org.springframework.boot.SpringApplication.refresh(SpringApplication.java:754)
	at org.springframework.boot.SpringApplication.refreshContext(SpringApplication.java:456)
	at org.springframework.boot.SpringApplication.run(SpringApplication.java:335)
	at org.springframework.boot.SpringApplication.run(SpringApplication.java:1363)
	at org.springframework.boot.SpringApplication.run(SpringApplication.java:1352)
	at com.aiservice.aireviewassistant.AiReviewAssistantApplication.main(AiReviewAssistantApplication.java:14)
	at java.base/jdk.internal.reflect.DirectMethodHandleAccessor.invoke(DirectMethodHandleAccessor.java:103)
	at java.base/java.lang.reflect.Method.invoke(Method.java:580)
	at org.springframework.boot.loader.launch.Launcher.launch(Launcher.java:102)
	at org.springframework.boot.loader.launch.Launcher.launch(Launcher.java:64)
	at org.springframework.boot.loader.launch.JarLauncher.main(JarLauncher.java:40)
Caused by: org.springframework.beans.factory.UnsatisfiedDependencyException: Error creating bean with name 'toolRegistry' defined in URL [jar:nested:/Users/h3rtz/Desktop/ai-review-assistant/target/ai-review-assistant-0.0.1-SNAPSHOT.jar/!BOOT-INF/classes/!/com/aiservice/aireviewassistant/agent/tool/ToolRegistry.class]: Unsatisfied dependency expressed through constructor parameter 0: Error creating bean with name 'summaryTool' defined in URL [jar:nested:/Users/h3rtz/Desktop/ai-review-assistant/target/ai-review-assistant-0.0.1-SNAPSHOT.jar/!BOOT-INF/classes/!/com/aiservice/aireviewassistant/agent/tool/SummaryTool.class]: Unsatisfied dependency expressed through constructor parameter 1: Error creating bean with name 'ragServiceImpl' defined in URL [jar:nested:/Users/h3rtz/Desktop/ai-review-assistant/target/ai-review-assistant-0.0.1-SNAPSHOT.jar/!BOOT-INF/classes/!/com/aiservice/aireviewassistant/service/impl/RagServiceImpl.class]: Unsatisfied dependency expressed through constructor parameter 1: Error creating bean with name 'vectorStore' defined in class path resource [com/aiservice/aireviewassistant/config/VectorStoreConfig.class]: Failed to obtain JDBC Connection
	at org.springframework.beans.factory.support.ConstructorResolver.createArgumentArray(ConstructorResolver.java:795)
	at org.springframework.beans.factory.support.ConstructorResolver.autowireConstructor(ConstructorResolver.java:237)
	at org.springframework.beans.factory.support.AbstractAutowireCapableBeanFactory.autowireConstructor(AbstractAutowireCapableBeanFactory.java:1375)
	at org.springframework.beans.factory.support.AbstractAutowireCapableBeanFactory.createBeanInstance(AbstractAutowireCapableBeanFactory.java:1212)
	at org.springframework.beans.factory.support.AbstractAutowireCapableBeanFactory.doCreateBean(AbstractAutowireCapableBeanFactory.java:562)
	at org.springframework.beans.factory.support.AbstractAutowireCapableBeanFactory.createBean(AbstractAutowireCapableBeanFactory.java:522)
	at org.springframework.beans.factory.support.AbstractBeanFactory.lambda$doGetBean$0(AbstractBeanFactory.java:337)
	at org.springframework.beans.factory.support.DefaultSingletonBeanRegistry.getSingleton(DefaultSingletonBeanRegistry.java:234)
	at org.springframework.beans.factory.support.AbstractBeanFactory.doGetBean(AbstractBeanFactory.java:335)
	at org.springframework.beans.factory.support.AbstractBeanFactory.getBean(AbstractBeanFactory.java:200)
	at org.springframework.beans.factory.config.DependencyDescriptor.resolveCandidate(DependencyDescriptor.java:254)
	at org.springframework.beans.factory.support.DefaultListableBeanFactory.doResolveDependency(DefaultListableBeanFactory.java:1443)
	at org.springframework.beans.factory.support.DefaultListableBeanFactory.resolveDependency(DefaultListableBeanFactory.java:1353)
	at org.springframework.beans.factory.support.ConstructorResolver.resolveAutowiredArgument(ConstructorResolver.java:904)
	at org.springframework.beans.factory.support.ConstructorResolver.createArgumentArray(ConstructorResolver.java:782)
	... 24 common frames omitted
Caused by: org.springframework.beans.factory.UnsatisfiedDependencyException: Error creating bean with name 'summaryTool' defined in URL [jar:nested:/Users/h3rtz/Desktop/ai-review-assistant/target/ai-review-assistant-0.0.1-SNAPSHOT.jar/!BOOT-INF/classes/!/com/aiservice/aireviewassistant/agent/tool/SummaryTool.class]: Unsatisfied dependency expressed through constructor parameter 1: Error creating bean with name 'ragServiceImpl' defined in URL [jar:nested:/Users/h3rtz/Desktop/ai-review-assistant/target/ai-review-assistant-0.0.1-SNAPSHOT.jar/!BOOT-INF/classes/!/com/aiservice/aireviewassistant/service/impl/RagServiceImpl.class]: Unsatisfied dependency expressed through constructor parameter 1: Error creating bean with name 'vectorStore' defined in class path resource [com/aiservice/aireviewassistant/config/VectorStoreConfig.class]: Failed to obtain JDBC Connection
	at org.springframework.beans.factory.support.ConstructorResolver.createArgumentArray(ConstructorResolver.java:795)
	at org.springframework.beans.factory.support.ConstructorResolver.autowireConstructor(ConstructorResolver.java:237)
	at org.springframework.beans.factory.support.AbstractAutowireCapableBeanFactory.autowireConstructor(AbstractAutowireCapableBeanFactory.java:1375)
	at org.springframework.beans.factory.support.AbstractAutowireCapableBeanFactory.createBeanInstance(AbstractAutowireCapableBeanFactory.java:1212)
	at org.springframework.beans.factory.support.AbstractAutowireCapableBeanFactory.doCreateBean(AbstractAutowireCapableBeanFactory.java:562)
	at org.springframework.beans.factory.support.AbstractAutowireCapableBeanFactory.createBean(AbstractAutowireCapableBeanFactory.java:522)
	at org.springframework.beans.factory.support.AbstractBeanFactory.lambda$doGetBean$0(AbstractBeanFactory.java:337)
	at org.springframework.beans.factory.support.DefaultSingletonBeanRegistry.getSingleton(DefaultSingletonBeanRegistry.java:234)
	at org.springframework.beans.factory.support.AbstractBeanFactory.doGetBean(AbstractBeanFactory.java:335)
	at org.springframework.beans.factory.support.AbstractBeanFactory.getBean(AbstractBeanFactory.java:200)
	at org.springframework.beans.factory.config.DependencyDescriptor.resolveCandidate(DependencyDescriptor.java:254)
	at org.springframework.beans.factory.support.DefaultListableBeanFactory.addCandidateEntry(DefaultListableBeanFactory.java:1689)
	at org.springframework.beans.factory.support.DefaultListableBeanFactory.findAutowireCandidates(DefaultListableBeanFactory.java:1653)
	at org.springframework.beans.factory.support.DefaultListableBeanFactory.resolveMultipleBeanCollection(DefaultListableBeanFactory.java:1543)
	at org.springframework.beans.factory.support.DefaultListableBeanFactory.resolveMultipleBeans(DefaultListableBeanFactory.java:1511)
	at org.springframework.beans.factory.support.DefaultListableBeanFactory.doResolveDependency(DefaultListableBeanFactory.java:1392)
	at org.springframework.beans.factory.support.DefaultListableBeanFactory.resolveDependency(DefaultListableBeanFactory.java:1353)
	at org.springframework.beans.factory.support.ConstructorResolver.resolveAutowiredArgument(ConstructorResolver.java:904)
	at org.springframework.beans.factory.support.ConstructorResolver.createArgumentArray(ConstructorResolver.java:782)
	... 38 common frames omitted
Caused by: org.springframework.beans.factory.UnsatisfiedDependencyException: Error creating bean with name 'ragServiceImpl' defined in URL [jar:nested:/Users/h3rtz/Desktop/ai-review-assistant/target/ai-review-assistant-0.0.1-SNAPSHOT.jar/!BOOT-INF/classes/!/com/aiservice/aireviewassistant/service/impl/RagServiceImpl.class]: Unsatisfied dependency expressed through constructor parameter 1: Error creating bean with name 'vectorStore' defined in class path resource [com/aiservice/aireviewassistant/config/VectorStoreConfig.class]: Failed to obtain JDBC Connection
	at org.springframework.beans.factory.support.ConstructorResolver.createArgumentArray(ConstructorResolver.java:795)
	at org.springframework.beans.factory.support.ConstructorResolver.autowireConstructor(ConstructorResolver.java:237)
	at org.springframework.beans.factory.support.AbstractAutowireCapableBeanFactory.autowireConstructor(AbstractAutowireCapableBeanFactory.java:1375)
	at org.springframework.beans.factory.support.AbstractAutowireCapableBeanFactory.createBeanInstance(AbstractAutowireCapableBeanFactory.java:1212)
	at org.springframework.beans.factory.support.AbstractAutowireCapableBeanFactory.doCreateBean(AbstractAutowireCapableBeanFactory.java:562)
	at org.springframework.beans.factory.support.AbstractAutowireCapableBeanFactory.createBean(AbstractAutowireCapableBeanFactory.java:522)
	at org.springframework.beans.factory.support.AbstractBeanFactory.lambda$doGetBean$0(AbstractBeanFactory.java:337)
	at org.springframework.beans.factory.support.DefaultSingletonBeanRegistry.getSingleton(DefaultSingletonBeanRegistry.java:234)
	at org.springframework.beans.factory.support.AbstractBeanFactory.doGetBean(AbstractBeanFactory.java:335)
	at org.springframework.beans.factory.support.AbstractBeanFactory.getBean(AbstractBeanFactory.java:200)
	at org.springframework.beans.factory.config.DependencyDescriptor.resolveCandidate(DependencyDescriptor.java:254)
	at org.springframework.beans.factory.support.DefaultListableBeanFactory.doResolveDependency(DefaultListableBeanFactory.java:1443)
	at org.springframework.beans.factory.support.DefaultListableBeanFactory.resolveDependency(DefaultListableBeanFactory.java:1353)
	at org.springframework.beans.factory.support.ConstructorResolver.resolveAutowiredArgument(ConstructorResolver.java:904)
	at org.springframework.beans.factory.support.ConstructorResolver.createArgumentArray(ConstructorResolver.java:782)
	... 56 common frames omitted
Caused by: org.springframework.beans.factory.BeanCreationException: Error creating bean with name 'vectorStore' defined in class path resource [com/aiservice/aireviewassistant/config/VectorStoreConfig.class]: Failed to obtain JDBC Connection
	at org.springframework.beans.factory.support.AbstractAutowireCapableBeanFactory.initializeBean(AbstractAutowireCapableBeanFactory.java:1806)
	at org.springframework.beans.factory.support.AbstractAutowireCapableBeanFactory.doCreateBean(AbstractAutowireCapableBeanFactory.java:600)
	at org.springframework.beans.factory.support.AbstractAutowireCapableBeanFactory.createBean(AbstractAutowireCapableBeanFactory.java:522)
	at org.springframework.beans.factory.support.AbstractBeanFactory.lambda$doGetBean$0(AbstractBeanFactory.java:337)
	at org.springframework.beans.factory.support.DefaultSingletonBeanRegistry.getSingleton(DefaultSingletonBeanRegistry.java:234)
	at org.springframework.beans.factory.support.AbstractBeanFactory.doGetBean(AbstractBeanFactory.java:335)
	at org.springframework.beans.factory.support.AbstractBeanFactory.getBean(AbstractBeanFactory.java:200)
	at org.springframework.beans.factory.config.DependencyDescriptor.resolveCandidate(DependencyDescriptor.java:254)
	at org.springframework.beans.factory.support.DefaultListableBeanFactory.doResolveDependency(DefaultListableBeanFactory.java:1443)
	at org.springframework.beans.factory.support.DefaultListableBeanFactory.resolveDependency(DefaultListableBeanFactory.java:1353)
	at org.springframework.beans.factory.support.ConstructorResolver.resolveAutowiredArgument(ConstructorResolver.java:904)
	at org.springframework.beans.factory.support.ConstructorResolver.createArgumentArray(ConstructorResolver.java:782)
	... 70 common frames omitted
Caused by: org.springframework.jdbc.CannotGetJdbcConnectionException: Failed to obtain JDBC Connection
	at org.springframework.jdbc.datasource.DataSourceUtils.getConnection(DataSourceUtils.java:84)
	at org.springframework.jdbc.core.JdbcTemplate.execute(JdbcTemplate.java:388)
	at org.springframework.jdbc.core.JdbcTemplate.execute(JdbcTemplate.java:444)
	at org.springframework.ai.vectorstore.pgvector.PgVectorStore.afterPropertiesSet(PgVectorStore.java:421)
	at org.springframework.beans.factory.support.AbstractAutowireCapableBeanFactory.invokeInitMethods(AbstractAutowireCapableBeanFactory.java:1853)
	at org.springframework.beans.factory.support.AbstractAutowireCapableBeanFactory.initializeBean(AbstractAutowireCapableBeanFactory.java:1802)
	... 81 common frames omitted
Caused by: org.postgresql.util.PSQLException: FATAL: password authentication failed for user "postgres"
	at org.postgresql.core.v3.ConnectionFactoryImpl.doAuthentication(ConnectionFactoryImpl.java:693)
	at org.postgresql.core.v3.ConnectionFactoryImpl.tryConnect(ConnectionFactoryImpl.java:203)
	at org.postgresql.core.v3.ConnectionFactoryImpl.openConnectionImpl(ConnectionFactoryImpl.java:258)
	at org.postgresql.core.ConnectionFactory.openConnection(ConnectionFactory.java:54)
	at org.postgresql.jdbc.PgConnection.<init>(PgConnection.java:263)
	at org.postgresql.Driver.makeConnection(Driver.java:443)
	at org.postgresql.Driver.connect(Driver.java:297)
	at com.zaxxer.hikari.util.DriverDataSource.getConnection(DriverDataSource.java:138)
	at com.zaxxer.hikari.pool.PoolBase.newConnection(PoolBase.java:359)
	at com.zaxxer.hikari.pool.PoolBase.newPoolEntry(PoolBase.java:201)
	at com.zaxxer.hikari.pool.HikariPool.createPoolEntry(HikariPool.java:470)
	at com.zaxxer.hikari.pool.HikariPool.checkFailFast(HikariPool.java:561)
	at com.zaxxer.hikari.pool.HikariPool.<init>(HikariPool.java:100)
	at com.zaxxer.hikari.HikariDataSource.getConnection(HikariDataSource.java:112)
	at org.springframework.jdbc.datasource.DataSourceUtils.fetchConnection(DataSourceUtils.java:160)
	at org.springframework.jdbc.datasource.DataSourceUtils.doGetConnection(DataSourceUtils.java:118)
	at org.springframework.jdbc.datasource.DataSourceUtils.getConnection(DataSourceUtils.java:81)
	... 86 common frames omitted
2026-09-11 20:32:55.125 [background-preinit] INFO  o.h.validator.internal.util.Version - HV000001: Hibernate Validator 8.0.1.Final
2026-09-11 20:32:55.200 [main] INFO  c.a.a.AiReviewAssistantApplication - Starting AiReviewAssistantApplication v0.0.1-SNAPSHOT using Java 22.0.1 with PID 26628 (/Users/h3rtz/Desktop/ai-review-assistant/target/ai-review-assistant-0.0.1-SNAPSHOT.jar started by h3rtz in /Users/h3rtz/Desktop/ai-review-assistant)
2026-09-11 20:32:55.200 [main] DEBUG c.a.a.AiReviewAssistantApplication - Running with Spring Boot v3.2.10, Spring v6.1.13
2026-09-11 20:32:55.201 [main] INFO  c.a.a.AiReviewAssistantApplication - No active profile set, falling back to 1 default profile: "default"
2026-09-11 20:32:56.849 [main] INFO  o.s.b.w.e.tomcat.TomcatWebServer - Tomcat initialized with port 8080 (http)
2026-09-11 20:32:56.857 [main] INFO  o.a.coyote.http11.Http11NioProtocol - Initializing ProtocolHandler ["http-nio-8080"]
2026-09-11 20:32:56.862 [main] INFO  o.a.catalina.core.StandardService - Starting service [Tomcat]
2026-09-11 20:32:56.862 [main] INFO  o.a.catalina.core.StandardEngine - Starting Servlet engine: [Apache Tomcat/10.1.30]
2026-09-11 20:32:56.884 [main] INFO  o.a.c.c.C.[Tomcat].[localhost].[/] - Initializing Spring embedded WebApplicationContext
2026-09-11 20:32:56.885 [main] INFO  o.s.b.w.s.c.ServletWebServerApplicationContext - Root WebApplicationContext: initialization completed in 1653 ms
2026-09-11 20:32:57.406 [main] INFO  o.s.a.v.pgvector.PgVectorStore - Using the vector table name: vector_store. Is empty: false
2026-09-11 20:32:57.408 [main] INFO  o.s.a.v.pgvector.PgVectorStore - Initializing PGVectorStore schema for table: vector_store in schema: public
2026-09-11 20:32:57.409 [main] INFO  o.s.a.v.pgvector.PgVectorStore - vectorTableValidationsEnabled false
2026-09-11 20:32:57.412 [main] INFO  com.zaxxer.hikari.HikariDataSource - HikariPool-1 - Starting...
2026-09-11 20:32:57.508 [main] INFO  com.zaxxer.hikari.pool.HikariPool - HikariPool-1 - Added connection org.postgresql.jdbc.PgConnection@2cac00e0
2026-09-11 20:32:57.509 [main] INFO  com.zaxxer.hikari.HikariDataSource - HikariPool-1 - Start completed.
2026-09-11 20:32:58.199 [main] WARN  o.s.b.a.s.s.UserDetailsServiceAutoConfiguration - 

Using generated security password: d7f0dd16-39ed-4ea6-882e-6eff19e224b3

This generated password is for development use only. Your security configuration must be updated before running your application in production.

2026-09-11 20:32:58.298 [main] INFO  o.s.b.a.w.s.WelcomePageHandlerMapping - Adding welcome page: class path resource [static/index.html]
2026-09-11 20:32:58.474 [main] INFO  o.s.b.a.e.web.EndpointLinksResolver - Exposing 4 endpoint(s) beneath base path '/actuator'
2026-09-11 20:32:58.530 [main] INFO  o.s.s.web.DefaultSecurityFilterChain - Will secure any request with [org.springframework.security.web.session.DisableEncodeUrlFilter@780fa845, org.springframework.security.web.context.request.async.WebAsyncManagerIntegrationFilter@439e894f, org.springframework.security.web.context.SecurityContextHolderFilter@1bc2adc7, org.springframework.security.web.header.HeaderWriterFilter@771c3860, org.springframework.security.web.authentication.logout.LogoutFilter@3f8b7737, com.aiservice.aireviewassistant.security.JwtAuthenticationFilter@68df3b85, org.springframework.security.web.savedrequest.RequestCacheAwareFilter@5528de92, org.springframework.security.web.servletapi.SecurityContextHolderAwareRequestFilter@5c2f35bb, org.springframework.security.web.authentication.AnonymousAuthenticationFilter@7799dc9a, org.springframework.security.web.session.SessionManagementFilter@513fef41, org.springframework.security.web.access.ExceptionTranslationFilter@24cfc5af, org.springframework.security.web.access.intercept.AuthorizationFilter@160eac5e]
2026-09-11 20:32:59.241 [main] ERROR i.n.r.d.DnsServerAddressStreamProviders - Unable to load io.netty.resolver.dns.macos.MacOSDnsServerAddressStreamProvider, fallback to system defaults. This may result in incorrect DNS resolutions on MacOS. Check whether you have a dependency on 'io.netty:netty-resolver-dns-native-macos'. Use DEBUG level to see the full stack: java.lang.UnsatisfiedLinkError: failed to load the required native library
2026-09-11 20:32:59.249 [main] INFO  o.a.coyote.http11.Http11NioProtocol - Starting ProtocolHandler ["http-nio-8080"]
2026-09-11 20:32:59.255 [main] INFO  o.s.b.w.e.tomcat.TomcatWebServer - Tomcat started on port 8080 (http) with context path ''
2026-09-11 20:32:59.271 [main] INFO  c.a.a.AiReviewAssistantApplication - Started AiReviewAssistantApplication in 4.524 seconds (process running for 4.925)
2026-09-11 20:32:59.417 [http-nio-8080-exec-1] INFO  o.a.c.c.C.[Tomcat].[localhost].[/] - Initializing Spring DispatcherServlet 'dispatcherServlet'
2026-09-11 20:32:59.418 [http-nio-8080-exec-1] INFO  o.s.web.servlet.DispatcherServlet - Initializing Servlet 'dispatcherServlet'
2026-09-11 20:32:59.418 [http-nio-8080-exec-1] INFO  o.s.web.servlet.DispatcherServlet - Completed initialization in 0 ms
2026-09-11 20:46:07.913 [http-nio-8080-exec-9] DEBUG c.a.a.m.AppUserMapper.selectList - ==>  Preparing: SELECT id,username,password,nickname,avatar,role,created_at,updated_at FROM app_user WHERE (username = ?)
2026-09-11 20:46:07.925 [http-nio-8080-exec-9] DEBUG c.a.a.m.AppUserMapper.selectList - ==> Parameters: admin(String)
2026-09-11 20:46:07.946 [http-nio-8080-exec-9] DEBUG c.a.a.m.AppUserMapper.selectList - <==      Total: 0
2026-09-11 20:46:08.035 [http-nio-8080-exec-9] DEBUG c.a.a.mapper.AppUserMapper.insert - ==>  Preparing: INSERT INTO app_user ( username, password, nickname, role, created_at, updated_at ) VALUES ( ?, ?, ?, ?, ?, ? )
2026-09-11 20:46:08.036 [http-nio-8080-exec-9] DEBUG c.a.a.mapper.AppUserMapper.insert - ==> Parameters: admin(String), $2a$10$qSE4.nDJEkJ14D/uP2hX3Ot2G/1/dMitlZePIol4LtdEq1vDVsotC(String), admin(String), USER(String), 2026-09-11T20:46:08.032116(LocalDateTime), 2026-09-11T20:46:08.032134(LocalDateTime)
2026-09-11 20:46:08.040 [http-nio-8080-exec-9] DEBUG c.a.a.mapper.AppUserMapper.insert - <==    Updates: 1
2026-09-11 20:46:09.464 [http-nio-8080-exec-2] DEBUG c.a.a.m.C.selectList - ==>  Preparing: SELECT id,title,user_id,course_id,created_at,updated_at FROM conversation WHERE (user_id = ?) ORDER BY updated_at DESC
2026-09-11 20:46:09.464 [http-nio-8080-exec-2] DEBUG c.a.a.m.C.selectList - ==> Parameters: 2(String)
2026-09-11 20:46:09.469 [http-nio-8080-exec-2] DEBUG c.a.a.m.C.selectList - <==      Total: 0
2026-09-11 20:46:20.614 [http-nio-8080-exec-9] DEBUG c.a.a.m.C.selectList - ==>  Preparing: SELECT id,title,user_id,course_id,created_at,updated_at FROM conversation ORDER BY updated_at DESC
2026-09-11 20:46:20.615 [http-nio-8080-exec-9] DEBUG c.a.a.m.C.selectList - ==> Parameters: 
2026-09-11 20:46:20.624 [http-nio-8080-exec-9] DEBUG c.a.a.m.C.selectList - <==      Total: 13
2026-09-11 20:48:49.055 [http-nio-8080-exec-9] DEBUG c.a.a.m.C.selectList - ==>  Preparing: SELECT id,title,user_id,course_id,created_at,updated_at FROM conversation ORDER BY updated_at DESC
2026-09-11 20:48:49.056 [http-nio-8080-exec-9] DEBUG c.a.a.m.C.selectList - ==> Parameters: 
2026-09-11 20:48:49.059 [http-nio-8080-exec-9] DEBUG c.a.a.m.C.selectList - <==      Total: 12
2026-09-11 20:59:59.576 [background-preinit] INFO  o.h.validator.internal.util.Version - HV000001: Hibernate Validator 8.0.1.Final
2026-09-11 20:59:59.649 [main] INFO  c.a.a.AiReviewAssistantApplication - Starting AiReviewAssistantApplication v0.0.1-SNAPSHOT using Java 22.0.1 with PID 33062 (/Users/h3rtz/Desktop/ai-review-assistant/target/ai-review-assistant-0.0.1-SNAPSHOT.jar started by h3rtz in /Users/h3rtz/Desktop/ai-review-assistant)
2026-09-11 20:59:59.649 [main] DEBUG c.a.a.AiReviewAssistantApplication - Running with Spring Boot v3.2.10, Spring v6.1.13
2026-09-11 20:59:59.649 [main] INFO  c.a.a.AiReviewAssistantApplication - No active profile set, falling back to 1 default profile: "default"
2026-09-11 21:00:01.152 [main] INFO  o.s.b.w.e.tomcat.TomcatWebServer - Tomcat initialized with port 8080 (http)
2026-09-11 21:00:01.159 [main] INFO  o.a.coyote.http11.Http11NioProtocol - Initializing ProtocolHandler ["http-nio-8080"]
2026-09-11 21:00:01.161 [main] INFO  o.a.catalina.core.StandardService - Starting service [Tomcat]
2026-09-11 21:00:01.161 [main] INFO  o.a.catalina.core.StandardEngine - Starting Servlet engine: [Apache Tomcat/10.1.30]
2026-09-11 21:00:01.179 [main] INFO  o.a.c.c.C.[Tomcat].[localhost].[/] - Initializing Spring embedded WebApplicationContext
2026-09-11 21:00:01.180 [main] INFO  o.s.b.w.s.c.ServletWebServerApplicationContext - Root WebApplicationContext: initialization completed in 1503 ms
2026-09-11 21:00:01.658 [main] INFO  o.s.a.v.pgvector.PgVectorStore - Using the vector table name: vector_store. Is empty: false
2026-09-11 21:00:01.660 [main] INFO  o.s.a.v.pgvector.PgVectorStore - Initializing PGVectorStore schema for table: vector_store in schema: public
2026-09-11 21:00:01.660 [main] INFO  o.s.a.v.pgvector.PgVectorStore - vectorTableValidationsEnabled false
2026-09-11 21:00:01.662 [main] INFO  com.zaxxer.hikari.HikariDataSource - HikariPool-1 - Starting...
2026-09-11 21:00:01.752 [main] INFO  com.zaxxer.hikari.pool.HikariPool - HikariPool-1 - Added connection org.postgresql.jdbc.PgConnection@1757e5d8
2026-09-11 21:00:01.753 [main] INFO  com.zaxxer.hikari.HikariDataSource - HikariPool-1 - Start completed.
2026-09-11 21:00:02.411 [main] WARN  o.s.b.a.s.s.UserDetailsServiceAutoConfiguration - 

Using generated security password: 0227eb5c-41da-4f67-8751-71ba2c204da5

This generated password is for development use only. Your security configuration must be updated before running your application in production.

2026-09-11 21:00:02.509 [main] INFO  o.s.b.a.w.s.WelcomePageHandlerMapping - Adding welcome page: class path resource [static/index.html]
2026-09-11 21:00:02.675 [main] INFO  o.s.b.a.e.web.EndpointLinksResolver - Exposing 4 endpoint(s) beneath base path '/actuator'
2026-09-11 21:00:02.725 [main] INFO  o.s.s.web.DefaultSecurityFilterChain - Will secure any request with [org.springframework.security.web.session.DisableEncodeUrlFilter@501b389b, org.springframework.security.web.context.request.async.WebAsyncManagerIntegrationFilter@64063b7a, org.springframework.security.web.context.SecurityContextHolderFilter@6ea7e4e5, org.springframework.security.web.header.HeaderWriterFilter@7c75daad, org.springframework.security.web.authentication.logout.LogoutFilter@7813cd23, com.aiservice.aireviewassistant.security.JwtAuthenticationFilter@6c628491, org.springframework.security.web.savedrequest.RequestCacheAwareFilter@1aac1c2a, org.springframework.security.web.servletapi.SecurityContextHolderAwareRequestFilter@51fc5eba, org.springframework.security.web.authentication.AnonymousAuthenticationFilter@28154c71, org.springframework.security.web.session.SessionManagementFilter@339486ff, org.springframework.security.web.access.ExceptionTranslationFilter@27fd6916, org.springframework.security.web.access.intercept.AuthorizationFilter@4752881]
2026-09-11 21:00:03.414 [main] ERROR i.n.r.d.DnsServerAddressStreamProviders - Unable to load io.netty.resolver.dns.macos.MacOSDnsServerAddressStreamProvider, fallback to system defaults. This may result in incorrect DNS resolutions on MacOS. Check whether you have a dependency on 'io.netty:netty-resolver-dns-native-macos'. Use DEBUG level to see the full stack: java.lang.UnsatisfiedLinkError: failed to load the required native library
2026-09-11 21:00:03.421 [main] INFO  o.a.coyote.http11.Http11NioProtocol - Starting ProtocolHandler ["http-nio-8080"]
2026-09-11 21:00:03.426 [main] INFO  o.s.b.w.e.tomcat.TomcatWebServer - Tomcat started on port 8080 (http) with context path ''
2026-09-11 21:00:03.441 [main] INFO  c.a.a.AiReviewAssistantApplication - Started AiReviewAssistantApplication in 4.199 seconds (process running for 4.584)
2026-09-11 21:00:03.997 [http-nio-8080-exec-1] INFO  o.a.c.c.C.[Tomcat].[localhost].[/] - Initializing Spring DispatcherServlet 'dispatcherServlet'
2026-09-11 21:00:03.998 [http-nio-8080-exec-1] INFO  o.s.web.servlet.DispatcherServlet - Initializing Servlet 'dispatcherServlet'
2026-09-11 21:00:03.998 [http-nio-8080-exec-1] INFO  o.s.web.servlet.DispatcherServlet - Completed initialization in 0 ms
2026-09-11 21:01:58.858 [SpringApplicationShutdownHook] INFO  com.zaxxer.hikari.HikariDataSource - HikariPool-1 - Shutdown initiated...
2026-09-11 21:01:58.865 [SpringApplicationShutdownHook] INFO  com.zaxxer.hikari.HikariDataSource - HikariPool-1 - Shutdown completed.
2026-09-11 21:02:01.573 [background-preinit] INFO  o.h.validator.internal.util.Version - HV000001: Hibernate Validator 8.0.1.Final
2026-09-11 21:02:01.634 [main] INFO  c.a.a.AiReviewAssistantApplication - Starting AiReviewAssistantApplication v0.0.1-SNAPSHOT using Java 22.0.1 with PID 33681 (/Users/h3rtz/Desktop/ai-review-assistant/target/ai-review-assistant-0.0.1-SNAPSHOT.jar started by h3rtz in /Users/h3rtz/Desktop/ai-review-assistant)
2026-09-11 21:02:01.635 [main] DEBUG c.a.a.AiReviewAssistantApplication - Running with Spring Boot v3.2.10, Spring v6.1.13
2026-09-11 21:02:01.635 [main] INFO  c.a.a.AiReviewAssistantApplication - No active profile set, falling back to 1 default profile: "default"
2026-09-11 21:02:03.014 [main] INFO  o.s.b.w.e.tomcat.TomcatWebServer - Tomcat initialized with port 8080 (http)
2026-09-11 21:02:03.020 [main] INFO  o.a.coyote.http11.Http11NioProtocol - Initializing ProtocolHandler ["http-nio-8080"]
2026-09-11 21:02:03.022 [main] INFO  o.a.catalina.core.StandardService - Starting service [Tomcat]
2026-09-11 21:02:03.022 [main] INFO  o.a.catalina.core.StandardEngine - Starting Servlet engine: [Apache Tomcat/10.1.30]
2026-09-11 21:02:03.038 [main] INFO  o.a.c.c.C.[Tomcat].[localhost].[/] - Initializing Spring embedded WebApplicationContext
2026-09-11 21:02:03.039 [main] INFO  o.s.b.w.s.c.ServletWebServerApplicationContext - Root WebApplicationContext: initialization completed in 1378 ms
2026-09-11 21:02:03.489 [main] INFO  o.s.a.v.pgvector.PgVectorStore - Using the vector table name: vector_store. Is empty: false
2026-09-11 21:02:03.491 [main] INFO  o.s.a.v.pgvector.PgVectorStore - Initializing PGVectorStore schema for table: vector_store in schema: public
2026-09-11 21:02:03.491 [main] INFO  o.s.a.v.pgvector.PgVectorStore - vectorTableValidationsEnabled false
2026-09-11 21:02:03.494 [main] INFO  com.zaxxer.hikari.HikariDataSource - HikariPool-1 - Starting...
2026-09-11 21:02:03.569 [main] INFO  com.zaxxer.hikari.pool.HikariPool - HikariPool-1 - Added connection org.postgresql.jdbc.PgConnection@466564cf
2026-09-11 21:02:03.570 [main] INFO  com.zaxxer.hikari.HikariDataSource - HikariPool-1 - Start completed.
2026-09-11 21:02:04.182 [main] WARN  o.s.b.a.s.s.UserDetailsServiceAutoConfiguration - 

Using generated security password: 4206d998-5900-45b6-bcba-df2c4ff8d2be

This generated password is for development use only. Your security configuration must be updated before running your application in production.

2026-09-11 21:02:04.263 [main] INFO  o.s.b.a.w.s.WelcomePageHandlerMapping - Adding welcome page: class path resource [static/index.html]
2026-09-11 21:02:04.404 [main] INFO  o.s.b.a.e.web.EndpointLinksResolver - Exposing 4 endpoint(s) beneath base path '/actuator'
2026-09-11 21:02:04.449 [main] INFO  o.s.s.web.DefaultSecurityFilterChain - Will secure any request with [org.springframework.security.web.session.DisableEncodeUrlFilter@7d07269a, org.springframework.security.web.context.request.async.WebAsyncManagerIntegrationFilter@501b389b, org.springframework.security.web.context.SecurityContextHolderFilter@786e1cb0, org.springframework.security.web.header.HeaderWriterFilter@447c814a, org.springframework.security.web.authentication.logout.LogoutFilter@61d78545, com.aiservice.aireviewassistant.security.JwtAuthenticationFilter@64063b7a, org.springframework.security.web.savedrequest.RequestCacheAwareFilter@4bfd597c, org.springframework.security.web.servletapi.SecurityContextHolderAwareRequestFilter@160b97dc, org.springframework.security.web.authentication.AnonymousAuthenticationFilter@6c628491, org.springframework.security.web.session.SessionManagementFilter@444dcee2, org.springframework.security.web.access.ExceptionTranslationFilter@1b500a1, org.springframework.security.web.access.intercept.AuthorizationFilter@6023c97d]
2026-09-11 21:02:05.048 [main] ERROR i.n.r.d.DnsServerAddressStreamProviders - Unable to load io.netty.resolver.dns.macos.MacOSDnsServerAddressStreamProvider, fallback to system defaults. This may result in incorrect DNS resolutions on MacOS. Check whether you have a dependency on 'io.netty:netty-resolver-dns-native-macos'. Use DEBUG level to see the full stack: java.lang.UnsatisfiedLinkError: failed to load the required native library
2026-09-11 21:02:05.054 [main] INFO  o.a.coyote.http11.Http11NioProtocol - Starting ProtocolHandler ["http-nio-8080"]
2026-09-11 21:02:05.060 [main] INFO  o.s.b.w.e.tomcat.TomcatWebServer - Tomcat started on port 8080 (http) with context path ''
2026-09-11 21:02:05.074 [main] INFO  c.a.a.AiReviewAssistantApplication - Started AiReviewAssistantApplication in 3.786 seconds (process running for 4.076)
2026-09-11 21:02:06.126 [http-nio-8080-exec-1] INFO  o.a.c.c.C.[Tomcat].[localhost].[/] - Initializing Spring DispatcherServlet 'dispatcherServlet'
2026-09-11 21:02:06.127 [http-nio-8080-exec-1] INFO  o.s.web.servlet.DispatcherServlet - Initializing Servlet 'dispatcherServlet'
2026-09-11 21:02:06.128 [http-nio-8080-exec-1] INFO  o.s.web.servlet.DispatcherServlet - Completed initialization in 1 ms
2026-09-11 21:02:14.059 [http-nio-8080-exec-5] DEBUG c.a.a.m.C.selectList - ==>  Preparing: SELECT id,title,user_id,course_id,created_at,updated_at FROM conversation ORDER BY updated_at DESC
2026-09-11 21:02:14.068 [http-nio-8080-exec-5] DEBUG c.a.a.m.C.selectList - ==> Parameters: 
2026-09-11 21:02:14.088 [http-nio-8080-exec-5] DEBUG c.a.a.m.C.selectList - <==      Total: 12
2026-09-11 21:02:20.341 [http-nio-8080-exec-8] DEBUG c.a.a.m.AppUserMapper.selectList - ==>  Preparing: SELECT id,username,password,nickname,avatar,role,created_at,updated_at FROM app_user WHERE (username = ?)
2026-09-11 21:02:20.343 [http-nio-8080-exec-8] DEBUG c.a.a.m.AppUserMapper.selectList - ==> Parameters: admin(String)
2026-09-11 21:02:20.347 [http-nio-8080-exec-8] DEBUG c.a.a.m.AppUserMapper.selectList - <==      Total: 1
2026-09-11 21:02:20.822 [http-nio-8080-exec-1] DEBUG c.a.a.m.C.selectList - ==>  Preparing: SELECT id,title,user_id,course_id,created_at,updated_at FROM conversation WHERE (user_id = ?) ORDER BY updated_at DESC
2026-09-11 21:02:20.822 [http-nio-8080-exec-1] DEBUG c.a.a.m.C.selectList - ==> Parameters: 2(String)
2026-09-11 21:02:20.824 [http-nio-8080-exec-1] DEBUG c.a.a.m.C.selectList - <==      Total: 0
2026-09-11 21:02:23.781 [http-nio-8080-exec-2] DEBUG c.a.a.m.C.selectList - ==>  Preparing: SELECT id,title,user_id,course_id,created_at,updated_at FROM conversation WHERE (user_id = ?) ORDER BY updated_at DESC
2026-09-11 21:02:23.782 [http-nio-8080-exec-2] DEBUG c.a.a.m.C.selectList - ==> Parameters: 2(String)
2026-09-11 21:02:23.783 [http-nio-8080-exec-2] DEBUG c.a.a.m.C.selectList - <==      Total: 0
2026-09-11 21:02:25.181 [http-nio-8080-exec-3] DEBUG c.a.a.m.C.selectList - ==>  Preparing: SELECT id,title,user_id,course_id,created_at,updated_at FROM conversation WHERE (user_id = ?) ORDER BY updated_at DESC
2026-09-11 21:02:25.181 [http-nio-8080-exec-3] DEBUG c.a.a.m.C.selectList - ==> Parameters: 2(String)
2026-09-11 21:02:25.183 [http-nio-8080-exec-3] DEBUG c.a.a.m.C.selectList - <==      Total: 0
2026-09-11 21:02:28.632 [http-nio-8080-exec-4] DEBUG c.a.a.m.C.selectList - ==>  Preparing: SELECT id,title,user_id,course_id,created_at,updated_at FROM conversation WHERE (user_id = ?) ORDER BY updated_at DESC
2026-09-11 21:02:28.634 [http-nio-8080-exec-4] DEBUG c.a.a.m.C.selectList - ==> Parameters: 2(String)
2026-09-11 21:02:28.636 [http-nio-8080-exec-4] DEBUG c.a.a.m.C.selectList - <==      Total: 0
2026-09-11 21:02:30.516 [http-nio-8080-exec-6] DEBUG c.a.a.m.C.selectList - ==>  Preparing: SELECT id,title,user_id,course_id,created_at,updated_at FROM conversation WHERE (user_id = ?) ORDER BY updated_at DESC
2026-09-11 21:02:30.517 [http-nio-8080-exec-6] DEBUG c.a.a.m.C.selectList - ==> Parameters: 2(String)
2026-09-11 21:02:30.519 [http-nio-8080-exec-6] DEBUG c.a.a.m.C.selectList - <==      Total: 0
2026-09-11 21:04:03.816 [background-preinit] INFO  o.h.validator.internal.util.Version - HV000001: Hibernate Validator 8.0.1.Final
2026-09-11 21:04:03.885 [main] INFO  c.a.a.AiReviewAssistantApplication - Starting AiReviewAssistantApplication v0.0.1-SNAPSHOT using Java 22.0.1 with PID 34381 (/Users/h3rtz/Desktop/ai-review-assistant/target/ai-review-assistant-0.0.1-SNAPSHOT.jar started by h3rtz in /Users/h3rtz/Desktop/ai-review-assistant)
2026-09-11 21:04:03.886 [main] DEBUG c.a.a.AiReviewAssistantApplication - Running with Spring Boot v3.2.10, Spring v6.1.13
2026-09-11 21:04:03.886 [main] INFO  c.a.a.AiReviewAssistantApplication - No active profile set, falling back to 1 default profile: "default"
2026-09-11 21:04:05.462 [main] INFO  o.s.b.w.e.tomcat.TomcatWebServer - Tomcat initialized with port 8080 (http)
2026-09-11 21:04:05.469 [main] INFO  o.a.coyote.http11.Http11NioProtocol - Initializing ProtocolHandler ["http-nio-8080"]
2026-09-11 21:04:05.471 [main] INFO  o.a.catalina.core.StandardService - Starting service [Tomcat]
2026-09-11 21:04:05.471 [main] INFO  o.a.catalina.core.StandardEngine - Starting Servlet engine: [Apache Tomcat/10.1.30]
2026-09-11 21:04:05.490 [main] INFO  o.a.c.c.C.[Tomcat].[localhost].[/] - Initializing Spring embedded WebApplicationContext
2026-09-11 21:04:05.491 [main] INFO  o.s.b.w.s.c.ServletWebServerApplicationContext - Root WebApplicationContext: initialization completed in 1576 ms
2026-09-11 21:04:05.993 [main] INFO  o.s.a.v.pgvector.PgVectorStore - Using the vector table name: vector_store. Is empty: false
2026-09-11 21:04:05.995 [main] INFO  o.s.a.v.pgvector.PgVectorStore - Initializing PGVectorStore schema for table: vector_store in schema: public
2026-09-11 21:04:05.995 [main] INFO  o.s.a.v.pgvector.PgVectorStore - vectorTableValidationsEnabled false
2026-09-11 21:04:05.998 [main] INFO  com.zaxxer.hikari.HikariDataSource - HikariPool-1 - Starting...
2026-09-11 21:04:06.080 [main] INFO  com.zaxxer.hikari.pool.HikariPool - HikariPool-1 - Added connection org.postgresql.jdbc.PgConnection@3838ac01
2026-09-11 21:04:06.081 [main] INFO  com.zaxxer.hikari.HikariDataSource - HikariPool-1 - Start completed.
2026-09-11 21:04:06.756 [main] WARN  o.s.b.a.s.s.UserDetailsServiceAutoConfiguration - 

Using generated security password: ec30d65c-cd74-4c77-890c-513e5b5bb20a

This generated password is for development use only. Your security configuration must be updated before running your application in production.

2026-09-11 21:04:06.854 [main] INFO  o.s.b.a.w.s.WelcomePageHandlerMapping - Adding welcome page: class path resource [static/index.html]
2026-09-11 21:04:07.029 [main] INFO  o.s.b.a.e.web.EndpointLinksResolver - Exposing 4 endpoint(s) beneath base path '/actuator'
2026-09-11 21:04:07.083 [main] INFO  o.s.s.web.DefaultSecurityFilterChain - Will secure any request with [org.springframework.security.web.session.DisableEncodeUrlFilter@54202c68, org.springframework.security.web.context.request.async.WebAsyncManagerIntegrationFilter@6d64477a, org.springframework.security.web.context.SecurityContextHolderFilter@67da20f2, org.springframework.security.web.header.HeaderWriterFilter@43fe562f, org.springframework.security.web.authentication.logout.LogoutFilter@3917fb4, com.aiservice.aireviewassistant.security.JwtAuthenticationFilter@17b29915, org.springframework.security.web.savedrequest.RequestCacheAwareFilter@5e76451c, org.springframework.security.web.servletapi.SecurityContextHolderAwareRequestFilter@73ffde5e, org.springframework.security.web.authentication.AnonymousAuthenticationFilter@4376efdf, org.springframework.security.web.session.SessionManagementFilter@2878298b, org.springframework.security.web.access.ExceptionTranslationFilter@771c3860, org.springframework.security.web.access.intercept.AuthorizationFilter@68df3b85]
2026-09-11 21:04:07.800 [main] ERROR i.n.r.d.DnsServerAddressStreamProviders - Unable to load io.netty.resolver.dns.macos.MacOSDnsServerAddressStreamProvider, fallback to system defaults. This may result in incorrect DNS resolutions on MacOS. Check whether you have a dependency on 'io.netty:netty-resolver-dns-native-macos'. Use DEBUG level to see the full stack: java.lang.UnsatisfiedLinkError: failed to load the required native library
2026-09-11 21:04:07.807 [main] INFO  o.a.coyote.http11.Http11NioProtocol - Starting ProtocolHandler ["http-nio-8080"]
2026-09-11 21:04:07.814 [main] INFO  o.s.b.w.e.tomcat.TomcatWebServer - Tomcat started on port 8080 (http) with context path ''
2026-09-11 21:04:07.839 [main] INFO  c.a.a.AiReviewAssistantApplication - Started AiReviewAssistantApplication in 4.344 seconds (process running for 4.647)
2026-09-11 21:04:08.323 [http-nio-8080-exec-1] INFO  o.a.c.c.C.[Tomcat].[localhost].[/] - Initializing Spring DispatcherServlet 'dispatcherServlet'
2026-09-11 21:04:08.323 [http-nio-8080-exec-1] INFO  o.s.web.servlet.DispatcherServlet - Initializing Servlet 'dispatcherServlet'
2026-09-11 21:04:08.324 [http-nio-8080-exec-1] INFO  o.s.web.servlet.DispatcherServlet - Completed initialization in 1 ms
2026-09-11 21:06:48.385 [SpringApplicationShutdownHook] INFO  com.zaxxer.hikari.HikariDataSource - HikariPool-1 - Shutdown initiated...
2026-09-11 21:06:48.391 [SpringApplicationShutdownHook] INFO  com.zaxxer.hikari.HikariDataSource - HikariPool-1 - Shutdown completed.
2026-09-11 21:06:51.125 [background-preinit] INFO  o.h.validator.internal.util.Version - HV000001: Hibernate Validator 8.0.1.Final
2026-09-11 21:06:51.184 [main] INFO  c.a.a.AiReviewAssistantApplication - Starting AiReviewAssistantApplication v0.0.1-SNAPSHOT using Java 22.0.1 with PID 35034 (/Users/h3rtz/Desktop/ai-review-assistant/target/ai-review-assistant-0.0.1-SNAPSHOT.jar started by h3rtz in /Users/h3rtz/Desktop/ai-review-assistant)
2026-09-11 21:06:51.185 [main] DEBUG c.a.a.AiReviewAssistantApplication - Running with Spring Boot v3.2.10, Spring v6.1.13
2026-09-11 21:06:51.185 [main] INFO  c.a.a.AiReviewAssistantApplication - No active profile set, falling back to 1 default profile: "default"
2026-09-11 21:06:52.517 [main] INFO  o.s.b.w.e.tomcat.TomcatWebServer - Tomcat initialized with port 8080 (http)
2026-09-11 21:06:52.522 [main] INFO  o.a.coyote.http11.Http11NioProtocol - Initializing ProtocolHandler ["http-nio-8080"]
2026-09-11 21:06:52.524 [main] INFO  o.a.catalina.core.StandardService - Starting service [Tomcat]
2026-09-11 21:06:52.524 [main] INFO  o.a.catalina.core.StandardEngine - Starting Servlet engine: [Apache Tomcat/10.1.30]
2026-09-11 21:06:52.540 [main] INFO  o.a.c.c.C.[Tomcat].[localhost].[/] - Initializing Spring embedded WebApplicationContext
2026-09-11 21:06:52.540 [main] INFO  o.s.b.w.s.c.ServletWebServerApplicationContext - Root WebApplicationContext: initialization completed in 1332 ms
2026-09-11 21:06:52.999 [main] INFO  o.s.a.v.pgvector.PgVectorStore - Using the vector table name: vector_store. Is empty: false
2026-09-11 21:06:53.001 [main] INFO  o.s.a.v.pgvector.PgVectorStore - Initializing PGVectorStore schema for table: vector_store in schema: public
2026-09-11 21:06:53.001 [main] INFO  o.s.a.v.pgvector.PgVectorStore - vectorTableValidationsEnabled false
2026-09-11 21:06:53.004 [main] INFO  com.zaxxer.hikari.HikariDataSource - HikariPool-1 - Starting...
2026-09-11 21:06:53.071 [main] INFO  com.zaxxer.hikari.pool.HikariPool - HikariPool-1 - Added connection org.postgresql.jdbc.PgConnection@1202fbc
2026-09-11 21:06:53.072 [main] INFO  com.zaxxer.hikari.HikariDataSource - HikariPool-1 - Start completed.
2026-09-11 21:06:53.652 [main] WARN  o.s.b.a.s.s.UserDetailsServiceAutoConfiguration - 

Using generated security password: 27a2cf0f-0d51-4678-898f-7ad4b34fb9f8

This generated password is for development use only. Your security configuration must be updated before running your application in production.

2026-09-11 21:06:53.736 [main] INFO  o.s.b.a.w.s.WelcomePageHandlerMapping - Adding welcome page: class path resource [static/index.html]
2026-09-11 21:06:53.873 [main] INFO  o.s.b.a.e.web.EndpointLinksResolver - Exposing 4 endpoint(s) beneath base path '/actuator'
2026-09-11 21:06:53.921 [main] INFO  o.s.s.web.DefaultSecurityFilterChain - Will secure any request with [org.springframework.security.web.session.DisableEncodeUrlFilter@52e93696, org.springframework.security.web.context.request.async.WebAsyncManagerIntegrationFilter@7b1125b7, org.springframework.security.web.context.SecurityContextHolderFilter@3fa0984a, org.springframework.security.web.header.HeaderWriterFilter@34597975, org.springframework.security.web.authentication.logout.LogoutFilter@61c1da5e, com.aiservice.aireviewassistant.security.JwtAuthenticationFilter@440e4313, org.springframework.security.web.savedrequest.RequestCacheAwareFilter@1ef5822e, org.springframework.security.web.servletapi.SecurityContextHolderAwareRequestFilter@4bfd597c, org.springframework.security.web.authentication.AnonymousAuthenticationFilter@3f8b7737, org.springframework.security.web.session.SessionManagementFilter@2041d957, org.springframework.security.web.access.ExceptionTranslationFilter@2e2bf46d, org.springframework.security.web.access.intercept.AuthorizationFilter@7e670cb8]
2026-09-11 21:06:54.496 [main] ERROR i.n.r.d.DnsServerAddressStreamProviders - Unable to load io.netty.resolver.dns.macos.MacOSDnsServerAddressStreamProvider, fallback to system defaults. This may result in incorrect DNS resolutions on MacOS. Check whether you have a dependency on 'io.netty:netty-resolver-dns-native-macos'. Use DEBUG level to see the full stack: java.lang.UnsatisfiedLinkError: failed to load the required native library
2026-09-11 21:06:54.503 [main] INFO  o.a.coyote.http11.Http11NioProtocol - Starting ProtocolHandler ["http-nio-8080"]
2026-09-11 21:06:54.509 [main] INFO  o.s.b.w.e.tomcat.TomcatWebServer - Tomcat started on port 8080 (http) with context path ''
2026-09-11 21:06:54.524 [main] INFO  c.a.a.AiReviewAssistantApplication - Started AiReviewAssistantApplication in 3.678 seconds (process running for 4.004)
2026-09-11 21:06:54.599 [http-nio-8080-exec-1] INFO  o.a.c.c.C.[Tomcat].[localhost].[/] - Initializing Spring DispatcherServlet 'dispatcherServlet'
2026-09-11 21:06:54.599 [http-nio-8080-exec-1] INFO  o.s.web.servlet.DispatcherServlet - Initializing Servlet 'dispatcherServlet'
2026-09-11 21:06:54.600 [http-nio-8080-exec-1] INFO  o.s.web.servlet.DispatcherServlet - Completed initialization in 1 ms
2026-09-11 21:08:16.689 [http-nio-8080-exec-4] DEBUG c.a.a.m.C.selectList - ==>  Preparing: SELECT id,title,user_id,course_id,created_at,updated_at FROM conversation WHERE (user_id = ?) ORDER BY updated_at DESC
2026-09-11 21:08:16.699 [http-nio-8080-exec-4] DEBUG c.a.a.m.C.selectList - ==> Parameters: 2(String)
2026-09-11 21:08:16.712 [http-nio-8080-exec-4] DEBUG c.a.a.m.C.selectList - <==      Total: 0
2026-09-11 21:08:22.895 [http-nio-8080-exec-6] DEBUG c.a.a.m.AppUserMapper.selectList - ==>  Preparing: SELECT id,username,password,nickname,avatar,role,created_at,updated_at FROM app_user WHERE (username = ?)
2026-09-11 21:08:22.896 [http-nio-8080-exec-6] DEBUG c.a.a.m.AppUserMapper.selectList - ==> Parameters: admin(String)
2026-09-11 21:08:22.900 [http-nio-8080-exec-6] DEBUG c.a.a.m.AppUserMapper.selectList - <==      Total: 1
2026-09-11 21:08:23.229 [http-nio-8080-exec-10] DEBUG c.a.a.m.C.selectList - ==>  Preparing: SELECT id,title,user_id,course_id,created_at,updated_at FROM conversation WHERE (user_id = ?) ORDER BY updated_at DESC
2026-09-11 21:08:23.229 [http-nio-8080-exec-10] DEBUG c.a.a.m.C.selectList - ==> Parameters: 2(String)
2026-09-11 21:08:23.232 [http-nio-8080-exec-10] DEBUG c.a.a.m.C.selectList - <==      Total: 0
2026-09-11 21:10:55.741 [background-preinit] INFO  o.h.validator.internal.util.Version - HV000001: Hibernate Validator 8.0.1.Final
2026-09-11 21:10:55.805 [main] INFO  c.a.a.AiReviewAssistantApplication - Starting AiReviewAssistantApplication v0.0.1-SNAPSHOT using Java 22.0.1 with PID 36123 (/Users/h3rtz/Desktop/ai-review-assistant/target/ai-review-assistant-0.0.1-SNAPSHOT.jar started by h3rtz in /Users/h3rtz/Desktop/ai-review-assistant)
2026-09-11 21:10:55.806 [main] DEBUG c.a.a.AiReviewAssistantApplication - Running with Spring Boot v3.2.10, Spring v6.1.13
2026-09-11 21:10:55.807 [main] INFO  c.a.a.AiReviewAssistantApplication - No active profile set, falling back to 1 default profile: "default"
2026-09-11 21:10:57.410 [main] INFO  o.s.b.w.e.tomcat.TomcatWebServer - Tomcat initialized with port 8080 (http)
2026-09-11 21:10:57.416 [main] INFO  o.a.coyote.http11.Http11NioProtocol - Initializing ProtocolHandler ["http-nio-8080"]
2026-09-11 21:10:57.418 [main] INFO  o.a.catalina.core.StandardService - Starting service [Tomcat]
2026-09-11 21:10:57.418 [main] INFO  o.a.catalina.core.StandardEngine - Starting Servlet engine: [Apache Tomcat/10.1.30]
2026-09-11 21:10:57.438 [main] INFO  o.a.c.c.C.[Tomcat].[localhost].[/] - Initializing Spring embedded WebApplicationContext
2026-09-11 21:10:57.439 [main] INFO  o.s.b.w.s.c.ServletWebServerApplicationContext - Root WebApplicationContext: initialization completed in 1574 ms
2026-09-11 21:10:57.951 [main] INFO  o.s.a.v.pgvector.PgVectorStore - Using the vector table name: vector_store. Is empty: false
2026-09-11 21:10:57.954 [main] INFO  o.s.a.v.pgvector.PgVectorStore - Initializing PGVectorStore schema for table: vector_store in schema: public
2026-09-11 21:10:57.954 [main] INFO  o.s.a.v.pgvector.PgVectorStore - vectorTableValidationsEnabled false
2026-09-11 21:10:57.956 [main] INFO  com.zaxxer.hikari.HikariDataSource - HikariPool-1 - Starting...
2026-09-11 21:10:58.040 [main] INFO  com.zaxxer.hikari.pool.HikariPool - HikariPool-1 - Added connection org.postgresql.jdbc.PgConnection@115c9981
2026-09-11 21:10:58.041 [main] INFO  com.zaxxer.hikari.HikariDataSource - HikariPool-1 - Start completed.
2026-09-11 21:10:58.671 [main] WARN  o.s.b.a.s.s.UserDetailsServiceAutoConfiguration - 

Using generated security password: d9d7bfd5-f4b1-482d-9a68-1b17bd4ebea8

This generated password is for development use only. Your security configuration must be updated before running your application in production.

2026-09-11 21:10:58.777 [main] INFO  o.s.b.a.w.s.WelcomePageHandlerMapping - Adding welcome page: class path resource [static/index.html]
2026-09-11 21:10:58.953 [main] INFO  o.s.b.a.e.web.EndpointLinksResolver - Exposing 4 endpoint(s) beneath base path '/actuator'
2026-09-11 21:10:59.007 [main] INFO  o.s.s.web.DefaultSecurityFilterChain - Will secure any request with [org.springframework.security.web.session.DisableEncodeUrlFilter@244dabd6, org.springframework.security.web.context.request.async.WebAsyncManagerIntegrationFilter@56031e75, org.springframework.security.web.context.SecurityContextHolderFilter@1ef5822e, org.springframework.security.web.header.HeaderWriterFilter@1b500a1, org.springframework.security.web.authentication.logout.LogoutFilter@24a7155, com.aiservice.aireviewassistant.security.JwtAuthenticationFilter@6023c97d, org.springframework.security.web.savedrequest.RequestCacheAwareFilter@45ca305f, org.springframework.security.web.servletapi.SecurityContextHolderAwareRequestFilter@2b52187b, org.springframework.security.web.authentication.AnonymousAuthenticationFilter@4752881, org.springframework.security.web.session.SessionManagementFilter@38746343, org.springframework.security.web.access.ExceptionTranslationFilter@1bd4bd88, org.springframework.security.web.access.intercept.AuthorizationFilter@52e93696]
2026-09-11 21:10:59.717 [main] ERROR i.n.r.d.DnsServerAddressStreamProviders - Unable to load io.netty.resolver.dns.macos.MacOSDnsServerAddressStreamProvider, fallback to system defaults. This may result in incorrect DNS resolutions on MacOS. Check whether you have a dependency on 'io.netty:netty-resolver-dns-native-macos'. Use DEBUG level to see the full stack: java.lang.UnsatisfiedLinkError: failed to load the required native library
2026-09-11 21:10:59.723 [main] INFO  o.a.coyote.http11.Http11NioProtocol - Starting ProtocolHandler ["http-nio-8080"]
2026-09-11 21:10:59.728 [main] INFO  o.s.b.w.e.tomcat.TomcatWebServer - Tomcat started on port 8080 (http) with context path ''
2026-09-11 21:10:59.745 [main] INFO  c.a.a.AiReviewAssistantApplication - Started AiReviewAssistantApplication in 4.326 seconds (process running for 4.667)
2026-09-11 21:11:00.211 [http-nio-8080-exec-1] INFO  o.a.c.c.C.[Tomcat].[localhost].[/] - Initializing Spring DispatcherServlet 'dispatcherServlet'
2026-09-11 21:11:00.211 [http-nio-8080-exec-1] INFO  o.s.web.servlet.DispatcherServlet - Initializing Servlet 'dispatcherServlet'
2026-09-11 21:11:00.212 [http-nio-8080-exec-1] INFO  o.s.web.servlet.DispatcherServlet - Completed initialization in 1 ms
2026-09-11 21:11:19.485 [http-nio-8080-exec-3] DEBUG c.a.a.m.ConversationMapper.insert - ==>  Preparing: INSERT INTO conversation ( title ) VALUES ( ? )
2026-09-11 21:11:19.496 [http-nio-8080-exec-3] DEBUG c.a.a.m.ConversationMapper.insert - ==> Parameters: 新对话(String)
2026-09-11 21:11:19.505 [http-nio-8080-exec-3] DEBUG c.a.a.m.ConversationMapper.insert - <==    Updates: 1
2026-09-11 21:11:47.054 [http-nio-8080-exec-7] DEBUG c.a.a.m.ConversationMapper.insert - ==>  Preparing: INSERT INTO conversation ( title ) VALUES ( ? )
2026-09-11 21:11:47.055 [http-nio-8080-exec-7] DEBUG c.a.a.m.ConversationMapper.insert - ==> Parameters: 新对话(String)
2026-09-11 21:11:47.059 [http-nio-8080-exec-7] DEBUG c.a.a.m.ConversationMapper.insert - <==    Updates: 1
2026-09-11 21:11:47.087 [http-nio-8080-exec-8] DEBUG c.a.a.m.C.selectList - ==>  Preparing: SELECT id,title,user_id,course_id,created_at,updated_at FROM conversation WHERE (user_id = ?) ORDER BY updated_at DESC
2026-09-11 21:11:47.087 [http-nio-8080-exec-8] DEBUG c.a.a.m.C.selectList - ==> Parameters: 2(String)
2026-09-11 21:11:47.100 [http-nio-8080-exec-8] DEBUG c.a.a.m.C.selectList - <==      Total: 0
2026-09-11 21:11:48.220 [http-nio-8080-exec-9] DEBUG c.a.a.m.ConversationMapper.insert - ==>  Preparing: INSERT INTO conversation ( title ) VALUES ( ? )
2026-09-11 21:11:48.220 [http-nio-8080-exec-9] DEBUG c.a.a.m.ConversationMapper.insert - ==> Parameters: 新对话(String)
2026-09-11 21:11:48.223 [http-nio-8080-exec-9] DEBUG c.a.a.m.ConversationMapper.insert - <==    Updates: 1
2026-09-11 21:11:48.238 [http-nio-8080-exec-10] DEBUG c.a.a.m.C.selectList - ==>  Preparing: SELECT id,title,user_id,course_id,created_at,updated_at FROM conversation WHERE (user_id = ?) ORDER BY updated_at DESC
2026-09-11 21:11:48.239 [http-nio-8080-exec-10] DEBUG c.a.a.m.C.selectList - ==> Parameters: 2(String)
2026-09-11 21:11:48.241 [http-nio-8080-exec-10] DEBUG c.a.a.m.C.selectList - <==      Total: 0
2026-09-11 21:11:56.112 [http-nio-8080-exec-3] DEBUG c.a.a.m.AppUserMapper.selectList - ==>  Preparing: SELECT id,username,password,nickname,avatar,role,created_at,updated_at FROM app_user WHERE (username = ?)
2026-09-11 21:11:56.113 [http-nio-8080-exec-3] DEBUG c.a.a.m.AppUserMapper.selectList - ==> Parameters: admin(String)
2026-09-11 21:11:56.124 [http-nio-8080-exec-3] DEBUG c.a.a.m.AppUserMapper.selectList - <==      Total: 1
2026-09-11 21:11:56.254 [http-nio-8080-exec-6] DEBUG c.a.a.m.ConversationMapper.insert - ==>  Preparing: INSERT INTO conversation ( title ) VALUES ( ? )
2026-09-11 21:11:56.255 [http-nio-8080-exec-6] DEBUG c.a.a.m.ConversationMapper.insert - ==> Parameters: 新对话(String)
2026-09-11 21:11:56.258 [http-nio-8080-exec-6] DEBUG c.a.a.m.ConversationMapper.insert - <==    Updates: 1
2026-09-11 21:11:56.270 [http-nio-8080-exec-7] DEBUG c.a.a.m.C.selectList - ==>  Preparing: SELECT id,title,user_id,course_id,created_at,updated_at FROM conversation WHERE (user_id = ?) ORDER BY updated_at DESC
2026-09-11 21:11:56.270 [http-nio-8080-exec-7] DEBUG c.a.a.m.C.selectList - ==> Parameters: 2(String)
2026-09-11 21:11:56.272 [http-nio-8080-exec-7] DEBUG c.a.a.m.C.selectList - <==      Total: 0
2026-09-11 21:13:05.949 [http-nio-8080-exec-10] DEBUG c.a.a.m.C.selectList - ==>  Preparing: SELECT id,title,user_id,course_id,created_at,updated_at FROM conversation ORDER BY updated_at DESC
2026-09-11 21:13:05.951 [http-nio-8080-exec-10] DEBUG c.a.a.m.C.selectList - ==> Parameters: 
2026-09-11 21:13:05.956 [http-nio-8080-exec-10] DEBUG c.a.a.m.C.selectList - <==      Total: 16
2026-09-11 21:13:05.972 [http-nio-8080-exec-1] DEBUG c.a.a.m.C.selectList - ==>  Preparing: SELECT id,title,user_id,course_id,created_at,updated_at FROM conversation ORDER BY updated_at DESC
2026-09-11 21:13:05.972 [http-nio-8080-exec-1] DEBUG c.a.a.m.C.selectList - ==> Parameters: 
2026-09-11 21:13:05.975 [http-nio-8080-exec-1] DEBUG c.a.a.m.C.selectList - <==      Total: 16
2026-09-11 21:13:29.240 [http-nio-8080-exec-3] DEBUG c.a.a.m.C.selectList - ==>  Preparing: SELECT id,title,user_id,course_id,created_at,updated_at FROM conversation WHERE (updated_at < ?)
2026-09-11 21:13:29.241 [http-nio-8080-exec-3] DEBUG c.a.a.m.C.selectList - ==> Parameters: 2026-09-11T21:13:29.238138(LocalDateTime)
2026-09-11 21:13:29.246 [http-nio-8080-exec-3] DEBUG c.a.a.m.C.selectList - <==      Total: 16
2026-09-11 21:13:49.120 [background-preinit] INFO  o.h.validator.internal.util.Version - HV000001: Hibernate Validator 8.0.1.Final
2026-09-11 21:13:49.189 [main] INFO  c.a.a.AiReviewAssistantApplication - Starting AiReviewAssistantApplication v0.0.1-SNAPSHOT using Java 22.0.1 with PID 37723 (/Users/h3rtz/Desktop/ai-review-assistant/target/ai-review-assistant-0.0.1-SNAPSHOT.jar started by h3rtz in /Users/h3rtz/Desktop/ai-review-assistant)
2026-09-11 21:13:49.189 [main] DEBUG c.a.a.AiReviewAssistantApplication - Running with Spring Boot v3.2.10, Spring v6.1.13
2026-09-11 21:13:49.190 [main] INFO  c.a.a.AiReviewAssistantApplication - No active profile set, falling back to 1 default profile: "default"
2026-09-11 21:13:50.747 [main] INFO  o.s.b.w.e.tomcat.TomcatWebServer - Tomcat initialized with port 8080 (http)
2026-09-11 21:13:50.753 [main] INFO  o.a.coyote.http11.Http11NioProtocol - Initializing ProtocolHandler ["http-nio-8080"]
2026-09-11 21:13:50.755 [main] INFO  o.a.catalina.core.StandardService - Starting service [Tomcat]
2026-09-11 21:13:50.755 [main] INFO  o.a.catalina.core.StandardEngine - Starting Servlet engine: [Apache Tomcat/10.1.30]
2026-09-11 21:13:50.775 [main] INFO  o.a.c.c.C.[Tomcat].[localhost].[/] - Initializing Spring embedded WebApplicationContext
2026-09-11 21:13:50.776 [main] INFO  o.s.b.w.s.c.ServletWebServerApplicationContext - Root WebApplicationContext: initialization completed in 1556 ms
2026-09-11 21:13:51.294 [main] INFO  o.s.a.v.pgvector.PgVectorStore - Using the vector table name: vector_store. Is empty: false
2026-09-11 21:13:51.296 [main] INFO  o.s.a.v.pgvector.PgVectorStore - Initializing PGVectorStore schema for table: vector_store in schema: public
2026-09-11 21:13:51.296 [main] INFO  o.s.a.v.pgvector.PgVectorStore - vectorTableValidationsEnabled false
2026-09-11 21:13:51.299 [main] INFO  com.zaxxer.hikari.HikariDataSource - HikariPool-1 - Starting...
2026-09-11 21:13:51.373 [main] INFO  com.zaxxer.hikari.pool.HikariPool - HikariPool-1 - Added connection org.postgresql.jdbc.PgConnection@ebe3ff4
2026-09-11 21:13:51.375 [main] INFO  com.zaxxer.hikari.HikariDataSource - HikariPool-1 - Start completed.
2026-09-11 21:13:52.035 [main] WARN  o.s.b.a.s.s.UserDetailsServiceAutoConfiguration - 

Using generated security password: 9fdcfdae-81ed-45d8-b57b-73b114b3f597

This generated password is for development use only. Your security configuration must be updated before running your application in production.

2026-09-11 21:13:52.138 [main] INFO  o.s.b.a.w.s.WelcomePageHandlerMapping - Adding welcome page: class path resource [static/index.html]
2026-09-11 21:13:52.310 [main] INFO  o.s.b.a.e.web.EndpointLinksResolver - Exposing 4 endpoint(s) beneath base path '/actuator'
2026-09-11 21:13:52.373 [main] INFO  o.s.s.web.DefaultSecurityFilterChain - Will secure any request with [org.springframework.security.web.session.DisableEncodeUrlFilter@56b79b06, org.springframework.security.web.context.request.async.WebAsyncManagerIntegrationFilter@7e670cb8, org.springframework.security.web.context.SecurityContextHolderFilter@2041d957, org.springframework.security.web.header.HeaderWriterFilter@d16be1f, org.springframework.security.web.authentication.logout.LogoutFilter@5c2f35bb, com.aiservice.aireviewassistant.security.JwtAuthenticationFilter@e14f8a4, org.springframework.security.web.savedrequest.RequestCacheAwareFilter@38746343, org.springframework.security.web.servletapi.SecurityContextHolderAwareRequestFilter@6f5accda, org.springframework.security.web.authentication.AnonymousAuthenticationFilter@7ea8211f, org.springframework.security.web.session.SessionManagementFilter@7c75daad, org.springframework.security.web.access.ExceptionTranslationFilter@488310be, org.springframework.security.web.access.intercept.AuthorizationFilter@3ebcffb9]
2026-09-11 21:13:53.094 [main] ERROR i.n.r.d.DnsServerAddressStreamProviders - Unable to load io.netty.resolver.dns.macos.MacOSDnsServerAddressStreamProvider, fallback to system defaults. This may result in incorrect DNS resolutions on MacOS. Check whether you have a dependency on 'io.netty:netty-resolver-dns-native-macos'. Use DEBUG level to see the full stack: java.lang.UnsatisfiedLinkError: failed to load the required native library
2026-09-11 21:13:53.101 [main] INFO  o.a.coyote.http11.Http11NioProtocol - Starting ProtocolHandler ["http-nio-8080"]
2026-09-11 21:13:53.107 [main] INFO  o.s.b.w.e.tomcat.TomcatWebServer - Tomcat started on port 8080 (http) with context path ''
2026-09-11 21:13:53.125 [main] INFO  c.a.a.AiReviewAssistantApplication - Started AiReviewAssistantApplication in 4.337 seconds (process running for 4.627)
2026-09-11 21:13:53.622 [http-nio-8080-exec-1] INFO  o.a.c.c.C.[Tomcat].[localhost].[/] - Initializing Spring DispatcherServlet 'dispatcherServlet'
2026-09-11 21:13:53.622 [http-nio-8080-exec-1] INFO  o.s.web.servlet.DispatcherServlet - Initializing Servlet 'dispatcherServlet'
2026-09-11 21:13:53.623 [http-nio-8080-exec-1] INFO  o.s.web.servlet.DispatcherServlet - Completed initialization in 0 ms
2026-09-11 21:14:30.688 [http-nio-8080-exec-4] DEBUG c.a.a.m.ConversationMapper.insert - ==>  Preparing: INSERT INTO conversation ( title, user_id ) VALUES ( ?, ? )
2026-09-11 21:14:30.697 [http-nio-8080-exec-4] DEBUG c.a.a.m.ConversationMapper.insert - ==> Parameters: 新对话(String), 2(String)
2026-09-11 21:14:30.704 [http-nio-8080-exec-4] DEBUG c.a.a.m.ConversationMapper.insert - <==    Updates: 1
2026-09-11 21:14:30.738 [http-nio-8080-exec-5] DEBUG c.a.a.m.C.selectList - ==>  Preparing: SELECT id,title,user_id,course_id,created_at,updated_at FROM conversation WHERE (user_id = ?) ORDER BY updated_at DESC
2026-09-11 21:14:30.739 [http-nio-8080-exec-5] DEBUG c.a.a.m.C.selectList - ==> Parameters: 2(String)
2026-09-11 21:14:30.751 [http-nio-8080-exec-5] DEBUG c.a.a.m.C.selectList - <==      Total: 1
2026-09-11 21:14:31.821 [http-nio-8080-exec-6] DEBUG c.a.a.m.MessageMapper.selectList - ==>  Preparing: SELECT id,conversation_id,role,content,intent,created_at FROM message WHERE (conversation_id = ?) ORDER BY created_at ASC
2026-09-11 21:14:31.823 [http-nio-8080-exec-6] DEBUG c.a.a.m.MessageMapper.selectList - ==> Parameters: 27(Integer)
2026-09-11 21:14:31.829 [http-nio-8080-exec-6] DEBUG c.a.a.m.MessageMapper.selectList - <==      Total: 0
2026-09-11 21:14:31.840 [http-nio-8080-exec-7] DEBUG c.a.a.m.C.selectList - ==>  Preparing: SELECT id,title,user_id,course_id,created_at,updated_at FROM conversation WHERE (user_id = ?) ORDER BY updated_at DESC
2026-09-11 21:14:31.840 [http-nio-8080-exec-7] DEBUG c.a.a.m.C.selectList - ==> Parameters: 2(String)
2026-09-11 21:14:31.842 [http-nio-8080-exec-7] DEBUG c.a.a.m.C.selectList - <==      Total: 1
2026-09-11 21:14:37.688 [http-nio-8080-exec-8] DEBUG c.a.a.m.ConversationMapper.insert - ==>  Preparing: INSERT INTO conversation ( title, user_id ) VALUES ( ?, ? )
2026-09-11 21:14:37.689 [http-nio-8080-exec-8] DEBUG c.a.a.m.ConversationMapper.insert - ==> Parameters: 新对话(String), 2(String)
2026-09-11 21:14:37.691 [http-nio-8080-exec-8] DEBUG c.a.a.m.ConversationMapper.insert - <==    Updates: 1
2026-09-11 21:14:37.705 [http-nio-8080-exec-9] DEBUG c.a.a.m.C.selectList - ==>  Preparing: SELECT id,title,user_id,course_id,created_at,updated_at FROM conversation WHERE (user_id = ?) ORDER BY updated_at DESC
2026-09-11 21:14:37.705 [http-nio-8080-exec-9] DEBUG c.a.a.m.C.selectList - ==> Parameters: 2(String)
2026-09-11 21:14:37.708 [http-nio-8080-exec-9] DEBUG c.a.a.m.C.selectList - <==      Total: 2
2026-09-11 21:14:39.284 [http-nio-8080-exec-10] DEBUG c.a.a.m.MessageMapper.selectList - ==>  Preparing: SELECT id,conversation_id,role,content,intent,created_at FROM message WHERE (conversation_id = ?) ORDER BY created_at ASC
2026-09-11 21:14:39.285 [http-nio-8080-exec-10] DEBUG c.a.a.m.MessageMapper.selectList - ==> Parameters: 27(Integer)
2026-09-11 21:14:39.286 [http-nio-8080-exec-10] DEBUG c.a.a.m.MessageMapper.selectList - <==      Total: 0
2026-09-11 21:14:39.298 [http-nio-8080-exec-1] DEBUG c.a.a.m.C.selectList - ==>  Preparing: SELECT id,title,user_id,course_id,created_at,updated_at FROM conversation WHERE (user_id = ?) ORDER BY updated_at DESC
2026-09-11 21:14:39.299 [http-nio-8080-exec-1] DEBUG c.a.a.m.C.selectList - ==> Parameters: 2(String)
2026-09-11 21:14:39.301 [http-nio-8080-exec-1] DEBUG c.a.a.m.C.selectList - <==      Total: 2
2026-09-11 21:14:41.003 [http-nio-8080-exec-2] DEBUG c.a.a.m.ConversationMapper.insert - ==>  Preparing: INSERT INTO conversation ( title, user_id ) VALUES ( ?, ? )
2026-09-11 21:14:41.004 [http-nio-8080-exec-2] DEBUG c.a.a.m.ConversationMapper.insert - ==> Parameters: 新对话(String), 2(String)
2026-09-11 21:14:41.006 [http-nio-8080-exec-2] DEBUG c.a.a.m.ConversationMapper.insert - <==    Updates: 1
2026-09-11 21:14:41.018 [http-nio-8080-exec-3] DEBUG c.a.a.m.C.selectList - ==>  Preparing: SELECT id,title,user_id,course_id,created_at,updated_at FROM conversation WHERE (user_id = ?) ORDER BY updated_at DESC
2026-09-11 21:14:41.018 [http-nio-8080-exec-3] DEBUG c.a.a.m.C.selectList - ==> Parameters: 2(String)
2026-09-11 21:14:41.021 [http-nio-8080-exec-3] DEBUG c.a.a.m.C.selectList - <==      Total: 3
2026-09-11 21:15:47.066 [background-preinit] INFO  o.h.validator.internal.util.Version - HV000001: Hibernate Validator 8.0.1.Final
2026-09-11 21:15:47.132 [main] INFO  c.a.a.AiReviewAssistantApplication - Starting AiReviewAssistantApplication v0.0.1-SNAPSHOT using Java 22.0.1 with PID 38405 (/Users/h3rtz/Desktop/ai-review-assistant/target/ai-review-assistant-0.0.1-SNAPSHOT.jar started by h3rtz in /Users/h3rtz/Desktop/ai-review-assistant)
2026-09-11 21:15:47.132 [main] DEBUG c.a.a.AiReviewAssistantApplication - Running with Spring Boot v3.2.10, Spring v6.1.13
2026-09-11 21:15:47.133 [main] INFO  c.a.a.AiReviewAssistantApplication - No active profile set, falling back to 1 default profile: "default"
2026-09-11 21:15:48.644 [main] INFO  o.s.b.w.e.tomcat.TomcatWebServer - Tomcat initialized with port 8080 (http)
2026-09-11 21:15:48.650 [main] INFO  o.a.coyote.http11.Http11NioProtocol - Initializing ProtocolHandler ["http-nio-8080"]
2026-09-11 21:15:48.652 [main] INFO  o.a.catalina.core.StandardService - Starting service [Tomcat]
2026-09-11 21:15:48.652 [main] INFO  o.a.catalina.core.StandardEngine - Starting Servlet engine: [Apache Tomcat/10.1.30]
2026-09-11 21:15:48.670 [main] INFO  o.a.c.c.C.[Tomcat].[localhost].[/] - Initializing Spring embedded WebApplicationContext
2026-09-11 21:15:48.670 [main] INFO  o.s.b.w.s.c.ServletWebServerApplicationContext - Root WebApplicationContext: initialization completed in 1510 ms
2026-09-11 21:15:49.164 [main] INFO  o.s.a.v.pgvector.PgVectorStore - Using the vector table name: vector_store. Is empty: false
2026-09-11 21:15:49.166 [main] INFO  o.s.a.v.pgvector.PgVectorStore - Initializing PGVectorStore schema for table: vector_store in schema: public
2026-09-11 21:15:49.166 [main] INFO  o.s.a.v.pgvector.PgVectorStore - vectorTableValidationsEnabled false
2026-09-11 21:15:49.169 [main] INFO  com.zaxxer.hikari.HikariDataSource - HikariPool-1 - Starting...
2026-09-11 21:15:49.238 [main] INFO  com.zaxxer.hikari.pool.HikariPool - HikariPool-1 - Added connection org.postgresql.jdbc.PgConnection@27a3696f
2026-09-11 21:15:49.239 [main] INFO  com.zaxxer.hikari.HikariDataSource - HikariPool-1 - Start completed.
2026-09-11 21:15:49.905 [main] WARN  o.s.b.a.s.s.UserDetailsServiceAutoConfiguration - 

Using generated security password: 060373cb-17e9-46a4-a2bc-cbe32e435705

This generated password is for development use only. Your security configuration must be updated before running your application in production.

2026-09-11 21:15:50.004 [main] INFO  o.s.b.a.w.s.WelcomePageHandlerMapping - Adding welcome page: class path resource [static/index.html]
2026-09-11 21:15:50.195 [main] INFO  o.s.b.a.e.web.EndpointLinksResolver - Exposing 4 endpoint(s) beneath base path '/actuator'
2026-09-11 21:15:50.247 [main] INFO  o.s.s.web.DefaultSecurityFilterChain - Will secure any request with [org.springframework.security.web.session.DisableEncodeUrlFilter@2ef54607, org.springframework.security.web.context.request.async.WebAsyncManagerIntegrationFilter@3ec0960c, org.springframework.security.web.context.SecurityContextHolderFilter@301dd801, org.springframework.security.web.header.HeaderWriterFilter@353e49ab, org.springframework.security.web.authentication.logout.LogoutFilter@74cb54b1, com.aiservice.aireviewassistant.security.JwtAuthenticationFilter@67fd4762, org.springframework.security.web.savedrequest.RequestCacheAwareFilter@a8bc3dc, org.springframework.security.web.servletapi.SecurityContextHolderAwareRequestFilter@55c2b8c3, org.springframework.security.web.authentication.AnonymousAuthenticationFilter@7770e431, org.springframework.security.web.session.SessionManagementFilter@7876b877, org.springframework.security.web.access.ExceptionTranslationFilter@4bfd597c, org.springframework.security.web.access.intercept.AuthorizationFilter@4376efdf]
2026-09-11 21:15:50.934 [main] ERROR i.n.r.d.DnsServerAddressStreamProviders - Unable to load io.netty.resolver.dns.macos.MacOSDnsServerAddressStreamProvider, fallback to system defaults. This may result in incorrect DNS resolutions on MacOS. Check whether you have a dependency on 'io.netty:netty-resolver-dns-native-macos'. Use DEBUG level to see the full stack: java.lang.UnsatisfiedLinkError: failed to load the required native library
2026-09-11 21:15:50.941 [main] INFO  o.a.coyote.http11.Http11NioProtocol - Starting ProtocolHandler ["http-nio-8080"]
2026-09-11 21:15:50.947 [main] INFO  o.s.b.w.e.tomcat.TomcatWebServer - Tomcat started on port 8080 (http) with context path ''
2026-09-11 21:15:50.973 [main] INFO  c.a.a.AiReviewAssistantApplication - Started AiReviewAssistantApplication in 4.222 seconds (process running for 4.507)
2026-09-11 21:15:51.588 [http-nio-8080-exec-1] INFO  o.a.c.c.C.[Tomcat].[localhost].[/] - Initializing Spring DispatcherServlet 'dispatcherServlet'
2026-09-11 21:15:51.588 [http-nio-8080-exec-1] INFO  o.s.web.servlet.DispatcherServlet - Initializing Servlet 'dispatcherServlet'
2026-09-11 21:15:51.588 [http-nio-8080-exec-1] INFO  o.s.web.servlet.DispatcherServlet - Completed initialization in 0 ms
2026-09-11 21:15:59.981 [http-nio-8080-exec-4] DEBUG c.a.a.m.CoursesMapper.selectList - ==>  Preparing: SELECT id,user_id,name,description,created_at,updated_at FROM courses WHERE (user_id = ?) ORDER BY updated_at DESC
2026-09-11 21:15:59.991 [http-nio-8080-exec-4] DEBUG c.a.a.m.CoursesMapper.selectList - ==> Parameters: 2(Integer)
2026-09-11 21:16:00.008 [http-nio-8080-exec-4] DEBUG c.a.a.m.CoursesMapper.selectList - <==      Total: 0
2026-09-11 21:16:00.647 [http-nio-8080-exec-7] DEBUG c.a.a.m.CoursesMapper.selectList - ==>  Preparing: SELECT id,user_id,name,description,created_at,updated_at FROM courses WHERE (user_id = ?) ORDER BY updated_at DESC
2026-09-11 21:16:00.647 [http-nio-8080-exec-7] DEBUG c.a.a.m.CoursesMapper.selectList - ==> Parameters: 2(Integer)
2026-09-11 21:16:00.649 [http-nio-8080-exec-7] DEBUG c.a.a.m.CoursesMapper.selectList - <==      Total: 0
2026-09-11 21:16:02.352 [http-nio-8080-exec-10] DEBUG c.a.a.m.CoursesMapper.selectList - ==>  Preparing: SELECT id,user_id,name,description,created_at,updated_at FROM courses WHERE (user_id = ?) ORDER BY updated_at DESC
2026-09-11 21:16:02.353 [http-nio-8080-exec-10] DEBUG c.a.a.m.CoursesMapper.selectList - ==> Parameters: 2(Integer)
2026-09-11 21:16:02.354 [http-nio-8080-exec-10] DEBUG c.a.a.m.CoursesMapper.selectList - <==      Total: 0
2026-09-11 21:16:05.546 [http-nio-8080-exec-10] DEBUG c.a.a.m.W.selectCount - ==>  Preparing: SELECT COUNT( * ) AS total FROM wrong_answer_book WHERE (user_id = ?)
2026-09-11 21:16:05.546 [http-nio-8080-exec-9] DEBUG c.a.a.m.R.selectList - ==>  Preparing: SELECT id,conversation_id,course_id,user_id,question,answer,created_at FROM review_records WHERE (user_id = ?) ORDER BY created_at ASC
2026-09-11 21:16:05.546 [http-nio-8080-exec-10] DEBUG c.a.a.m.W.selectCount - ==> Parameters: 2(Integer)
2026-09-11 21:16:05.547 [http-nio-8080-exec-9] DEBUG c.a.a.m.R.selectList - ==> Parameters: 2(String)
2026-09-11 21:16:05.555 [http-nio-8080-exec-9] DEBUG c.a.a.m.R.selectList - <==      Total: 0
2026-09-11 21:16:05.555 [http-nio-8080-exec-1] DEBUG c.a.a.m.W.selectList - ==>  Preparing: SELECT id,user_id,course_id,question,options,correct_answer,user_answer,explanation,topic,is_mastered,wrong_count,last_wrong_at,created_at,updated_at FROM wrong_answer_book WHERE (user_id = ? AND is_mastered = ?) ORDER BY last_wrong_at DESC
2026-09-11 21:16:05.556 [http-nio-8080-exec-1] DEBUG c.a.a.m.W.selectList - ==> Parameters: 2(Integer), false(Boolean)
2026-09-11 21:16:05.559 [http-nio-8080-exec-9] DEBUG c.a.a.m.CoursesMapper.selectCount - ==>  Preparing: SELECT COUNT( * ) AS total FROM courses
2026-09-11 21:16:05.559 [http-nio-8080-exec-9] DEBUG c.a.a.m.CoursesMapper.selectCount - ==> Parameters: 
2026-09-11 21:16:05.561 [http-nio-8080-exec-1] DEBUG c.a.a.m.W.selectList - <==      Total: 0
2026-09-11 21:16:05.562 [http-nio-8080-exec-10] DEBUG c.a.a.m.W.selectCount - <==      Total: 1
2026-09-11 21:16:05.562 [http-nio-8080-exec-9] DEBUG c.a.a.m.CoursesMapper.selectCount - <==      Total: 1
2026-09-11 21:16:05.563 [http-nio-8080-exec-10] DEBUG c.a.a.m.W.selectCount - ==>  Preparing: SELECT COUNT( * ) AS total FROM wrong_answer_book WHERE (user_id = ? AND is_mastered = ?)
2026-09-11 21:16:05.563 [http-nio-8080-exec-10] DEBUG c.a.a.m.W.selectCount - ==> Parameters: 2(Integer), true(Boolean)
2026-09-11 21:16:05.566 [http-nio-8080-exec-10] DEBUG c.a.a.m.W.selectCount - <==      Total: 1
2026-09-11 21:16:08.864 [http-nio-8080-exec-4] DEBUG c.a.a.m.ConversationMapper.insert - ==>  Preparing: INSERT INTO conversation ( title, user_id ) VALUES ( ?, ? )
2026-09-11 21:16:08.864 [http-nio-8080-exec-4] DEBUG c.a.a.m.ConversationMapper.insert - ==> Parameters: 新对话(String), 2(String)
2026-09-11 21:16:08.866 [http-nio-8080-exec-4] DEBUG c.a.a.m.ConversationMapper.insert - <==    Updates: 1
2026-09-11 21:16:08.876 [http-nio-8080-exec-5] DEBUG c.a.a.m.C.selectList - ==>  Preparing: SELECT id,title,user_id,course_id,created_at,updated_at FROM conversation WHERE (user_id = ?) ORDER BY updated_at DESC
2026-09-11 21:16:08.877 [http-nio-8080-exec-5] DEBUG c.a.a.m.C.selectList - ==> Parameters: 2(String)
2026-09-11 21:16:08.880 [http-nio-8080-exec-5] DEBUG c.a.a.m.C.selectList - <==      Total: 4
2026-09-11 21:16:14.653 [http-nio-8080-exec-6] DEBUG c.a.a.m.MessageMapper.selectList - ==>  Preparing: SELECT id,conversation_id,role,content,intent,created_at FROM message WHERE (conversation_id = ?) ORDER BY created_at ASC
2026-09-11 21:16:14.656 [http-nio-8080-exec-6] DEBUG c.a.a.m.MessageMapper.selectList - ==> Parameters: 30(Integer)
2026-09-11 21:16:14.659 [http-nio-8080-exec-6] DEBUG c.a.a.m.MessageMapper.selectList - <==      Total: 0
2026-09-11 21:16:14.668 [http-nio-8080-exec-7] DEBUG c.a.a.m.C.selectList - ==>  Preparing: SELECT id,title,user_id,course_id,created_at,updated_at FROM conversation WHERE (user_id = ?) ORDER BY updated_at DESC
2026-09-11 21:16:14.668 [http-nio-8080-exec-7] DEBUG c.a.a.m.C.selectList - ==> Parameters: 2(String)
2026-09-11 21:16:14.670 [http-nio-8080-exec-7] DEBUG c.a.a.m.C.selectList - <==      Total: 4
2026-09-11 21:16:15.033 [http-nio-8080-exec-8] DEBUG c.a.a.m.MessageMapper.selectList - ==>  Preparing: SELECT id,conversation_id,role,content,intent,created_at FROM message WHERE (conversation_id = ?) ORDER BY created_at ASC
2026-09-11 21:16:15.034 [http-nio-8080-exec-8] DEBUG c.a.a.m.MessageMapper.selectList - ==> Parameters: 29(Integer)
2026-09-11 21:16:15.037 [http-nio-8080-exec-8] DEBUG c.a.a.m.MessageMapper.selectList - <==      Total: 0
2026-09-11 21:16:15.049 [http-nio-8080-exec-1] DEBUG c.a.a.m.C.selectList - ==>  Preparing: SELECT id,title,user_id,course_id,created_at,updated_at FROM conversation WHERE (user_id = ?) ORDER BY updated_at DESC
2026-09-11 21:16:15.049 [http-nio-8080-exec-1] DEBUG c.a.a.m.C.selectList - ==> Parameters: 2(String)
2026-09-11 21:16:15.053 [http-nio-8080-exec-1] DEBUG c.a.a.m.C.selectList - <==      Total: 4
2026-09-11 21:16:22.122 [http-nio-8080-exec-4] DEBUG c.a.a.m.ConversationMapper.insert - ==>  Preparing: INSERT INTO conversation ( title, user_id ) VALUES ( ?, ? )
2026-09-11 21:16:22.123 [http-nio-8080-exec-4] DEBUG c.a.a.m.ConversationMapper.insert - ==> Parameters: 新对话(String), 2(String)
2026-09-11 21:16:22.125 [http-nio-8080-exec-4] DEBUG c.a.a.m.ConversationMapper.insert - <==    Updates: 1
2026-09-11 21:16:22.135 [http-nio-8080-exec-5] DEBUG c.a.a.m.C.selectList - ==>  Preparing: SELECT id,title,user_id,course_id,created_at,updated_at FROM conversation WHERE (user_id = ?) ORDER BY updated_at DESC
2026-09-11 21:16:22.136 [http-nio-8080-exec-5] DEBUG c.a.a.m.C.selectList - ==> Parameters: 2(String)
2026-09-11 21:16:22.138 [http-nio-8080-exec-5] DEBUG c.a.a.m.C.selectList - <==      Total: 3
2026-09-11 21:17:36.763 [background-preinit] INFO  o.h.validator.internal.util.Version - HV000001: Hibernate Validator 8.0.1.Final
2026-09-11 21:17:36.830 [main] INFO  c.a.a.AiReviewAssistantApplication - Starting AiReviewAssistantApplication v0.0.1-SNAPSHOT using Java 22.0.1 with PID 39043 (/Users/h3rtz/Desktop/ai-review-assistant/target/ai-review-assistant-0.0.1-SNAPSHOT.jar started by h3rtz in /Users/h3rtz/Desktop/ai-review-assistant)
2026-09-11 21:17:36.830 [main] DEBUG c.a.a.AiReviewAssistantApplication - Running with Spring Boot v3.2.10, Spring v6.1.13
2026-09-11 21:17:36.831 [main] INFO  c.a.a.AiReviewAssistantApplication - No active profile set, falling back to 1 default profile: "default"
2026-09-11 21:17:38.373 [main] INFO  o.s.b.w.e.tomcat.TomcatWebServer - Tomcat initialized with port 8080 (http)
2026-09-11 21:17:38.379 [main] INFO  o.a.coyote.http11.Http11NioProtocol - Initializing ProtocolHandler ["http-nio-8080"]
2026-09-11 21:17:38.381 [main] INFO  o.a.catalina.core.StandardService - Starting service [Tomcat]
2026-09-11 21:17:38.381 [main] INFO  o.a.catalina.core.StandardEngine - Starting Servlet engine: [Apache Tomcat/10.1.30]
2026-09-11 21:17:38.400 [main] INFO  o.a.c.c.C.[Tomcat].[localhost].[/] - Initializing Spring embedded WebApplicationContext
2026-09-11 21:17:38.400 [main] INFO  o.s.b.w.s.c.ServletWebServerApplicationContext - Root WebApplicationContext: initialization completed in 1539 ms
2026-09-11 21:17:38.899 [main] INFO  o.s.a.v.pgvector.PgVectorStore - Using the vector table name: vector_store. Is empty: false
2026-09-11 21:17:38.901 [main] INFO  o.s.a.v.pgvector.PgVectorStore - Initializing PGVectorStore schema for table: vector_store in schema: public
2026-09-11 21:17:38.901 [main] INFO  o.s.a.v.pgvector.PgVectorStore - vectorTableValidationsEnabled false
2026-09-11 21:17:38.904 [main] INFO  com.zaxxer.hikari.HikariDataSource - HikariPool-1 - Starting...
2026-09-11 21:17:38.984 [main] INFO  com.zaxxer.hikari.pool.HikariPool - HikariPool-1 - Added connection org.postgresql.jdbc.PgConnection@2cac00e0
2026-09-11 21:17:38.985 [main] INFO  com.zaxxer.hikari.HikariDataSource - HikariPool-1 - Start completed.
2026-09-11 21:17:39.661 [main] WARN  o.s.b.a.s.s.UserDetailsServiceAutoConfiguration - 

Using generated security password: c1ae6d88-c3e5-424e-84ae-458c90f5b89b

This generated password is for development use only. Your security configuration must be updated before running your application in production.

2026-09-11 21:17:39.752 [main] INFO  o.s.b.a.w.s.WelcomePageHandlerMapping - Adding welcome page: class path resource [static/index.html]
2026-09-11 21:17:39.928 [main] INFO  o.s.b.a.e.web.EndpointLinksResolver - Exposing 4 endpoint(s) beneath base path '/actuator'
2026-09-11 21:17:39.981 [main] INFO  o.s.s.web.DefaultSecurityFilterChain - Will secure any request with [org.springframework.security.web.session.DisableEncodeUrlFilter@68df3b85, org.springframework.security.web.context.request.async.WebAsyncManagerIntegrationFilter@7799dc9a, org.springframework.security.web.context.SecurityContextHolderFilter@61a75a73, org.springframework.security.web.header.HeaderWriterFilter@6f5accda, org.springframework.security.web.authentication.logout.LogoutFilter@56031e75, com.aiservice.aireviewassistant.security.JwtAuthenticationFilter@72d10fac, org.springframework.security.web.savedrequest.RequestCacheAwareFilter@67da20f2, org.springframework.security.web.servletapi.SecurityContextHolderAwareRequestFilter@5408d48c, org.springframework.security.web.authentication.AnonymousAuthenticationFilter@45b23448, org.springframework.security.web.session.SessionManagementFilter@51fc5eba, org.springframework.security.web.access.ExceptionTranslationFilter@25ac3c19, org.springframework.security.web.access.intercept.AuthorizationFilter@67a99869]
2026-09-11 21:17:40.691 [main] ERROR i.n.r.d.DnsServerAddressStreamProviders - Unable to load io.netty.resolver.dns.macos.MacOSDnsServerAddressStreamProvider, fallback to system defaults. This may result in incorrect DNS resolutions on MacOS. Check whether you have a dependency on 'io.netty:netty-resolver-dns-native-macos'. Use DEBUG level to see the full stack: java.lang.UnsatisfiedLinkError: failed to load the required native library
2026-09-11 21:17:40.698 [main] INFO  o.a.coyote.http11.Http11NioProtocol - Starting ProtocolHandler ["http-nio-8080"]
2026-09-11 21:17:40.703 [main] INFO  o.s.b.w.e.tomcat.TomcatWebServer - Tomcat started on port 8080 (http) with context path ''
2026-09-11 21:17:40.724 [main] INFO  c.a.a.AiReviewAssistantApplication - Started AiReviewAssistantApplication in 4.27 seconds (process running for 4.604)
2026-09-11 21:17:41.246 [http-nio-8080-exec-1] INFO  o.a.c.c.C.[Tomcat].[localhost].[/] - Initializing Spring DispatcherServlet 'dispatcherServlet'
2026-09-11 21:17:41.246 [http-nio-8080-exec-1] INFO  o.s.web.servlet.DispatcherServlet - Initializing Servlet 'dispatcherServlet'
2026-09-11 21:17:41.247 [http-nio-8080-exec-1] INFO  o.s.web.servlet.DispatcherServlet - Completed initialization in 1 ms
2026-09-11 21:17:57.424 [http-nio-8080-exec-4] DEBUG c.a.a.m.ConversationMapper.insert - ==>  Preparing: INSERT INTO conversation ( title, user_id ) VALUES ( ?, ? )
2026-09-11 21:17:57.433 [http-nio-8080-exec-4] DEBUG c.a.a.m.ConversationMapper.insert - ==> Parameters: 新对话(String), 2(String)
2026-09-11 21:17:57.442 [http-nio-8080-exec-4] DEBUG c.a.a.m.ConversationMapper.insert - <==    Updates: 1
2026-09-11 21:17:57.475 [http-nio-8080-exec-5] DEBUG c.a.a.m.C.selectList - ==>  Preparing: SELECT id,title,user_id,course_id,created_at,updated_at FROM conversation WHERE (user_id = ?) ORDER BY updated_at DESC
2026-09-11 21:17:57.476 [http-nio-8080-exec-5] DEBUG c.a.a.m.C.selectList - ==> Parameters: 2(String)
2026-09-11 21:17:57.488 [http-nio-8080-exec-5] DEBUG c.a.a.m.C.selectList - <==      Total: 4
2026-09-11 21:18:56.344 [background-preinit] INFO  o.h.validator.internal.util.Version - HV000001: Hibernate Validator 8.0.1.Final
2026-09-11 21:18:56.408 [main] INFO  c.a.a.AiReviewAssistantApplication - Starting AiReviewAssistantApplication v0.0.1-SNAPSHOT using Java 22.0.1 with PID 39585 (/Users/h3rtz/Desktop/ai-review-assistant/target/ai-review-assistant-0.0.1-SNAPSHOT.jar started by h3rtz in /Users/h3rtz/Desktop/ai-review-assistant)
2026-09-11 21:18:56.408 [main] DEBUG c.a.a.AiReviewAssistantApplication - Running with Spring Boot v3.2.10, Spring v6.1.13
2026-09-11 21:18:56.409 [main] INFO  c.a.a.AiReviewAssistantApplication - No active profile set, falling back to 1 default profile: "default"
2026-09-11 21:18:57.927 [main] INFO  o.s.b.w.e.tomcat.TomcatWebServer - Tomcat initialized with port 8080 (http)
2026-09-11 21:18:57.933 [main] INFO  o.a.coyote.http11.Http11NioProtocol - Initializing ProtocolHandler ["http-nio-8080"]
2026-09-11 21:18:57.935 [main] INFO  o.a.catalina.core.StandardService - Starting service [Tomcat]
2026-09-11 21:18:57.935 [main] INFO  o.a.catalina.core.StandardEngine - Starting Servlet engine: [Apache Tomcat/10.1.30]
2026-09-11 21:18:57.954 [main] INFO  o.a.c.c.C.[Tomcat].[localhost].[/] - Initializing Spring embedded WebApplicationContext
2026-09-11 21:18:57.955 [main] INFO  o.s.b.w.s.c.ServletWebServerApplicationContext - Root WebApplicationContext: initialization completed in 1518 ms
2026-09-11 21:18:58.471 [main] INFO  o.s.a.v.pgvector.PgVectorStore - Using the vector table name: vector_store. Is empty: false
2026-09-11 21:18:58.474 [main] INFO  o.s.a.v.pgvector.PgVectorStore - Initializing PGVectorStore schema for table: vector_store in schema: public
2026-09-11 21:18:58.474 [main] INFO  o.s.a.v.pgvector.PgVectorStore - vectorTableValidationsEnabled false
2026-09-11 21:18:58.477 [main] INFO  com.zaxxer.hikari.HikariDataSource - HikariPool-1 - Starting...
2026-09-11 21:18:58.550 [main] INFO  com.zaxxer.hikari.pool.HikariPool - HikariPool-1 - Added connection org.postgresql.jdbc.PgConnection@2cac00e0
2026-09-11 21:18:58.551 [main] INFO  com.zaxxer.hikari.HikariDataSource - HikariPool-1 - Start completed.
2026-09-11 21:18:59.188 [main] WARN  o.s.b.a.s.s.UserDetailsServiceAutoConfiguration - 

Using generated security password: b5351c1b-7963-4254-a080-442c9bac6d2e

This generated password is for development use only. Your security configuration must be updated before running your application in production.

2026-09-11 21:18:59.281 [main] INFO  o.s.b.a.w.s.WelcomePageHandlerMapping - Adding welcome page: class path resource [static/index.html]
2026-09-11 21:18:59.445 [main] INFO  o.s.b.a.e.web.EndpointLinksResolver - Exposing 4 endpoint(s) beneath base path '/actuator'
2026-09-11 21:18:59.505 [main] INFO  o.s.s.web.DefaultSecurityFilterChain - Will secure any request with [org.springframework.security.web.session.DisableEncodeUrlFilter@244dabd6, org.springframework.security.web.context.request.async.WebAsyncManagerIntegrationFilter@56031e75, org.springframework.security.web.context.SecurityContextHolderFilter@1ef5822e, org.springframework.security.web.header.HeaderWriterFilter@1b500a1, org.springframework.security.web.authentication.logout.LogoutFilter@24a7155, com.aiservice.aireviewassistant.security.JwtAuthenticationFilter@6023c97d, org.springframework.security.web.savedrequest.RequestCacheAwareFilter@45ca305f, org.springframework.security.web.servletapi.SecurityContextHolderAwareRequestFilter@2b52187b, org.springframework.security.web.authentication.AnonymousAuthenticationFilter@4752881, org.springframework.security.web.session.SessionManagementFilter@38746343, org.springframework.security.web.access.ExceptionTranslationFilter@1bd4bd88, org.springframework.security.web.access.intercept.AuthorizationFilter@52e93696]
2026-09-11 21:19:00.193 [main] ERROR i.n.r.d.DnsServerAddressStreamProviders - Unable to load io.netty.resolver.dns.macos.MacOSDnsServerAddressStreamProvider, fallback to system defaults. This may result in incorrect DNS resolutions on MacOS. Check whether you have a dependency on 'io.netty:netty-resolver-dns-native-macos'. Use DEBUG level to see the full stack: java.lang.UnsatisfiedLinkError: failed to load the required native library
2026-09-11 21:19:00.199 [main] INFO  o.a.coyote.http11.Http11NioProtocol - Starting ProtocolHandler ["http-nio-8080"]
2026-09-11 21:19:00.207 [main] INFO  o.s.b.w.e.tomcat.TomcatWebServer - Tomcat started on port 8080 (http) with context path ''
2026-09-11 21:19:00.232 [main] INFO  c.a.a.AiReviewAssistantApplication - Started AiReviewAssistantApplication in 4.221 seconds (process running for 4.51)
2026-09-11 21:19:00.853 [http-nio-8080-exec-1] INFO  o.a.c.c.C.[Tomcat].[localhost].[/] - Initializing Spring DispatcherServlet 'dispatcherServlet'
2026-09-11 21:19:00.853 [http-nio-8080-exec-1] INFO  o.s.web.servlet.DispatcherServlet - Initializing Servlet 'dispatcherServlet'
2026-09-11 21:19:00.855 [http-nio-8080-exec-1] INFO  o.s.web.servlet.DispatcherServlet - Completed initialization in 0 ms
2026-09-11 21:20:31.532 [http-nio-8080-exec-4] DEBUG c.a.a.m.C.selectList - ==>  Preparing: SELECT id,title,user_id,course_id,created_at,updated_at FROM conversation WHERE (user_id = ?) ORDER BY updated_at DESC
2026-09-11 21:20:31.542 [http-nio-8080-exec-4] DEBUG c.a.a.m.C.selectList - ==> Parameters: 2(String)
2026-09-11 21:20:31.558 [http-nio-8080-exec-4] DEBUG c.a.a.m.C.selectList - <==      Total: 2
2026-09-11 21:20:31.578 [http-nio-8080-exec-5] DEBUG c.a.a.m.C.selectList - ==>  Preparing: SELECT id,title,user_id,course_id,created_at,updated_at FROM conversation WHERE (user_id = ?) ORDER BY updated_at DESC
2026-09-11 21:20:31.578 [http-nio-8080-exec-5] DEBUG c.a.a.m.C.selectList - ==> Parameters: 2(String)
2026-09-11 21:20:31.580 [http-nio-8080-exec-5] DEBUG c.a.a.m.C.selectList - <==      Total: 2
2026-09-11 21:20:33.122 [http-nio-8080-exec-6] DEBUG c.a.a.m.C.selectById - ==>  Preparing: SELECT id,title,user_id,course_id,created_at,updated_at FROM conversation WHERE id=?
2026-09-11 21:20:33.124 [http-nio-8080-exec-6] DEBUG c.a.a.m.C.selectById - ==> Parameters: 30(Integer)
2026-09-11 21:20:33.126 [http-nio-8080-exec-6] DEBUG c.a.a.m.C.selectById - <==      Total: 1
2026-09-11 21:20:33.128 [http-nio-8080-exec-6] DEBUG c.a.a.m.C.updateById - ==>  Preparing: UPDATE conversation SET title=?, user_id=?, created_at=?, updated_at=? WHERE id=?
2026-09-11 21:20:33.128 [http-nio-8080-exec-6] DEBUG c.a.a.m.C.updateById - ==> Parameters: 帮我出几道练习题(String), 2(String), 2026-09-11T21:16:08.864994(LocalDateTime), 2026-09-11T21:20:33.126205(LocalDateTime), 30(Integer)
2026-09-11 21:20:33.135 [http-nio-8080-exec-6] DEBUG c.a.a.m.C.updateById - <==    Updates: 1
2026-09-11 21:20:33.137 [http-nio-8080-exec-6] DEBUG c.a.a.mapper.MessageMapper.insert - ==>  Preparing: INSERT INTO message ( conversation_id, role, content ) VALUES ( ?, ?, ? )
2026-09-11 21:20:33.137 [http-nio-8080-exec-6] DEBUG c.a.a.mapper.MessageMapper.insert - ==> Parameters: 30(Integer), user(String), 帮我出几道练习题(String)
2026-09-11 21:20:33.139 [http-nio-8080-exec-6] DEBUG c.a.a.mapper.MessageMapper.insert - <==    Updates: 1
2026-09-11 21:20:33.144 [http-nio-8080-exec-6] DEBUG c.a.a.m.MessageMapper.selectList - ==>  Preparing: SELECT id,conversation_id,role,content,intent,created_at FROM message WHERE (conversation_id = ?) ORDER BY created_at ASC LIMIT 10
2026-09-11 21:20:33.144 [http-nio-8080-exec-6] DEBUG c.a.a.m.MessageMapper.selectList - ==> Parameters: 30(Integer)
2026-09-11 21:20:33.145 [http-nio-8080-exec-6] DEBUG c.a.a.m.MessageMapper.selectList - <==      Total: 1
2026-09-11 21:20:34.545 [http-nio-8080-exec-6] DEBUG c.a.a.s.impl.ReviewAssistantAgent - ========== Agent 流式意图识别 ==========
2026-09-11 21:20:34.545 [http-nio-8080-exec-6] DEBUG c.a.a.s.impl.ReviewAssistantAgent - 用户消息: 帮我出几道练习题
2026-09-11 21:20:34.545 [http-nio-8080-exec-6] DEBUG c.a.a.s.impl.ReviewAssistantAgent - 识别意图: QUIZ
2026-09-11 21:20:34.545 [http-nio-8080-exec-6] DEBUG c.a.a.s.impl.ReviewAssistantAgent - 提取参数: {}
2026-09-11 21:20:34.546 [http-nio-8080-exec-6] DEBUG c.a.a.s.impl.ReviewAssistantAgent - [Agent] 流式调用工具: QUIZ
2026-09-11 21:20:34.546 [http-nio-8080-exec-6] DEBUG c.a.a.s.impl.ReviewAssistantAgent - ================================
2026-09-11 21:20:34.984 [http-nio-8080-exec-7] DEBUG c.a.a.m.C.selectList - ==>  Preparing: SELECT id,title,user_id,course_id,created_at,updated_at FROM conversation WHERE (user_id = ?) ORDER BY updated_at DESC
2026-09-11 21:20:34.984 [http-nio-8080-exec-7] DEBUG c.a.a.m.C.selectList - ==> Parameters: 2(String)
2026-09-11 21:20:34.986 [http-nio-8080-exec-7] DEBUG c.a.a.m.C.selectList - <==      Total: 2
2026-09-11 21:20:37.932 [http-nio-8080-exec-8] DEBUG c.a.a.m.C.selectList - ==>  Preparing: SELECT id,title,user_id,course_id,created_at,updated_at FROM conversation WHERE (user_id = ?) ORDER BY updated_at DESC
2026-09-11 21:20:37.932 [http-nio-8080-exec-8] DEBUG c.a.a.m.C.selectList - ==> Parameters: 2(String)
2026-09-11 21:20:37.934 [http-nio-8080-exec-8] DEBUG c.a.a.m.C.selectList - <==      Total: 2
2026-09-11 21:20:37.947 [http-nio-8080-exec-9] DEBUG c.a.a.m.ConversationMapper.insert - ==>  Preparing: INSERT INTO conversation ( title, user_id ) VALUES ( ?, ? )
2026-09-11 21:20:37.947 [http-nio-8080-exec-9] DEBUG c.a.a.m.ConversationMapper.insert - ==> Parameters: 新对话(String), 2(String)
2026-09-11 21:20:37.950 [http-nio-8080-exec-9] DEBUG c.a.a.m.ConversationMapper.insert - <==    Updates: 1
2026-09-11 21:20:37.961 [http-nio-8080-exec-10] DEBUG c.a.a.m.C.selectList - ==>  Preparing: SELECT id,title,user_id,course_id,created_at,updated_at FROM conversation WHERE (user_id = ?) ORDER BY updated_at DESC
2026-09-11 21:20:37.961 [http-nio-8080-exec-10] DEBUG c.a.a.m.C.selectList - ==> Parameters: 2(String)
2026-09-11 21:20:37.963 [http-nio-8080-exec-10] DEBUG c.a.a.m.C.selectList - <==      Total: 3
2026-09-11 21:20:40.304 [http-nio-8080-exec-1] DEBUG c.a.a.m.C.selectById - ==>  Preparing: SELECT id,title,user_id,course_id,created_at,updated_at FROM conversation WHERE id=?
2026-09-11 21:20:40.304 [http-nio-8080-exec-1] DEBUG c.a.a.m.C.selectById - ==> Parameters: 33(Integer)
2026-09-11 21:20:40.306 [http-nio-8080-exec-1] DEBUG c.a.a.m.C.selectById - <==      Total: 1
2026-09-11 21:20:40.307 [http-nio-8080-exec-1] DEBUG c.a.a.m.C.updateById - ==>  Preparing: UPDATE conversation SET title=?, user_id=?, created_at=?, updated_at=? WHERE id=?
2026-09-11 21:20:40.307 [http-nio-8080-exec-1] DEBUG c.a.a.m.C.updateById - ==> Parameters: 帮我制定一个复习计划(String), 2(String), 2026-09-11T21:20:37.948495(LocalDateTime), 2026-09-11T21:20:40.306644(LocalDateTime), 33(Integer)
2026-09-11 21:20:40.309 [http-nio-8080-exec-1] DEBUG c.a.a.m.C.updateById - <==    Updates: 1
2026-09-11 21:20:40.311 [http-nio-8080-exec-1] DEBUG c.a.a.mapper.MessageMapper.insert - ==>  Preparing: INSERT INTO message ( conversation_id, role, content ) VALUES ( ?, ?, ? )
2026-09-11 21:20:40.311 [http-nio-8080-exec-1] DEBUG c.a.a.mapper.MessageMapper.insert - ==> Parameters: 33(Integer), user(String), 帮我制定一个复习计划(String)
2026-09-11 21:20:40.313 [http-nio-8080-exec-1] DEBUG c.a.a.mapper.MessageMapper.insert - <==    Updates: 1
2026-09-11 21:20:40.315 [http-nio-8080-exec-1] DEBUG c.a.a.m.MessageMapper.selectList - ==>  Preparing: SELECT id,conversation_id,role,content,intent,created_at FROM message WHERE (conversation_id = ?) ORDER BY created_at ASC LIMIT 10
2026-09-11 21:20:40.315 [http-nio-8080-exec-1] DEBUG c.a.a.m.MessageMapper.selectList - ==> Parameters: 33(Integer)
2026-09-11 21:20:40.317 [http-nio-8080-exec-1] DEBUG c.a.a.m.MessageMapper.selectList - <==      Total: 1
2026-09-11 21:20:41.287 [http-nio-8080-exec-1] DEBUG c.a.a.s.impl.ReviewAssistantAgent - ========== Agent 流式意图识别 ==========
2026-09-11 21:20:41.289 [http-nio-8080-exec-1] DEBUG c.a.a.s.impl.ReviewAssistantAgent - 用户消息: 帮我制定一个复习计划
2026-09-11 21:20:41.289 [http-nio-8080-exec-1] DEBUG c.a.a.s.impl.ReviewAssistantAgent - 识别意图: PLAN
2026-09-11 21:20:41.289 [http-nio-8080-exec-1] DEBUG c.a.a.s.impl.ReviewAssistantAgent - 提取参数: {}
2026-09-11 21:20:41.289 [http-nio-8080-exec-1] DEBUG c.a.a.s.impl.ReviewAssistantAgent - [Agent] 流式调用工具: PLAN
2026-09-11 21:20:41.290 [http-nio-8080-exec-1] DEBUG c.a.a.s.impl.ReviewAssistantAgent - ================================
2026-09-11 21:20:42.040 [http-nio-8080-exec-2] DEBUG c.a.a.m.C.selectList - ==>  Preparing: SELECT id,title,user_id,course_id,created_at,updated_at FROM conversation WHERE (user_id = ?) ORDER BY updated_at DESC
2026-09-11 21:20:42.040 [http-nio-8080-exec-2] DEBUG c.a.a.m.C.selectList - ==> Parameters: 2(String)
2026-09-11 21:20:42.043 [http-nio-8080-exec-2] DEBUG c.a.a.m.C.selectList - <==      Total: 3
2026-09-11 21:20:43.799 [http-nio-8080-exec-3] DEBUG c.a.a.m.C.selectList - ==>  Preparing: SELECT id,title,user_id,course_id,created_at,updated_at FROM conversation WHERE (user_id = ?) ORDER BY updated_at DESC
2026-09-11 21:20:43.799 [http-nio-8080-exec-3] DEBUG c.a.a.m.C.selectList - ==> Parameters: 2(String)
2026-09-11 21:20:43.801 [http-nio-8080-exec-3] DEBUG c.a.a.m.C.selectList - <==      Total: 3
2026-09-11 21:20:43.813 [http-nio-8080-exec-4] DEBUG c.a.a.m.ConversationMapper.insert - ==>  Preparing: INSERT INTO conversation ( title, user_id ) VALUES ( ?, ? )
2026-09-11 21:20:43.813 [http-nio-8080-exec-4] DEBUG c.a.a.m.ConversationMapper.insert - ==> Parameters: 新对话(String), 2(String)
2026-09-11 21:20:43.815 [http-nio-8080-exec-4] DEBUG c.a.a.m.ConversationMapper.insert - <==    Updates: 1
2026-09-11 21:20:43.825 [http-nio-8080-exec-5] DEBUG c.a.a.m.C.selectList - ==>  Preparing: SELECT id,title,user_id,course_id,created_at,updated_at FROM conversation WHERE (user_id = ?) ORDER BY updated_at DESC
2026-09-11 21:20:43.825 [http-nio-8080-exec-5] DEBUG c.a.a.m.C.selectList - ==> Parameters: 2(String)
2026-09-11 21:20:43.827 [http-nio-8080-exec-5] DEBUG c.a.a.m.C.selectList - <==      Total: 4
2026-09-11 21:20:46.046 [http-nio-8080-exec-1] DEBUG c.a.a.mapper.MessageMapper.insert - ==>  Preparing: INSERT INTO message ( conversation_id, role, content, intent ) VALUES ( ?, ?, ?, ? )
2026-09-11 21:20:46.047 [http-nio-8080-exec-1] DEBUG c.a.a.mapper.MessageMapper.insert - ==> Parameters: 33(Integer), assistant(String), 请明确您要复习的**具体学科和课程名称**（例如：“高等数学”“Python编程入门”“初中物理”等），因为当前提供的课程名称“帮我一个”不是真实存在的标准课程，我无法从中提取真实的章节、知识点或练习内容。

根据我的核心规则：
- ❌ 严禁跨学科编造内容  
- ❌ 严禁臆造不存在的章节或知识点  
- ✅ 必须依据真实课程结构制定计划  

请您补充：  
🔹 学科领域（如数学、英语、计算机、医学等）  
🔹 具体课程名称（如《同济版高等数学（第七版）》《新概念英语第二册》《C语言程序设计（清华大学出版社）》等）  
🔹 （可选）您的学习阶段（如考研复习/期末备考/自学入门）

收到准确信息后，我将立即为您生成符合全部要求的7天高效复习计划。(String), PLAN(String)
2026-09-11 21:20:46.049 [http-nio-8080-exec-1] DEBUG c.a.a.mapper.MessageMapper.insert - <==    Updates: 1
2026-09-11 21:20:46.050 [http-nio-8080-exec-1] DEBUG c.a.a.m.C.selectById - ==>  Preparing: SELECT id,title,user_id,course_id,created_at,updated_at FROM conversation WHERE id=?
2026-09-11 21:20:46.051 [http-nio-8080-exec-1] DEBUG c.a.a.m.C.selectById - ==> Parameters: 33(Integer)
2026-09-11 21:20:46.052 [http-nio-8080-exec-1] DEBUG c.a.a.m.C.selectById - <==      Total: 1
2026-09-11 21:20:46.053 [http-nio-8080-exec-1] DEBUG c.a.a.m.ReviewRecordsMapper.insert - ==>  Preparing: INSERT INTO review_records ( conversation_id, user_id, question, answer, created_at ) VALUES ( ?, ?, ?, ?, ? )
2026-09-11 21:20:46.054 [http-nio-8080-exec-1] DEBUG c.a.a.m.ReviewRecordsMapper.insert - ==> Parameters: 33(Integer), 2(String), 帮我制定一个复习计划(String), 请明确您要复习的**具体学科和课程名称**（例如：“高等数学”“Python编程入门”“初中物理”等），因为当前提供的课程名称“帮我一个”不是真实存在的标准课程，我无法从中提取真实的章节、知识点或练习内容。

根据我的核心规则：
- ❌ 严禁跨学科编造内容  
- ❌ 严禁臆造不存在的章节或知识点  
- ✅ 必须依据真实课程结构制定计划  

请您补充：  
🔹 学科领域（如数学、英语、计算机、医学等）  
🔹 具体课程名称（如《同济版高等数学（第七版）》《新概念英语第二册》《C语言程序设计（清华大学出版社）》等）  
🔹 （可选）您的学习阶段（如考研复习/期末备考/自学入门）

收到准确信息后，我将立即为您生成符合全部要求的7天高效复习计划。(String), 2026-09-11T21:20:46.052955(LocalDateTime)
2026-09-11 21:20:46.125 [http-nio-8080-exec-1] WARN  c.a.a.s.impl.ReviewAssistantAgent - [Agent] 保存复习记录失败: 
### Error updating database.  Cause: org.postgresql.util.PSQLException: ERROR: null value in column "course_id" of relation "review_records" violates not-null constraint
  Detail: Failing row contains (16, null, 2, 帮我制定一个复习计划, 请明确您要复习的**具体学科和课程名称**（例如..., 2026-09-11 21:20:46.052955, 33).
### The error may exist in com/aiservice/aireviewassistant/mapper/ReviewRecordsMapper.java (best guess)
### The error may involve com.aiservice.aireviewassistant.mapper.ReviewRecordsMapper.insert-Inline
### The error occurred while setting parameters
### SQL: INSERT INTO review_records  ( conversation_id,  user_id, question, answer, created_at )  VALUES (  ?,  ?, ?, ?, ?  )
### Cause: org.postgresql.util.PSQLException: ERROR: null value in column "course_id" of relation "review_records" violates not-null constraint
  Detail: Failing row contains (16, null, 2, 帮我制定一个复习计划, 请明确您要复习的**具体学科和课程名称**（例如..., 2026-09-11 21:20:46.052955, 33).
; ERROR: null value in column "course_id" of relation "review_records" violates not-null constraint
  Detail: Failing row contains (16, null, 2, 帮我制定一个复习计划, 请明确您要复习的**具体学科和课程名称**（例如..., 2026-09-11 21:20:46.052955, 33).
2026-09-11 21:20:46.126 [http-nio-8080-exec-1] DEBUG c.a.a.mapper.AgentLogMapper.insert - ==>  Preparing: INSERT INTO agent_log ( conversation_id, user_message, intent, parameters, latency_ms, success, created_at ) VALUES ( ?, ?, ?, ?, ?, ?, ? )
2026-09-11 21:20:46.127 [http-nio-8080-exec-1] DEBUG c.a.a.mapper.AgentLogMapper.insert - ==> Parameters: 33(Integer), 帮我制定一个复习计划(String), PLAN(String), {}(String), 5823(Long), true(Boolean), 2026-09-11T21:20:46.125981(LocalDateTime)
2026-09-11 21:20:46.130 [http-nio-8080-exec-1] DEBUG c.a.a.mapper.AgentLogMapper.insert - <==    Updates: 1
2026-09-11 21:20:46.137 [http-nio-8080-exec-1] ERROR c.a.a.e.GlobalExceptionHandler - 系统异常: ServletOutputStream failed to flush: java.io.IOException: Broken pipe
org.springframework.web.context.request.async.AsyncRequestNotUsableException: ServletOutputStream failed to flush: java.io.IOException: Broken pipe
	at org.springframework.web.context.request.async.StandardServletAsyncWebRequest$LifecycleHttpServletResponse.handleIOException(StandardServletAsyncWebRequest.java:343)
	at org.springframework.web.context.request.async.StandardServletAsyncWebRequest$LifecycleServletOutputStream.flush(StandardServletAsyncWebRequest.java:415)
	at org.springframework.util.StreamUtils.copy(StreamUtils.java:135)
	at org.springframework.http.converter.StringHttpMessageConverter.writeInternal(StringHttpMessageConverter.java:128)
	at org.springframework.http.converter.StringHttpMessageConverter.writeInternal(StringHttpMessageConverter.java:44)
	at org.springframework.http.converter.AbstractHttpMessageConverter.write(AbstractHttpMessageConverter.java:235)
	at org.springframework.web.servlet.mvc.method.annotation.ResponseBodyEmitterReturnValueHandler$HttpMessageConvertingHandler.sendInternal(ResponseBodyEmitterReturnValueHandler.java:221)
	at org.springframework.web.servlet.mvc.method.annotation.ResponseBodyEmitterReturnValueHandler$HttpMessageConvertingHandler.send(ResponseBodyEmitterReturnValueHandler.java:212)
	at org.springframework.web.servlet.mvc.method.annotation.ResponseBodyEmitter.sendInternal(ResponseBodyEmitter.java:223)
	at org.springframework.web.servlet.mvc.method.annotation.ResponseBodyEmitter.initialize(ResponseBodyEmitter.java:121)
	at org.springframework.web.servlet.mvc.method.annotation.ResponseBodyEmitterReturnValueHandler.handleReturnValue(ResponseBodyEmitterReturnValueHandler.java:185)
	at org.springframework.web.method.support.HandlerMethodReturnValueHandlerComposite.handleReturnValue(HandlerMethodReturnValueHandlerComposite.java:78)
	at org.springframework.web.servlet.mvc.method.annotation.ServletInvocableHandlerMethod.invokeAndHandle(ServletInvocableHandlerMethod.java:136)
	at org.springframework.web.servlet.mvc.method.annotation.RequestMappingHandlerAdapter.invokeHandlerMethod(RequestMappingHandlerAdapter.java:926)
	at org.springframework.web.servlet.mvc.method.annotation.RequestMappingHandlerAdapter.handleInternal(RequestMappingHandlerAdapter.java:831)
	at org.springframework.web.servlet.mvc.method.AbstractHandlerMethodAdapter.handle(AbstractHandlerMethodAdapter.java:87)
	at org.springframework.web.servlet.DispatcherServlet.doDispatch(DispatcherServlet.java:1089)
	at org.springframework.web.servlet.DispatcherServlet.doService(DispatcherServlet.java:979)
	at org.springframework.web.servlet.FrameworkServlet.processRequest(FrameworkServlet.java:1014)
	at org.springframework.web.servlet.FrameworkServlet.doGet(FrameworkServlet.java:903)
	at jakarta.servlet.http.HttpServlet.service(HttpServlet.java:564)
	at org.springframework.web.servlet.FrameworkServlet.service(FrameworkServlet.java:885)
	at jakarta.servlet.http.HttpServlet.service(HttpServlet.java:658)
	at org.apache.catalina.core.ApplicationFilterChain.internalDoFilter(ApplicationFilterChain.java:195)
	at org.apache.catalina.core.ApplicationFilterChain.doFilter(ApplicationFilterChain.java:140)
	at org.apache.tomcat.websocket.server.WsFilter.doFilter(WsFilter.java:51)
	at org.apache.catalina.core.ApplicationFilterChain.internalDoFilter(ApplicationFilterChain.java:164)
	at org.apache.catalina.core.ApplicationFilterChain.doFilter(ApplicationFilterChain.java:140)
	at org.springframework.web.filter.CompositeFilter$VirtualFilterChain.doFilter(CompositeFilter.java:108)
	at org.springframework.security.web.FilterChainProxy.lambda$doFilterInternal$3(FilterChainProxy.java:231)
	at org.springframework.security.web.ObservationFilterChainDecorator$FilterObservation$SimpleFilterObservation.lambda$wrap$1(ObservationFilterChainDecorator.java:479)
	at org.springframework.security.web.ObservationFilterChainDecorator$AroundFilterObservation$SimpleAroundFilterObservation.lambda$wrap$1(ObservationFilterChainDecorator.java:340)
	at org.springframework.security.web.ObservationFilterChainDecorator.lambda$wrapSecured$0(ObservationFilterChainDecorator.java:82)
	at org.springframework.security.web.ObservationFilterChainDecorator$VirtualFilterChain.doFilter(ObservationFilterChainDecorator.java:128)
	at org.springframework.security.web.access.intercept.AuthorizationFilter.doFilter(AuthorizationFilter.java:100)
	at org.springframework.security.web.ObservationFilterChainDecorator$ObservationFilter.wrapFilter(ObservationFilterChainDecorator.java:240)
	at org.springframework.security.web.ObservationFilterChainDecorator$ObservationFilter.doFilter(ObservationFilterChainDecorator.java:227)
	at org.springframework.security.web.ObservationFilterChainDecorator$VirtualFilterChain.doFilter(ObservationFilterChainDecorator.java:137)
	at org.springframework.security.web.access.ExceptionTranslationFilter.doFilter(ExceptionTranslationFilter.java:126)
	at org.springframework.security.web.access.ExceptionTranslationFilter.doFilter(ExceptionTranslationFilter.java:120)
	at org.springframework.security.web.ObservationFilterChainDecorator$ObservationFilter.wrapFilter(ObservationFilterChainDecorator.java:240)
	at org.springframework.security.web.ObservationFilterChainDecorator$ObservationFilter.doFilter(ObservationFilterChainDecorator.java:227)
	at org.springframework.security.web.ObservationFilterChainDecorator$VirtualFilterChain.doFilter(ObservationFilterChainDecorator.java:137)
	at org.springframework.security.web.session.SessionManagementFilter.doFilter(SessionManagementFilter.java:131)
	at org.springframework.security.web.session.SessionManagementFilter.doFilter(SessionManagementFilter.java:85)
	at org.springframework.security.web.ObservationFilterChainDecorator$ObservationFilter.wrapFilter(ObservationFilterChainDecorator.java:240)
	at org.springframework.security.web.ObservationFilterChainDecorator$ObservationFilter.doFilter(ObservationFilterChainDecorator.java:227)
	at org.springframework.security.web.ObservationFilterChainDecorator$VirtualFilterChain.doFilter(ObservationFilterChainDecorator.java:137)
	at org.springframework.security.web.authentication.AnonymousAuthenticationFilter.doFilter(AnonymousAuthenticationFilter.java:100)
	at org.springframework.security.web.ObservationFilterChainDecorator$ObservationFilter.wrapFilter(ObservationFilterChainDecorator.java:240)
	at org.springframework.security.web.ObservationFilterChainDecorator$ObservationFilter.doFilter(ObservationFilterChainDecorator.java:227)
	at org.springframework.security.web.ObservationFilterChainDecorator$VirtualFilterChain.doFilter(ObservationFilterChainDecorator.java:137)
	at org.springframework.security.web.servletapi.SecurityContextHolderAwareRequestFilter.doFilter(SecurityContextHolderAwareRequestFilter.java:179)
	at org.springframework.security.web.ObservationFilterChainDecorator$ObservationFilter.wrapFilter(ObservationFilterChainDecorator.java:240)
	at org.springframework.security.web.ObservationFilterChainDecorator$ObservationFilter.doFilter(ObservationFilterChainDecorator.java:227)
	at org.springframework.security.web.ObservationFilterChainDecorator$VirtualFilterChain.doFilter(ObservationFilterChainDecorator.java:137)
	at org.springframework.security.web.savedrequest.RequestCacheAwareFilter.doFilter(RequestCacheAwareFilter.java:63)
	at org.springframework.security.web.ObservationFilterChainDecorator$ObservationFilter.wrapFilter(ObservationFilterChainDecorator.java:240)
	at org.springframework.security.web.ObservationFilterChainDecorator$ObservationFilter.doFilter(ObservationFilterChainDecorator.java:227)
	at org.springframework.security.web.ObservationFilterChainDecorator$VirtualFilterChain.doFilter(ObservationFilterChainDecorator.java:137)
	at com.aiservice.aireviewassistant.security.JwtAuthenticationFilter.doFilterInternal(JwtAuthenticationFilter.java:54)
	at org.springframework.web.filter.OncePerRequestFilter.doFilter(OncePerRequestFilter.java:116)
	at org.springframework.security.web.ObservationFilterChainDecorator$ObservationFilter.wrapFilter(ObservationFilterChainDecorator.java:240)
	at org.springframework.security.web.ObservationFilterChainDecorator$ObservationFilter.doFilter(ObservationFilterChainDecorator.java:227)
	at org.springframework.security.web.ObservationFilterChainDecorator$VirtualFilterChain.doFilter(ObservationFilterChainDecorator.java:137)
	at org.springframework.security.web.authentication.logout.LogoutFilter.doFilter(LogoutFilter.java:107)
	at org.springframework.security.web.authentication.logout.LogoutFilter.doFilter(LogoutFilter.java:93)
	at org.springframework.security.web.ObservationFilterChainDecorator$ObservationFilter.wrapFilter(ObservationFilterChainDecorator.java:240)
	at org.springframework.security.web.ObservationFilterChainDecorator$ObservationFilter.doFilter(ObservationFilterChainDecorator.java:227)
	at org.springframework.security.web.ObservationFilterChainDecorator$VirtualFilterChain.doFilter(ObservationFilterChainDecorator.java:137)
	at org.springframework.security.web.header.HeaderWriterFilter.doHeadersAfter(HeaderWriterFilter.java:90)
	at org.springframework.security.web.header.HeaderWriterFilter.doFilterInternal(HeaderWriterFilter.java:75)
	at org.springframework.web.filter.OncePerRequestFilter.doFilter(OncePerRequestFilter.java:116)
	at org.springframework.security.web.ObservationFilterChainDecorator$ObservationFilter.wrapFilter(ObservationFilterChainDecorator.java:240)
	at org.springframework.security.web.ObservationFilterChainDecorator$ObservationFilter.doFilter(ObservationFilterChainDecorator.java:227)
	at org.springframework.security.web.ObservationFilterChainDecorator$VirtualFilterChain.doFilter(ObservationFilterChainDecorator.java:137)
	at org.springframework.security.web.context.SecurityContextHolderFilter.doFilter(SecurityContextHolderFilter.java:82)
	at org.springframework.security.web.context.SecurityContextHolderFilter.doFilter(SecurityContextHolderFilter.java:69)
	at org.springframework.security.web.ObservationFilterChainDecorator$ObservationFilter.wrapFilter(ObservationFilterChainDecorator.java:240)
	at org.springframework.security.web.ObservationFilterChainDecorator$ObservationFilter.doFilter(ObservationFilterChainDecorator.java:227)
	at org.springframework.security.web.ObservationFilterChainDecorator$VirtualFilterChain.doFilter(ObservationFilterChainDecorator.java:137)
	at org.springframework.security.web.context.request.async.WebAsyncManagerIntegrationFilter.doFilterInternal(WebAsyncManagerIntegrationFilter.java:62)
	at org.springframework.web.filter.OncePerRequestFilter.doFilter(OncePerRequestFilter.java:116)
	at org.springframework.security.web.ObservationFilterChainDecorator$ObservationFilter.wrapFilter(ObservationFilterChainDecorator.java:240)
	at org.springframework.security.web.ObservationFilterChainDecorator$ObservationFilter.doFilter(ObservationFilterChainDecorator.java:227)
	at org.springframework.security.web.ObservationFilterChainDecorator$VirtualFilterChain.doFilter(ObservationFilterChainDecorator.java:137)
	at org.springframework.security.web.session.DisableEncodeUrlFilter.doFilterInternal(DisableEncodeUrlFilter.java:42)
	at org.springframework.web.filter.OncePerRequestFilter.doFilter(OncePerRequestFilter.java:116)
	at org.springframework.security.web.ObservationFilterChainDecorator$ObservationFilter.wrapFilter(ObservationFilterChainDecorator.java:240)
	at org.springframework.security.web.ObservationFilterChainDecorator$AroundFilterObservation$SimpleAroundFilterObservation.lambda$wrap$0(ObservationFilterChainDecorator.java:323)
	at org.springframework.security.web.ObservationFilterChainDecorator$ObservationFilter.doFilter(ObservationFilterChainDecorator.java:224)
	at org.springframework.security.web.ObservationFilterChainDecorator$VirtualFilterChain.doFilter(ObservationFilterChainDecorator.java:137)
	at org.springframework.security.web.FilterChainProxy.doFilterInternal(FilterChainProxy.java:233)
	at org.springframework.security.web.FilterChainProxy.doFilter(FilterChainProxy.java:191)
	at org.springframework.web.filter.CompositeFilter$VirtualFilterChain.doFilter(CompositeFilter.java:113)
	at org.springframework.web.servlet.handler.HandlerMappingIntrospector.lambda$createCacheFilter$3(HandlerMappingIntrospector.java:195)
	at org.springframework.web.filter.CompositeFilter$VirtualFilterChain.doFilter(CompositeFilter.java:113)
	at org.springframework.web.filter.CompositeFilter.doFilter(CompositeFilter.java:74)
	at org.springframework.security.config.annotation.web.configuration.WebMvcSecurityConfiguration$CompositeFilterChainProxy.doFilter(WebMvcSecurityConfiguration.java:230)
	at org.springframework.web.filter.DelegatingFilterProxy.invokeDelegate(DelegatingFilterProxy.java:352)
	at org.springframework.web.filter.DelegatingFilterProxy.doFilter(DelegatingFilterProxy.java:268)
	at org.apache.catalina.core.ApplicationFilterChain.internalDoFilter(ApplicationFilterChain.java:164)
	at org.apache.catalina.core.ApplicationFilterChain.doFilter(ApplicationFilterChain.java:140)
	at org.springframework.web.filter.RequestContextFilter.doFilterInternal(RequestContextFilter.java:100)
	at org.springframework.web.filter.OncePerRequestFilter.doFilter(OncePerRequestFilter.java:116)
	at org.apache.catalina.core.ApplicationFilterChain.internalDoFilter(ApplicationFilterChain.java:164)
	at org.apache.catalina.core.ApplicationFilterChain.doFilter(ApplicationFilterChain.java:140)
	at org.springframework.web.filter.FormContentFilter.doFilterInternal(FormContentFilter.java:93)
	at org.springframework.web.filter.OncePerRequestFilter.doFilter(OncePerRequestFilter.java:116)
	at org.apache.catalina.core.ApplicationFilterChain.internalDoFilter(ApplicationFilterChain.java:164)
	at org.apache.catalina.core.ApplicationFilterChain.doFilter(ApplicationFilterChain.java:140)
	at org.springframework.web.filter.ServerHttpObservationFilter.doFilterInternal(ServerHttpObservationFilter.java:113)
	at org.springframework.web.filter.OncePerRequestFilter.doFilter(OncePerRequestFilter.java:116)
	at org.apache.catalina.core.ApplicationFilterChain.internalDoFilter(ApplicationFilterChain.java:164)
	at org.apache.catalina.core.ApplicationFilterChain.doFilter(ApplicationFilterChain.java:140)
	at org.springframework.web.filter.CharacterEncodingFilter.doFilterInternal(CharacterEncodingFilter.java:201)
	at org.springframework.web.filter.OncePerRequestFilter.doFilter(OncePerRequestFilter.java:116)
	at org.apache.catalina.core.ApplicationFilterChain.internalDoFilter(ApplicationFilterChain.java:164)
	at org.apache.catalina.core.ApplicationFilterChain.doFilter(ApplicationFilterChain.java:140)
	at org.apache.catalina.core.StandardWrapperValve.invoke(StandardWrapperValve.java:167)
	at org.apache.catalina.core.StandardContextValve.invoke(StandardContextValve.java:90)
	at org.apache.catalina.authenticator.AuthenticatorBase.invoke(AuthenticatorBase.java:483)
	at org.apache.catalina.core.StandardHostValve.invoke(StandardHostValve.java:115)
	at org.apache.catalina.valves.ErrorReportValve.invoke(ErrorReportValve.java:93)
	at org.apache.catalina.core.StandardEngineValve.invoke(StandardEngineValve.java:74)
	at org.apache.catalina.connector.CoyoteAdapter.service(CoyoteAdapter.java:344)
	at org.apache.coyote.http11.Http11Processor.service(Http11Processor.java:384)
	at org.apache.coyote.AbstractProcessorLight.process(AbstractProcessorLight.java:63)
	at org.apache.coyote.AbstractProtocol$ConnectionHandler.process(AbstractProtocol.java:905)
	at org.apache.tomcat.util.net.NioEndpoint$SocketProcessor.doRun(NioEndpoint.java:1741)
	at org.apache.tomcat.util.net.SocketProcessorBase.run(SocketProcessorBase.java:52)
	at org.apache.tomcat.util.threads.ThreadPoolExecutor.runWorker(ThreadPoolExecutor.java:1190)
	at org.apache.tomcat.util.threads.ThreadPoolExecutor$Worker.run(ThreadPoolExecutor.java:659)
	at org.apache.tomcat.util.threads.TaskThread$WrappingRunnable.run(TaskThread.java:63)
	at java.base/java.lang.Thread.run(Thread.java:1570)
Caused by: org.apache.catalina.connector.ClientAbortException: java.io.IOException: Broken pipe
	at org.apache.catalina.connector.OutputBuffer.doFlush(OutputBuffer.java:303)
	at org.apache.catalina.connector.OutputBuffer.flush(OutputBuffer.java:265)
	at org.apache.catalina.connector.CoyoteOutputStream.flush(CoyoteOutputStream.java:136)
	at org.springframework.security.web.util.OnCommittedResponseWrapper$SaveContextServletOutputStream.flush(OnCommittedResponseWrapper.java:524)
	at org.springframework.web.context.request.async.StandardServletAsyncWebRequest$LifecycleServletOutputStream.flush(StandardServletAsyncWebRequest.java:412)
	... 133 common frames omitted
Caused by: java.io.IOException: Broken pipe
	at java.base/sun.nio.ch.SocketDispatcher.write0(Native Method)
	at java.base/sun.nio.ch.SocketDispatcher.write(SocketDispatcher.java:62)
	at java.base/sun.nio.ch.IOUtil.writeFromNativeBuffer(IOUtil.java:137)
	at java.base/sun.nio.ch.IOUtil.write(IOUtil.java:102)
	at java.base/sun.nio.ch.IOUtil.write(IOUtil.java:58)
	at java.base/sun.nio.ch.SocketChannelImpl.implWrite(SocketChannelImpl.java:566)
	at java.base/sun.nio.ch.SocketChannelImpl.write(SocketChannelImpl.java:618)
	at org.apache.tomcat.util.net.NioChannel.write(NioChannel.java:122)
	at org.apache.tomcat.util.net.NioEndpoint$NioSocketWrapper.doWrite(NioEndpoint.java:1378)
	at org.apache.tomcat.util.net.SocketWrapperBase.doWrite(SocketWrapperBase.java:764)
	at org.apache.tomcat.util.net.SocketWrapperBase.flushBlocking(SocketWrapperBase.java:728)
	at org.apache.tomcat.util.net.SocketWrapperBase.flush(SocketWrapperBase.java:712)
	at org.apache.coyote.http11.Http11OutputBuffer$SocketOutputBuffer.flush(Http11OutputBuffer.java:574)
	at org.apache.coyote.http11.filters.ChunkedOutputFilter.flush(ChunkedOutputFilter.java:156)
	at org.apache.coyote.http11.Http11OutputBuffer.flush(Http11OutputBuffer.java:216)
	at org.apache.coyote.http11.Http11Processor.flush(Http11Processor.java:1252)
	at org.apache.coyote.AbstractProcessor.action(AbstractProcessor.java:408)
	at org.apache.coyote.Response.action(Response.java:208)
	at org.apache.catalina.connector.OutputBuffer.doFlush(OutputBuffer.java:299)
	... 137 common frames omitted
2026-09-11 21:20:46.139 [http-nio-8080-exec-1] WARN  o.s.w.s.m.m.a.ExceptionHandlerExceptionResolver - Failure in @ExceptionHandler com.aiservice.aireviewassistant.exception.GlobalExceptionHandler#handleException(Exception)
org.springframework.http.converter.HttpMessageNotWritableException: No converter for [class com.aiservice.aireviewassistant.common.ApiResponse] with preset Content-Type 'text/event-stream'
	at org.springframework.web.servlet.mvc.method.annotation.AbstractMessageConverterMethodProcessor.writeWithMessageConverters(AbstractMessageConverterMethodProcessor.java:319)
	at org.springframework.web.servlet.mvc.method.annotation.RequestResponseBodyMethodProcessor.handleReturnValue(RequestResponseBodyMethodProcessor.java:192)
	at org.springframework.web.method.support.HandlerMethodReturnValueHandlerComposite.handleReturnValue(HandlerMethodReturnValueHandlerComposite.java:78)
	at org.springframework.web.servlet.mvc.method.annotation.ServletInvocableHandlerMethod.invokeAndHandle(ServletInvocableHandlerMethod.java:136)
	at org.springframework.web.servlet.mvc.method.annotation.ExceptionHandlerExceptionResolver.doResolveHandlerMethodException(ExceptionHandlerExceptionResolver.java:432)
	at org.springframework.web.servlet.handler.AbstractHandlerMethodExceptionResolver.doResolveException(AbstractHandlerMethodExceptionResolver.java:74)
	at org.springframework.web.servlet.handler.AbstractHandlerExceptionResolver.resolveException(AbstractHandlerExceptionResolver.java:175)
	at org.springframework.web.servlet.handler.HandlerExceptionResolverComposite.resolveException(HandlerExceptionResolverComposite.java:80)
	at org.springframework.web.servlet.DispatcherServlet.processHandlerException(DispatcherServlet.java:1358)
	at org.springframework.web.servlet.DispatcherServlet.processDispatchResult(DispatcherServlet.java:1161)
	at org.springframework.web.servlet.DispatcherServlet.doDispatch(DispatcherServlet.java:1106)
	at org.springframework.web.servlet.DispatcherServlet.doService(DispatcherServlet.java:979)
	at org.springframework.web.servlet.FrameworkServlet.processRequest(FrameworkServlet.java:1014)
	at org.springframework.web.servlet.FrameworkServlet.doGet(FrameworkServlet.java:903)
	at jakarta.servlet.http.HttpServlet.service(HttpServlet.java:564)
	at org.springframework.web.servlet.FrameworkServlet.service(FrameworkServlet.java:885)
	at jakarta.servlet.http.HttpServlet.service(HttpServlet.java:658)
	at org.apache.catalina.core.ApplicationFilterChain.internalDoFilter(ApplicationFilterChain.java:195)
	at org.apache.catalina.core.ApplicationFilterChain.doFilter(ApplicationFilterChain.java:140)
	at org.apache.tomcat.websocket.server.WsFilter.doFilter(WsFilter.java:51)
	at org.apache.catalina.core.ApplicationFilterChain.internalDoFilter(ApplicationFilterChain.java:164)
	at org.apache.catalina.core.ApplicationFilterChain.doFilter(ApplicationFilterChain.java:140)
	at org.springframework.web.filter.CompositeFilter$VirtualFilterChain.doFilter(CompositeFilter.java:108)
	at org.springframework.security.web.FilterChainProxy.lambda$doFilterInternal$3(FilterChainProxy.java:231)
	at org.springframework.security.web.ObservationFilterChainDecorator$FilterObservation$SimpleFilterObservation.lambda$wrap$1(ObservationFilterChainDecorator.java:479)
	at org.springframework.security.web.ObservationFilterChainDecorator$AroundFilterObservation$SimpleAroundFilterObservation.lambda$wrap$1(ObservationFilterChainDecorator.java:340)
	at org.springframework.security.web.ObservationFilterChainDecorator.lambda$wrapSecured$0(ObservationFilterChainDecorator.java:82)
	at org.springframework.security.web.ObservationFilterChainDecorator$VirtualFilterChain.doFilter(ObservationFilterChainDecorator.java:128)
	at org.springframework.security.web.access.intercept.AuthorizationFilter.doFilter(AuthorizationFilter.java:100)
	at org.springframework.security.web.ObservationFilterChainDecorator$ObservationFilter.wrapFilter(ObservationFilterChainDecorator.java:240)
	at org.springframework.security.web.ObservationFilterChainDecorator$ObservationFilter.doFilter(ObservationFilterChainDecorator.java:227)
	at org.springframework.security.web.ObservationFilterChainDecorator$VirtualFilterChain.doFilter(ObservationFilterChainDecorator.java:137)
	at org.springframework.security.web.access.ExceptionTranslationFilter.doFilter(ExceptionTranslationFilter.java:126)
	at org.springframework.security.web.access.ExceptionTranslationFilter.doFilter(ExceptionTranslationFilter.java:120)
	at org.springframework.security.web.ObservationFilterChainDecorator$ObservationFilter.wrapFilter(ObservationFilterChainDecorator.java:240)
	at org.springframework.security.web.ObservationFilterChainDecorator$ObservationFilter.doFilter(ObservationFilterChainDecorator.java:227)
	at org.springframework.security.web.ObservationFilterChainDecorator$VirtualFilterChain.doFilter(ObservationFilterChainDecorator.java:137)
	at org.springframework.security.web.session.SessionManagementFilter.doFilter(SessionManagementFilter.java:131)
	at org.springframework.security.web.session.SessionManagementFilter.doFilter(SessionManagementFilter.java:85)
	at org.springframework.security.web.ObservationFilterChainDecorator$ObservationFilter.wrapFilter(ObservationFilterChainDecorator.java:240)
	at org.springframework.security.web.ObservationFilterChainDecorator$ObservationFilter.doFilter(ObservationFilterChainDecorator.java:227)
	at org.springframework.security.web.ObservationFilterChainDecorator$VirtualFilterChain.doFilter(ObservationFilterChainDecorator.java:137)
	at org.springframework.security.web.authentication.AnonymousAuthenticationFilter.doFilter(AnonymousAuthenticationFilter.java:100)
	at org.springframework.security.web.ObservationFilterChainDecorator$ObservationFilter.wrapFilter(ObservationFilterChainDecorator.java:240)
	at org.springframework.security.web.ObservationFilterChainDecorator$ObservationFilter.doFilter(ObservationFilterChainDecorator.java:227)
	at org.springframework.security.web.ObservationFilterChainDecorator$VirtualFilterChain.doFilter(ObservationFilterChainDecorator.java:137)
	at org.springframework.security.web.servletapi.SecurityContextHolderAwareRequestFilter.doFilter(SecurityContextHolderAwareRequestFilter.java:179)
	at org.springframework.security.web.ObservationFilterChainDecorator$ObservationFilter.wrapFilter(ObservationFilterChainDecorator.java:240)
	at org.springframework.security.web.ObservationFilterChainDecorator$ObservationFilter.doFilter(ObservationFilterChainDecorator.java:227)
	at org.springframework.security.web.ObservationFilterChainDecorator$VirtualFilterChain.doFilter(ObservationFilterChainDecorator.java:137)
	at org.springframework.security.web.savedrequest.RequestCacheAwareFilter.doFilter(RequestCacheAwareFilter.java:63)
	at org.springframework.security.web.ObservationFilterChainDecorator$ObservationFilter.wrapFilter(ObservationFilterChainDecorator.java:240)
	at org.springframework.security.web.ObservationFilterChainDecorator$ObservationFilter.doFilter(ObservationFilterChainDecorator.java:227)
	at org.springframework.security.web.ObservationFilterChainDecorator$VirtualFilterChain.doFilter(ObservationFilterChainDecorator.java:137)
	at com.aiservice.aireviewassistant.security.JwtAuthenticationFilter.doFilterInternal(JwtAuthenticationFilter.java:54)
	at org.springframework.web.filter.OncePerRequestFilter.doFilter(OncePerRequestFilter.java:116)
	at org.springframework.security.web.ObservationFilterChainDecorator$ObservationFilter.wrapFilter(ObservationFilterChainDecorator.java:240)
	at org.springframework.security.web.ObservationFilterChainDecorator$ObservationFilter.doFilter(ObservationFilterChainDecorator.java:227)
	at org.springframework.security.web.ObservationFilterChainDecorator$VirtualFilterChain.doFilter(ObservationFilterChainDecorator.java:137)
	at org.springframework.security.web.authentication.logout.LogoutFilter.doFilter(LogoutFilter.java:107)
	at org.springframework.security.web.authentication.logout.LogoutFilter.doFilter(LogoutFilter.java:93)
	at org.springframework.security.web.ObservationFilterChainDecorator$ObservationFilter.wrapFilter(ObservationFilterChainDecorator.java:240)
	at org.springframework.security.web.ObservationFilterChainDecorator$ObservationFilter.doFilter(ObservationFilterChainDecorator.java:227)
	at org.springframework.security.web.ObservationFilterChainDecorator$VirtualFilterChain.doFilter(ObservationFilterChainDecorator.java:137)
	at org.springframework.security.web.header.HeaderWriterFilter.doHeadersAfter(HeaderWriterFilter.java:90)
	at org.springframework.security.web.header.HeaderWriterFilter.doFilterInternal(HeaderWriterFilter.java:75)
	at org.springframework.web.filter.OncePerRequestFilter.doFilter(OncePerRequestFilter.java:116)
	at org.springframework.security.web.ObservationFilterChainDecorator$ObservationFilter.wrapFilter(ObservationFilterChainDecorator.java:240)
	at org.springframework.security.web.ObservationFilterChainDecorator$ObservationFilter.doFilter(ObservationFilterChainDecorator.java:227)
	at org.springframework.security.web.ObservationFilterChainDecorator$VirtualFilterChain.doFilter(ObservationFilterChainDecorator.java:137)
	at org.springframework.security.web.context.SecurityContextHolderFilter.doFilter(SecurityContextHolderFilter.java:82)
	at org.springframework.security.web.context.SecurityContextHolderFilter.doFilter(SecurityContextHolderFilter.java:69)
	at org.springframework.security.web.ObservationFilterChainDecorator$ObservationFilter.wrapFilter(ObservationFilterChainDecorator.java:240)
	at org.springframework.security.web.ObservationFilterChainDecorator$ObservationFilter.doFilter(ObservationFilterChainDecorator.java:227)
	at org.springframework.security.web.ObservationFilterChainDecorator$VirtualFilterChain.doFilter(ObservationFilterChainDecorator.java:137)
	at org.springframework.security.web.context.request.async.WebAsyncManagerIntegrationFilter.doFilterInternal(WebAsyncManagerIntegrationFilter.java:62)
	at org.springframework.web.filter.OncePerRequestFilter.doFilter(OncePerRequestFilter.java:116)
	at org.springframework.security.web.ObservationFilterChainDecorator$ObservationFilter.wrapFilter(ObservationFilterChainDecorator.java:240)
	at org.springframework.security.web.ObservationFilterChainDecorator$ObservationFilter.doFilter(ObservationFilterChainDecorator.java:227)
	at org.springframework.security.web.ObservationFilterChainDecorator$VirtualFilterChain.doFilter(ObservationFilterChainDecorator.java:137)
	at org.springframework.security.web.session.DisableEncodeUrlFilter.doFilterInternal(DisableEncodeUrlFilter.java:42)
	at org.springframework.web.filter.OncePerRequestFilter.doFilter(OncePerRequestFilter.java:116)
	at org.springframework.security.web.ObservationFilterChainDecorator$ObservationFilter.wrapFilter(ObservationFilterChainDecorator.java:240)
	at org.springframework.security.web.ObservationFilterChainDecorator$AroundFilterObservation$SimpleAroundFilterObservation.lambda$wrap$0(ObservationFilterChainDecorator.java:323)
	at org.springframework.security.web.ObservationFilterChainDecorator$ObservationFilter.doFilter(ObservationFilterChainDecorator.java:224)
	at org.springframework.security.web.ObservationFilterChainDecorator$VirtualFilterChain.doFilter(ObservationFilterChainDecorator.java:137)
	at org.springframework.security.web.FilterChainProxy.doFilterInternal(FilterChainProxy.java:233)
	at org.springframework.security.web.FilterChainProxy.doFilter(FilterChainProxy.java:191)
	at org.springframework.web.filter.CompositeFilter$VirtualFilterChain.doFilter(CompositeFilter.java:113)
	at org.springframework.web.servlet.handler.HandlerMappingIntrospector.lambda$createCacheFilter$3(HandlerMappingIntrospector.java:195)
	at org.springframework.web.filter.CompositeFilter$VirtualFilterChain.doFilter(CompositeFilter.java:113)
	at org.springframework.web.filter.CompositeFilter.doFilter(CompositeFilter.java:74)
	at org.springframework.security.config.annotation.web.configuration.WebMvcSecurityConfiguration$CompositeFilterChainProxy.doFilter(WebMvcSecurityConfiguration.java:230)
	at org.springframework.web.filter.DelegatingFilterProxy.invokeDelegate(DelegatingFilterProxy.java:352)
	at org.springframework.web.filter.DelegatingFilterProxy.doFilter(DelegatingFilterProxy.java:268)
	at org.apache.catalina.core.ApplicationFilterChain.internalDoFilter(ApplicationFilterChain.java:164)
	at org.apache.catalina.core.ApplicationFilterChain.doFilter(ApplicationFilterChain.java:140)
	at org.springframework.web.filter.RequestContextFilter.doFilterInternal(RequestContextFilter.java:100)
	at org.springframework.web.filter.OncePerRequestFilter.doFilter(OncePerRequestFilter.java:116)
	at org.apache.catalina.core.ApplicationFilterChain.internalDoFilter(ApplicationFilterChain.java:164)
	at org.apache.catalina.core.ApplicationFilterChain.doFilter(ApplicationFilterChain.java:140)
	at org.springframework.web.filter.FormContentFilter.doFilterInternal(FormContentFilter.java:93)
	at org.springframework.web.filter.OncePerRequestFilter.doFilter(OncePerRequestFilter.java:116)
	at org.apache.catalina.core.ApplicationFilterChain.internalDoFilter(ApplicationFilterChain.java:164)
	at org.apache.catalina.core.ApplicationFilterChain.doFilter(ApplicationFilterChain.java:140)
	at org.springframework.web.filter.ServerHttpObservationFilter.doFilterInternal(ServerHttpObservationFilter.java:113)
	at org.springframework.web.filter.OncePerRequestFilter.doFilter(OncePerRequestFilter.java:116)
	at org.apache.catalina.core.ApplicationFilterChain.internalDoFilter(ApplicationFilterChain.java:164)
	at org.apache.catalina.core.ApplicationFilterChain.doFilter(ApplicationFilterChain.java:140)
	at org.springframework.web.filter.CharacterEncodingFilter.doFilterInternal(CharacterEncodingFilter.java:201)
	at org.springframework.web.filter.OncePerRequestFilter.doFilter(OncePerRequestFilter.java:116)
	at org.apache.catalina.core.ApplicationFilterChain.internalDoFilter(ApplicationFilterChain.java:164)
	at org.apache.catalina.core.ApplicationFilterChain.doFilter(ApplicationFilterChain.java:140)
	at org.apache.catalina.core.StandardWrapperValve.invoke(StandardWrapperValve.java:167)
	at org.apache.catalina.core.StandardContextValve.invoke(StandardContextValve.java:90)
	at org.apache.catalina.authenticator.AuthenticatorBase.invoke(AuthenticatorBase.java:483)
	at org.apache.catalina.core.StandardHostValve.invoke(StandardHostValve.java:115)
	at org.apache.catalina.valves.ErrorReportValve.invoke(ErrorReportValve.java:93)
	at org.apache.catalina.core.StandardEngineValve.invoke(StandardEngineValve.java:74)
	at org.apache.catalina.connector.CoyoteAdapter.service(CoyoteAdapter.java:344)
	at org.apache.coyote.http11.Http11Processor.service(Http11Processor.java:384)
	at org.apache.coyote.AbstractProcessorLight.process(AbstractProcessorLight.java:63)
	at org.apache.coyote.AbstractProtocol$ConnectionHandler.process(AbstractProtocol.java:905)
	at org.apache.tomcat.util.net.NioEndpoint$SocketProcessor.doRun(NioEndpoint.java:1741)
	at org.apache.tomcat.util.net.SocketProcessorBase.run(SocketProcessorBase.java:52)
	at org.apache.tomcat.util.threads.ThreadPoolExecutor.runWorker(ThreadPoolExecutor.java:1190)
	at org.apache.tomcat.util.threads.ThreadPoolExecutor$Worker.run(ThreadPoolExecutor.java:659)
	at org.apache.tomcat.util.threads.TaskThread$WrappingRunnable.run(TaskThread.java:63)
	at java.base/java.lang.Thread.run(Thread.java:1570)
2026-09-11 21:20:46.140 [http-nio-8080-exec-1] WARN  o.s.w.s.m.s.DefaultHandlerExceptionResolver - Resolved [org.springframework.web.context.request.async.AsyncRequestNotUsableException: ServletOutputStream failed to flush: java.io.IOException: Broken pipe]
2026-09-11 21:20:46.142 [http-nio-8080-exec-1] INFO  o.a.catalina.connector.CoyoteAdapter - Encountered a non-recycled request and recycled it forcedly.
org.apache.catalina.connector.CoyoteAdapter$RecycleRequiredException: null
	at org.apache.catalina.connector.CoyoteAdapter.checkRecycled(CoyoteAdapter.java:522)
	at org.apache.coyote.http11.Http11Processor.recycle(Http11Processor.java:1423)
	at org.apache.coyote.AbstractProtocol$ConnectionHandler.release(AbstractProtocol.java:1094)
	at org.apache.coyote.AbstractProtocol$ConnectionHandler.process(AbstractProtocol.java:1031)
	at org.apache.tomcat.util.net.NioEndpoint$SocketProcessor.doRun(NioEndpoint.java:1741)
	at org.apache.tomcat.util.net.SocketProcessorBase.run(SocketProcessorBase.java:52)
	at org.apache.tomcat.util.threads.ThreadPoolExecutor.runWorker(ThreadPoolExecutor.java:1190)
	at org.apache.tomcat.util.threads.ThreadPoolExecutor$Worker.run(ThreadPoolExecutor.java:659)
	at org.apache.tomcat.util.threads.TaskThread$WrappingRunnable.run(TaskThread.java:63)
	at java.base/java.lang.Thread.run(Thread.java:1570)
2026-09-11 21:20:48.674 [task-4] DEBUG c.a.a.mapper.MessageMapper.insert - ==>  Preparing: INSERT INTO message ( conversation_id, role, content, intent ) VALUES ( ?, ?, ?, ? )
2026-09-11 21:20:48.672 [http-nio-8080-exec-6] ERROR c.a.a.e.GlobalExceptionHandler - 系统异常: ServletOutputStream failed to flush: java.io.IOException: Broken pipe
org.springframework.web.context.request.async.AsyncRequestNotUsableException: ServletOutputStream failed to flush: java.io.IOException: Broken pipe
	at org.springframework.web.context.request.async.StandardServletAsyncWebRequest$LifecycleHttpServletResponse.handleIOException(StandardServletAsyncWebRequest.java:343)
	at org.springframework.web.context.request.async.StandardServletAsyncWebRequest$LifecycleServletOutputStream.flush(StandardServletAsyncWebRequest.java:415)
	at org.springframework.util.StreamUtils.copy(StreamUtils.java:135)
	at org.springframework.http.converter.StringHttpMessageConverter.writeInternal(StringHttpMessageConverter.java:128)
	at org.springframework.http.converter.StringHttpMessageConverter.writeInternal(StringHttpMessageConverter.java:44)
	at org.springframework.http.converter.AbstractHttpMessageConverter.write(AbstractHttpMessageConverter.java:235)
	at org.springframework.web.servlet.mvc.method.annotation.ResponseBodyEmitterReturnValueHandler$HttpMessageConvertingHandler.sendInternal(ResponseBodyEmitterReturnValueHandler.java:221)
	at org.springframework.web.servlet.mvc.method.annotation.ResponseBodyEmitterReturnValueHandler$HttpMessageConvertingHandler.send(ResponseBodyEmitterReturnValueHandler.java:212)
	at org.springframework.web.servlet.mvc.method.annotation.ResponseBodyEmitter.sendInternal(ResponseBodyEmitter.java:223)
	at org.springframework.web.servlet.mvc.method.annotation.ResponseBodyEmitter.initialize(ResponseBodyEmitter.java:121)
	at org.springframework.web.servlet.mvc.method.annotation.ResponseBodyEmitterReturnValueHandler.handleReturnValue(ResponseBodyEmitterReturnValueHandler.java:185)
	at org.springframework.web.method.support.HandlerMethodReturnValueHandlerComposite.handleReturnValue(HandlerMethodReturnValueHandlerComposite.java:78)
	at org.springframework.web.servlet.mvc.method.annotation.ServletInvocableHandlerMethod.invokeAndHandle(ServletInvocableHandlerMethod.java:136)
	at org.springframework.web.servlet.mvc.method.annotation.RequestMappingHandlerAdapter.invokeHandlerMethod(RequestMappingHandlerAdapter.java:926)
	at org.springframework.web.servlet.mvc.method.annotation.RequestMappingHandlerAdapter.handleInternal(RequestMappingHandlerAdapter.java:831)
	at org.springframework.web.servlet.mvc.method.AbstractHandlerMethodAdapter.handle(AbstractHandlerMethodAdapter.java:87)
	at org.springframework.web.servlet.DispatcherServlet.doDispatch(DispatcherServlet.java:1089)
	at org.springframework.web.servlet.DispatcherServlet.doService(DispatcherServlet.java:979)
	at org.springframework.web.servlet.FrameworkServlet.processRequest(FrameworkServlet.java:1014)
	at org.springframework.web.servlet.FrameworkServlet.doGet(FrameworkServlet.java:903)
	at jakarta.servlet.http.HttpServlet.service(HttpServlet.java:564)
	at org.springframework.web.servlet.FrameworkServlet.service(FrameworkServlet.java:885)
	at jakarta.servlet.http.HttpServlet.service(HttpServlet.java:658)
	at org.apache.catalina.core.ApplicationFilterChain.internalDoFilter(ApplicationFilterChain.java:195)
	at org.apache.catalina.core.ApplicationFilterChain.doFilter(ApplicationFilterChain.java:140)
	at org.apache.tomcat.websocket.server.WsFilter.doFilter(WsFilter.java:51)
	at org.apache.catalina.core.ApplicationFilterChain.internalDoFilter(ApplicationFilterChain.java:164)
	at org.apache.catalina.core.ApplicationFilterChain.doFilter(ApplicationFilterChain.java:140)
	at org.springframework.web.filter.CompositeFilter$VirtualFilterChain.doFilter(CompositeFilter.java:108)
	at org.springframework.security.web.FilterChainProxy.lambda$doFilterInternal$3(FilterChainProxy.java:231)
	at org.springframework.security.web.ObservationFilterChainDecorator$FilterObservation$SimpleFilterObservation.lambda$wrap$1(ObservationFilterChainDecorator.java:479)
	at org.springframework.security.web.ObservationFilterChainDecorator$AroundFilterObservation$SimpleAroundFilterObservation.lambda$wrap$1(ObservationFilterChainDecorator.java:340)
	at org.springframework.security.web.ObservationFilterChainDecorator.lambda$wrapSecured$0(ObservationFilterChainDecorator.java:82)
	at org.springframework.security.web.ObservationFilterChainDecorator$VirtualFilterChain.doFilter(ObservationFilterChainDecorator.java:128)
	at org.springframework.security.web.access.intercept.AuthorizationFilter.doFilter(AuthorizationFilter.java:100)
	at org.springframework.security.web.ObservationFilterChainDecorator$ObservationFilter.wrapFilter(ObservationFilterChainDecorator.java:240)
	at org.springframework.security.web.ObservationFilterChainDecorator$ObservationFilter.doFilter(ObservationFilterChainDecorator.java:227)
	at org.springframework.security.web.ObservationFilterChainDecorator$VirtualFilterChain.doFilter(ObservationFilterChainDecorator.java:137)
	at org.springframework.security.web.access.ExceptionTranslationFilter.doFilter(ExceptionTranslationFilter.java:126)
	at org.springframework.security.web.access.ExceptionTranslationFilter.doFilter(ExceptionTranslationFilter.java:120)
	at org.springframework.security.web.ObservationFilterChainDecorator$ObservationFilter.wrapFilter(ObservationFilterChainDecorator.java:240)
	at org.springframework.security.web.ObservationFilterChainDecorator$ObservationFilter.doFilter(ObservationFilterChainDecorator.java:227)
	at org.springframework.security.web.ObservationFilterChainDecorator$VirtualFilterChain.doFilter(ObservationFilterChainDecorator.java:137)
	at org.springframework.security.web.session.SessionManagementFilter.doFilter(SessionManagementFilter.java:131)
	at org.springframework.security.web.session.SessionManagementFilter.doFilter(SessionManagementFilter.java:85)
	at org.springframework.security.web.ObservationFilterChainDecorator$ObservationFilter.wrapFilter(ObservationFilterChainDecorator.java:240)
	at org.springframework.security.web.ObservationFilterChainDecorator$ObservationFilter.doFilter(ObservationFilterChainDecorator.java:227)
	at org.springframework.security.web.ObservationFilterChainDecorator$VirtualFilterChain.doFilter(ObservationFilterChainDecorator.java:137)
	at org.springframework.security.web.authentication.AnonymousAuthenticationFilter.doFilter(AnonymousAuthenticationFilter.java:100)
	at org.springframework.security.web.ObservationFilterChainDecorator$ObservationFilter.wrapFilter(ObservationFilterChainDecorator.java:240)
	at org.springframework.security.web.ObservationFilterChainDecorator$ObservationFilter.doFilter(ObservationFilterChainDecorator.java:227)
	at org.springframework.security.web.ObservationFilterChainDecorator$VirtualFilterChain.doFilter(ObservationFilterChainDecorator.java:137)
	at org.springframework.security.web.servletapi.SecurityContextHolderAwareRequestFilter.doFilter(SecurityContextHolderAwareRequestFilter.java:179)
	at org.springframework.security.web.ObservationFilterChainDecorator$ObservationFilter.wrapFilter(ObservationFilterChainDecorator.java:240)
	at org.springframework.security.web.ObservationFilterChainDecorator$ObservationFilter.doFilter(ObservationFilterChainDecorator.java:227)
	at org.springframework.security.web.ObservationFilterChainDecorator$VirtualFilterChain.doFilter(ObservationFilterChainDecorator.java:137)
	at org.springframework.security.web.savedrequest.RequestCacheAwareFilter.doFilter(RequestCacheAwareFilter.java:63)
	at org.springframework.security.web.ObservationFilterChainDecorator$ObservationFilter.wrapFilter(ObservationFilterChainDecorator.java:240)
	at org.springframework.security.web.ObservationFilterChainDecorator$ObservationFilter.doFilter(ObservationFilterChainDecorator.java:227)
	at org.springframework.security.web.ObservationFilterChainDecorator$VirtualFilterChain.doFilter(ObservationFilterChainDecorator.java:137)
	at com.aiservice.aireviewassistant.security.JwtAuthenticationFilter.doFilterInternal(JwtAuthenticationFilter.java:54)
	at org.springframework.web.filter.OncePerRequestFilter.doFilter(OncePerRequestFilter.java:116)
	at org.springframework.security.web.ObservationFilterChainDecorator$ObservationFilter.wrapFilter(ObservationFilterChainDecorator.java:240)
	at org.springframework.security.web.ObservationFilterChainDecorator$ObservationFilter.doFilter(ObservationFilterChainDecorator.java:227)
	at org.springframework.security.web.ObservationFilterChainDecorator$VirtualFilterChain.doFilter(ObservationFilterChainDecorator.java:137)
	at org.springframework.security.web.authentication.logout.LogoutFilter.doFilter(LogoutFilter.java:107)
	at org.springframework.security.web.authentication.logout.LogoutFilter.doFilter(LogoutFilter.java:93)
	at org.springframework.security.web.ObservationFilterChainDecorator$ObservationFilter.wrapFilter(ObservationFilterChainDecorator.java:240)
	at org.springframework.security.web.ObservationFilterChainDecorator$ObservationFilter.doFilter(ObservationFilterChainDecorator.java:227)
	at org.springframework.security.web.ObservationFilterChainDecorator$VirtualFilterChain.doFilter(ObservationFilterChainDecorator.java:137)
	at org.springframework.security.web.header.HeaderWriterFilter.doHeadersAfter(HeaderWriterFilter.java:90)
	at org.springframework.security.web.header.HeaderWriterFilter.doFilterInternal(HeaderWriterFilter.java:75)
	at org.springframework.web.filter.OncePerRequestFilter.doFilter(OncePerRequestFilter.java:116)
	at org.springframework.security.web.ObservationFilterChainDecorator$ObservationFilter.wrapFilter(ObservationFilterChainDecorator.java:240)
	at org.springframework.security.web.ObservationFilterChainDecorator$ObservationFilter.doFilter(ObservationFilterChainDecorator.java:227)
	at org.springframework.security.web.ObservationFilterChainDecorator$VirtualFilterChain.doFilter(ObservationFilterChainDecorator.java:137)
	at org.springframework.security.web.context.SecurityContextHolderFilter.doFilter(SecurityContextHolderFilter.java:82)
	at org.springframework.security.web.context.SecurityContextHolderFilter.doFilter(SecurityContextHolderFilter.java:69)
	at org.springframework.security.web.ObservationFilterChainDecorator$ObservationFilter.wrapFilter(ObservationFilterChainDecorator.java:240)
	at org.springframework.security.web.ObservationFilterChainDecorator$ObservationFilter.doFilter(ObservationFilterChainDecorator.java:227)
	at org.springframework.security.web.ObservationFilterChainDecorator$VirtualFilterChain.doFilter(ObservationFilterChainDecorator.java:137)
	at org.springframework.security.web.context.request.async.WebAsyncManagerIntegrationFilter.doFilterInternal(WebAsyncManagerIntegrationFilter.java:62)
	at org.springframework.web.filter.OncePerRequestFilter.doFilter(OncePerRequestFilter.java:116)
	at org.springframework.security.web.ObservationFilterChainDecorator$ObservationFilter.wrapFilter(ObservationFilterChainDecorator.java:240)
	at org.springframework.security.web.ObservationFilterChainDecorator$ObservationFilter.doFilter(ObservationFilterChainDecorator.java:227)
	at org.springframework.security.web.ObservationFilterChainDecorator$VirtualFilterChain.doFilter(ObservationFilterChainDecorator.java:137)
	at org.springframework.security.web.session.DisableEncodeUrlFilter.doFilterInternal(DisableEncodeUrlFilter.java:42)
	at org.springframework.web.filter.OncePerRequestFilter.doFilter(OncePerRequestFilter.java:116)
	at org.springframework.security.web.ObservationFilterChainDecorator$ObservationFilter.wrapFilter(ObservationFilterChainDecorator.java:240)
	at org.springframework.security.web.ObservationFilterChainDecorator$AroundFilterObservation$SimpleAroundFilterObservation.lambda$wrap$0(ObservationFilterChainDecorator.java:323)
	at org.springframework.security.web.ObservationFilterChainDecorator$ObservationFilter.doFilter(ObservationFilterChainDecorator.java:224)
	at org.springframework.security.web.ObservationFilterChainDecorator$VirtualFilterChain.doFilter(ObservationFilterChainDecorator.java:137)
	at org.springframework.security.web.FilterChainProxy.doFilterInternal(FilterChainProxy.java:233)
	at org.springframework.security.web.FilterChainProxy.doFilter(FilterChainProxy.java:191)
	at org.springframework.web.filter.CompositeFilter$VirtualFilterChain.doFilter(CompositeFilter.java:113)
	at org.springframework.web.servlet.handler.HandlerMappingIntrospector.lambda$createCacheFilter$3(HandlerMappingIntrospector.java:195)
	at org.springframework.web.filter.CompositeFilter$VirtualFilterChain.doFilter(CompositeFilter.java:113)
	at org.springframework.web.filter.CompositeFilter.doFilter(CompositeFilter.java:74)
	at org.springframework.security.config.annotation.web.configuration.WebMvcSecurityConfiguration$CompositeFilterChainProxy.doFilter(WebMvcSecurityConfiguration.java:230)
	at org.springframework.web.filter.DelegatingFilterProxy.invokeDelegate(DelegatingFilterProxy.java:352)
	at org.springframework.web.filter.DelegatingFilterProxy.doFilter(DelegatingFilterProxy.java:268)
	at org.apache.catalina.core.ApplicationFilterChain.internalDoFilter(ApplicationFilterChain.java:164)
	at org.apache.catalina.core.ApplicationFilterChain.doFilter(ApplicationFilterChain.java:140)
	at org.springframework.web.filter.RequestContextFilter.doFilterInternal(RequestContextFilter.java:100)
	at org.springframework.web.filter.OncePerRequestFilter.doFilter(OncePerRequestFilter.java:116)
	at org.apache.catalina.core.ApplicationFilterChain.internalDoFilter(ApplicationFilterChain.java:164)
	at org.apache.catalina.core.ApplicationFilterChain.doFilter(ApplicationFilterChain.java:140)
	at org.springframework.web.filter.FormContentFilter.doFilterInternal(FormContentFilter.java:93)
	at org.springframework.web.filter.OncePerRequestFilter.doFilter(OncePerRequestFilter.java:116)
	at org.apache.catalina.core.ApplicationFilterChain.internalDoFilter(ApplicationFilterChain.java:164)
	at org.apache.catalina.core.ApplicationFilterChain.doFilter(ApplicationFilterChain.java:140)
	at org.springframework.web.filter.ServerHttpObservationFilter.doFilterInternal(ServerHttpObservationFilter.java:113)
	at org.springframework.web.filter.OncePerRequestFilter.doFilter(OncePerRequestFilter.java:116)
	at org.apache.catalina.core.ApplicationFilterChain.internalDoFilter(ApplicationFilterChain.java:164)
	at org.apache.catalina.core.ApplicationFilterChain.doFilter(ApplicationFilterChain.java:140)
	at org.springframework.web.filter.CharacterEncodingFilter.doFilterInternal(CharacterEncodingFilter.java:201)
	at org.springframework.web.filter.OncePerRequestFilter.doFilter(OncePerRequestFilter.java:116)
	at org.apache.catalina.core.ApplicationFilterChain.internalDoFilter(ApplicationFilterChain.java:164)
	at org.apache.catalina.core.ApplicationFilterChain.doFilter(ApplicationFilterChain.java:140)
	at org.apache.catalina.core.StandardWrapperValve.invoke(StandardWrapperValve.java:167)
	at org.apache.catalina.core.StandardContextValve.invoke(StandardContextValve.java:90)
	at org.apache.catalina.authenticator.AuthenticatorBase.invoke(AuthenticatorBase.java:483)
	at org.apache.catalina.core.StandardHostValve.invoke(StandardHostValve.java:115)
	at org.apache.catalina.valves.ErrorReportValve.invoke(ErrorReportValve.java:93)
	at org.apache.catalina.core.StandardEngineValve.invoke(StandardEngineValve.java:74)
	at org.apache.catalina.connector.CoyoteAdapter.service(CoyoteAdapter.java:344)
	at org.apache.coyote.http11.Http11Processor.service(Http11Processor.java:384)
	at org.apache.coyote.AbstractProcessorLight.process(AbstractProcessorLight.java:63)
	at org.apache.coyote.AbstractProtocol$ConnectionHandler.process(AbstractProtocol.java:905)
	at org.apache.tomcat.util.net.NioEndpoint$SocketProcessor.doRun(NioEndpoint.java:1741)
	at org.apache.tomcat.util.net.SocketProcessorBase.run(SocketProcessorBase.java:52)
	at org.apache.tomcat.util.threads.ThreadPoolExecutor.runWorker(ThreadPoolExecutor.java:1190)
	at org.apache.tomcat.util.threads.ThreadPoolExecutor$Worker.run(ThreadPoolExecutor.java:659)
	at org.apache.tomcat.util.threads.TaskThread$WrappingRunnable.run(TaskThread.java:63)
	at java.base/java.lang.Thread.run(Thread.java:1570)
Caused by: org.apache.catalina.connector.ClientAbortException: java.io.IOException: Broken pipe
	at org.apache.catalina.connector.OutputBuffer.doFlush(OutputBuffer.java:303)
	at org.apache.catalina.connector.OutputBuffer.flush(OutputBuffer.java:265)
	at org.apache.catalina.connector.CoyoteOutputStream.flush(CoyoteOutputStream.java:136)
	at org.springframework.security.web.util.OnCommittedResponseWrapper$SaveContextServletOutputStream.flush(OnCommittedResponseWrapper.java:524)
	at org.springframework.web.context.request.async.StandardServletAsyncWebRequest$LifecycleServletOutputStream.flush(StandardServletAsyncWebRequest.java:412)
	... 133 common frames omitted
Caused by: java.io.IOException: Broken pipe
	at java.base/sun.nio.ch.SocketDispatcher.write0(Native Method)
	at java.base/sun.nio.ch.SocketDispatcher.write(SocketDispatcher.java:62)
	at java.base/sun.nio.ch.IOUtil.writeFromNativeBuffer(IOUtil.java:137)
	at java.base/sun.nio.ch.IOUtil.write(IOUtil.java:102)
	at java.base/sun.nio.ch.IOUtil.write(IOUtil.java:58)
	at java.base/sun.nio.ch.SocketChannelImpl.implWrite(SocketChannelImpl.java:566)
	at java.base/sun.nio.ch.SocketChannelImpl.write(SocketChannelImpl.java:618)
	at org.apache.tomcat.util.net.NioChannel.write(NioChannel.java:122)
	at org.apache.tomcat.util.net.NioEndpoint$NioSocketWrapper.doWrite(NioEndpoint.java:1378)
	at org.apache.tomcat.util.net.SocketWrapperBase.doWrite(SocketWrapperBase.java:764)
	at org.apache.tomcat.util.net.SocketWrapperBase.flushBlocking(SocketWrapperBase.java:728)
	at org.apache.tomcat.util.net.SocketWrapperBase.flush(SocketWrapperBase.java:712)
	at org.apache.coyote.http11.Http11OutputBuffer$SocketOutputBuffer.flush(Http11OutputBuffer.java:574)
	at org.apache.coyote.http11.filters.ChunkedOutputFilter.flush(ChunkedOutputFilter.java:156)
	at org.apache.coyote.http11.Http11OutputBuffer.flush(Http11OutputBuffer.java:216)
	at org.apache.coyote.http11.Http11Processor.flush(Http11Processor.java:1252)
	at org.apache.coyote.AbstractProcessor.action(AbstractProcessor.java:408)
	at org.apache.coyote.Response.action(Response.java:208)
	at org.apache.catalina.connector.OutputBuffer.doFlush(OutputBuffer.java:299)
	... 137 common frames omitted
2026-09-11 21:20:48.675 [task-4] DEBUG c.a.a.mapper.MessageMapper.insert - ==> Parameters: 30(Integer), assistant(String), 【题目1】  
“帮我出几道”这一表述在教育测评或教学设计语境中，最可能属于以下哪一类指令？
【A】认知性问题，旨在考查学生对概念的理解深度
【B】程序性指令，用于启动教学辅助行为，本身不承载学科知识考查意图
【C】评价性问题，用于判断学生学习成果的达标程度
【D】迁移性任务，要求学生将已有知识应用于新情境
【答案】B
【解析】“帮我出几道”是典型的元指令（meta-instruction），属于教师或学习者向出题者（如AI、教研组）提出的操作请求，不涉及具体学科内容、认知层次或评价标准，核心功能是触发命题行为，故属程序性指令。


【题目2】  
在试题命制规范中，若用户仅提供“帮我出几道”而未限定学科、知识点、难度或题型，命题者首要应采取的行动是：
【A】随机选取中学常见学科（如数学、语文）各出1题以凑足数量
【B】默认按高考真题难度和题型结构生成标准化试题
【C】主动追问明确命题边界，包括学科、主题、能力维度及数量要求
【D】依据自身知识库中最常被检索的3个知识点自动生成题目
【答案】C
【解析】专业命题遵循“目标导向”原则，缺乏明确考查目标、内容范围和能力指向的命题易导致试题无效。教育测量学强调试题必须具备明确的测量意图，因此澄清需求是命题前提，C项符合命题伦理与技术规范。


【题目3】  
从语言学角度看，“帮我出几道”这一祈使句的语法核心成分及其功能对应正确的是：
【A】“帮”是谓语动词，表达请求者对受事者的义务要求
【B】“我”是主语，体现命题行为的责任归属主体
【C】“几道”是宾语中心语，限定所求试题的数量特征（模糊量词）
【D】整句省略了宾语“题”，属于汉语中常见的动词宾语承前省略现象
【答案】C
【解析】“几道”为数量短语，作动词“出”的宾语中心语，“几”表不确定数量，“道”是量词（用于题目），共同构成模糊量化表达，准确反映用户未指定确切数量的语言特征；A错在“帮”是兼语动词，“我”实为兼语而非主语；B中“我”非主语而是兼语；D错误，“题”并未承前省略，而是被量词短语“几道”隐含替代，属语义省略而非语法承前省略。(String), QUIZ(String)
2026-09-11 21:20:48.675 [http-nio-8080-exec-6] WARN  o.s.w.s.m.m.a.ExceptionHandlerExceptionResolver - Failure in @ExceptionHandler com.aiservice.aireviewassistant.exception.GlobalExceptionHandler#handleException(Exception)
org.springframework.http.converter.HttpMessageNotWritableException: No converter for [class com.aiservice.aireviewassistant.common.ApiResponse] with preset Content-Type 'text/event-stream'
	at org.springframework.web.servlet.mvc.method.annotation.AbstractMessageConverterMethodProcessor.writeWithMessageConverters(AbstractMessageConverterMethodProcessor.java:319)
	at org.springframework.web.servlet.mvc.method.annotation.RequestResponseBodyMethodProcessor.handleReturnValue(RequestResponseBodyMethodProcessor.java:192)
	at org.springframework.web.method.support.HandlerMethodReturnValueHandlerComposite.handleReturnValue(HandlerMethodReturnValueHandlerComposite.java:78)
	at org.springframework.web.servlet.mvc.method.annotation.ServletInvocableHandlerMethod.invokeAndHandle(ServletInvocableHandlerMethod.java:136)
	at org.springframework.web.servlet.mvc.method.annotation.ExceptionHandlerExceptionResolver.doResolveHandlerMethodException(ExceptionHandlerExceptionResolver.java:432)
	at org.springframework.web.servlet.handler.AbstractHandlerMethodExceptionResolver.doResolveException(AbstractHandlerMethodExceptionResolver.java:74)
	at org.springframework.web.servlet.handler.AbstractHandlerExceptionResolver.resolveException(AbstractHandlerExceptionResolver.java:175)
	at org.springframework.web.servlet.handler.HandlerExceptionResolverComposite.resolveException(HandlerExceptionResolverComposite.java:80)
	at org.springframework.web.servlet.DispatcherServlet.processHandlerException(DispatcherServlet.java:1358)
	at org.springframework.web.servlet.DispatcherServlet.processDispatchResult(DispatcherServlet.java:1161)
	at org.springframework.web.servlet.DispatcherServlet.doDispatch(DispatcherServlet.java:1106)
	at org.springframework.web.servlet.DispatcherServlet.doService(DispatcherServlet.java:979)
	at org.springframework.web.servlet.FrameworkServlet.processRequest(FrameworkServlet.java:1014)
	at org.springframework.web.servlet.FrameworkServlet.doGet(FrameworkServlet.java:903)
	at jakarta.servlet.http.HttpServlet.service(HttpServlet.java:564)
	at org.springframework.web.servlet.FrameworkServlet.service(FrameworkServlet.java:885)
	at jakarta.servlet.http.HttpServlet.service(HttpServlet.java:658)
	at org.apache.catalina.core.ApplicationFilterChain.internalDoFilter(ApplicationFilterChain.java:195)
	at org.apache.catalina.core.ApplicationFilterChain.doFilter(ApplicationFilterChain.java:140)
	at org.apache.tomcat.websocket.server.WsFilter.doFilter(WsFilter.java:51)
	at org.apache.catalina.core.ApplicationFilterChain.internalDoFilter(ApplicationFilterChain.java:164)
	at org.apache.catalina.core.ApplicationFilterChain.doFilter(ApplicationFilterChain.java:140)
	at org.springframework.web.filter.CompositeFilter$VirtualFilterChain.doFilter(CompositeFilter.java:108)
	at org.springframework.security.web.FilterChainProxy.lambda$doFilterInternal$3(FilterChainProxy.java:231)
	at org.springframework.security.web.ObservationFilterChainDecorator$FilterObservation$SimpleFilterObservation.lambda$wrap$1(ObservationFilterChainDecorator.java:479)
	at org.springframework.security.web.ObservationFilterChainDecorator$AroundFilterObservation$SimpleAroundFilterObservation.lambda$wrap$1(ObservationFilterChainDecorator.java:340)
	at org.springframework.security.web.ObservationFilterChainDecorator.lambda$wrapSecured$0(ObservationFilterChainDecorator.java:82)
	at org.springframework.security.web.ObservationFilterChainDecorator$VirtualFilterChain.doFilter(ObservationFilterChainDecorator.java:128)
	at org.springframework.security.web.access.intercept.AuthorizationFilter.doFilter(AuthorizationFilter.java:100)
	at org.springframework.security.web.ObservationFilterChainDecorator$ObservationFilter.wrapFilter(ObservationFilterChainDecorator.java:240)
	at org.springframework.security.web.ObservationFilterChainDecorator$ObservationFilter.doFilter(ObservationFilterChainDecorator.java:227)
	at org.springframework.security.web.ObservationFilterChainDecorator$VirtualFilterChain.doFilter(ObservationFilterChainDecorator.java:137)
	at org.springframework.security.web.access.ExceptionTranslationFilter.doFilter(ExceptionTranslationFilter.java:126)
	at org.springframework.security.web.access.ExceptionTranslationFilter.doFilter(ExceptionTranslationFilter.java:120)
	at org.springframework.security.web.ObservationFilterChainDecorator$ObservationFilter.wrapFilter(ObservationFilterChainDecorator.java:240)
	at org.springframework.security.web.ObservationFilterChainDecorator$ObservationFilter.doFilter(ObservationFilterChainDecorator.java:227)
	at org.springframework.security.web.ObservationFilterChainDecorator$VirtualFilterChain.doFilter(ObservationFilterChainDecorator.java:137)
	at org.springframework.security.web.session.SessionManagementFilter.doFilter(SessionManagementFilter.java:131)
	at org.springframework.security.web.session.SessionManagementFilter.doFilter(SessionManagementFilter.java:85)
	at org.springframework.security.web.ObservationFilterChainDecorator$ObservationFilter.wrapFilter(ObservationFilterChainDecorator.java:240)
	at org.springframework.security.web.ObservationFilterChainDecorator$ObservationFilter.doFilter(ObservationFilterChainDecorator.java:227)
	at org.springframework.security.web.ObservationFilterChainDecorator$VirtualFilterChain.doFilter(ObservationFilterChainDecorator.java:137)
	at org.springframework.security.web.authentication.AnonymousAuthenticationFilter.doFilter(AnonymousAuthenticationFilter.java:100)
	at org.springframework.security.web.ObservationFilterChainDecorator$ObservationFilter.wrapFilter(ObservationFilterChainDecorator.java:240)
	at org.springframework.security.web.ObservationFilterChainDecorator$ObservationFilter.doFilter(ObservationFilterChainDecorator.java:227)
	at org.springframework.security.web.ObservationFilterChainDecorator$VirtualFilterChain.doFilter(ObservationFilterChainDecorator.java:137)
	at org.springframework.security.web.servletapi.SecurityContextHolderAwareRequestFilter.doFilter(SecurityContextHolderAwareRequestFilter.java:179)
	at org.springframework.security.web.ObservationFilterChainDecorator$ObservationFilter.wrapFilter(ObservationFilterChainDecorator.java:240)
	at org.springframework.security.web.ObservationFilterChainDecorator$ObservationFilter.doFilter(ObservationFilterChainDecorator.java:227)
	at org.springframework.security.web.ObservationFilterChainDecorator$VirtualFilterChain.doFilter(ObservationFilterChainDecorator.java:137)
	at org.springframework.security.web.savedrequest.RequestCacheAwareFilter.doFilter(RequestCacheAwareFilter.java:63)
	at org.springframework.security.web.ObservationFilterChainDecorator$ObservationFilter.wrapFilter(ObservationFilterChainDecorator.java:240)
	at org.springframework.security.web.ObservationFilterChainDecorator$ObservationFilter.doFilter(ObservationFilterChainDecorator.java:227)
	at org.springframework.security.web.ObservationFilterChainDecorator$VirtualFilterChain.doFilter(ObservationFilterChainDecorator.java:137)
	at com.aiservice.aireviewassistant.security.JwtAuthenticationFilter.doFilterInternal(JwtAuthenticationFilter.java:54)
	at org.springframework.web.filter.OncePerRequestFilter.doFilter(OncePerRequestFilter.java:116)
	at org.springframework.security.web.ObservationFilterChainDecorator$ObservationFilter.wrapFilter(ObservationFilterChainDecorator.java:240)
	at org.springframework.security.web.ObservationFilterChainDecorator$ObservationFilter.doFilter(ObservationFilterChainDecorator.java:227)
	at org.springframework.security.web.ObservationFilterChainDecorator$VirtualFilterChain.doFilter(ObservationFilterChainDecorator.java:137)
	at org.springframework.security.web.authentication.logout.LogoutFilter.doFilter(LogoutFilter.java:107)
	at org.springframework.security.web.authentication.logout.LogoutFilter.doFilter(LogoutFilter.java:93)
	at org.springframework.security.web.ObservationFilterChainDecorator$ObservationFilter.wrapFilter(ObservationFilterChainDecorator.java:240)
	at org.springframework.security.web.ObservationFilterChainDecorator$ObservationFilter.doFilter(ObservationFilterChainDecorator.java:227)
	at org.springframework.security.web.ObservationFilterChainDecorator$VirtualFilterChain.doFilter(ObservationFilterChainDecorator.java:137)
	at org.springframework.security.web.header.HeaderWriterFilter.doHeadersAfter(HeaderWriterFilter.java:90)
	at org.springframework.security.web.header.HeaderWriterFilter.doFilterInternal(HeaderWriterFilter.java:75)
	at org.springframework.web.filter.OncePerRequestFilter.doFilter(OncePerRequestFilter.java:116)
	at org.springframework.security.web.ObservationFilterChainDecorator$ObservationFilter.wrapFilter(ObservationFilterChainDecorator.java:240)
	at org.springframework.security.web.ObservationFilterChainDecorator$ObservationFilter.doFilter(ObservationFilterChainDecorator.java:227)
	at org.springframework.security.web.ObservationFilterChainDecorator$VirtualFilterChain.doFilter(ObservationFilterChainDecorator.java:137)
	at org.springframework.security.web.context.SecurityContextHolderFilter.doFilter(SecurityContextHolderFilter.java:82)
	at org.springframework.security.web.context.SecurityContextHolderFilter.doFilter(SecurityContextHolderFilter.java:69)
	at org.springframework.security.web.ObservationFilterChainDecorator$ObservationFilter.wrapFilter(ObservationFilterChainDecorator.java:240)
	at org.springframework.security.web.ObservationFilterChainDecorator$ObservationFilter.doFilter(ObservationFilterChainDecorator.java:227)
	at org.springframework.security.web.ObservationFilterChainDecorator$VirtualFilterChain.doFilter(ObservationFilterChainDecorator.java:137)
	at org.springframework.security.web.context.request.async.WebAsyncManagerIntegrationFilter.doFilterInternal(WebAsyncManagerIntegrationFilter.java:62)
	at org.springframework.web.filter.OncePerRequestFilter.doFilter(OncePerRequestFilter.java:116)
	at org.springframework.security.web.ObservationFilterChainDecorator$ObservationFilter.wrapFilter(ObservationFilterChainDecorator.java:240)
	at org.springframework.security.web.ObservationFilterChainDecorator$ObservationFilter.doFilter(ObservationFilterChainDecorator.java:227)
	at org.springframework.security.web.ObservationFilterChainDecorator$VirtualFilterChain.doFilter(ObservationFilterChainDecorator.java:137)
	at org.springframework.security.web.session.DisableEncodeUrlFilter.doFilterInternal(DisableEncodeUrlFilter.java:42)
	at org.springframework.web.filter.OncePerRequestFilter.doFilter(OncePerRequestFilter.java:116)
	at org.springframework.security.web.ObservationFilterChainDecorator$ObservationFilter.wrapFilter(ObservationFilterChainDecorator.java:240)
	at org.springframework.security.web.ObservationFilterChainDecorator$AroundFilterObservation$SimpleAroundFilterObservation.lambda$wrap$0(ObservationFilterChainDecorator.java:323)
	at org.springframework.security.web.ObservationFilterChainDecorator$ObservationFilter.doFilter(ObservationFilterChainDecorator.java:224)
	at org.springframework.security.web.ObservationFilterChainDecorator$VirtualFilterChain.doFilter(ObservationFilterChainDecorator.java:137)
	at org.springframework.security.web.FilterChainProxy.doFilterInternal(FilterChainProxy.java:233)
	at org.springframework.security.web.FilterChainProxy.doFilter(FilterChainProxy.java:191)
	at org.springframework.web.filter.CompositeFilter$VirtualFilterChain.doFilter(CompositeFilter.java:113)
	at org.springframework.web.servlet.handler.HandlerMappingIntrospector.lambda$createCacheFilter$3(HandlerMappingIntrospector.java:195)
	at org.springframework.web.filter.CompositeFilter$VirtualFilterChain.doFilter(CompositeFilter.java:113)
	at org.springframework.web.filter.CompositeFilter.doFilter(CompositeFilter.java:74)
	at org.springframework.security.config.annotation.web.configuration.WebMvcSecurityConfiguration$CompositeFilterChainProxy.doFilter(WebMvcSecurityConfiguration.java:230)
	at org.springframework.web.filter.DelegatingFilterProxy.invokeDelegate(DelegatingFilterProxy.java:352)
	at org.springframework.web.filter.DelegatingFilterProxy.doFilter(DelegatingFilterProxy.java:268)
	at org.apache.catalina.core.ApplicationFilterChain.internalDoFilter(ApplicationFilterChain.java:164)
	at org.apache.catalina.core.ApplicationFilterChain.doFilter(ApplicationFilterChain.java:140)
	at org.springframework.web.filter.RequestContextFilter.doFilterInternal(RequestContextFilter.java:100)
	at org.springframework.web.filter.OncePerRequestFilter.doFilter(OncePerRequestFilter.java:116)
	at org.apache.catalina.core.ApplicationFilterChain.internalDoFilter(ApplicationFilterChain.java:164)
	at org.apache.catalina.core.ApplicationFilterChain.doFilter(ApplicationFilterChain.java:140)
	at org.springframework.web.filter.FormContentFilter.doFilterInternal(FormContentFilter.java:93)
	at org.springframework.web.filter.OncePerRequestFilter.doFilter(OncePerRequestFilter.java:116)
	at org.apache.catalina.core.ApplicationFilterChain.internalDoFilter(ApplicationFilterChain.java:164)
	at org.apache.catalina.core.ApplicationFilterChain.doFilter(ApplicationFilterChain.java:140)
	at org.springframework.web.filter.ServerHttpObservationFilter.doFilterInternal(ServerHttpObservationFilter.java:113)
	at org.springframework.web.filter.OncePerRequestFilter.doFilter(OncePerRequestFilter.java:116)
	at org.apache.catalina.core.ApplicationFilterChain.internalDoFilter(ApplicationFilterChain.java:164)
	at org.apache.catalina.core.ApplicationFilterChain.doFilter(ApplicationFilterChain.java:140)
	at org.springframework.web.filter.CharacterEncodingFilter.doFilterInternal(CharacterEncodingFilter.java:201)
	at org.springframework.web.filter.OncePerRequestFilter.doFilter(OncePerRequestFilter.java:116)
	at org.apache.catalina.core.ApplicationFilterChain.internalDoFilter(ApplicationFilterChain.java:164)
	at org.apache.catalina.core.ApplicationFilterChain.doFilter(ApplicationFilterChain.java:140)
	at org.apache.catalina.core.StandardWrapperValve.invoke(StandardWrapperValve.java:167)
	at org.apache.catalina.core.StandardContextValve.invoke(StandardContextValve.java:90)
	at org.apache.catalina.authenticator.AuthenticatorBase.invoke(AuthenticatorBase.java:483)
	at org.apache.catalina.core.StandardHostValve.invoke(StandardHostValve.java:115)
	at org.apache.catalina.valves.ErrorReportValve.invoke(ErrorReportValve.java:93)
	at org.apache.catalina.core.StandardEngineValve.invoke(StandardEngineValve.java:74)
	at org.apache.catalina.connector.CoyoteAdapter.service(CoyoteAdapter.java:344)
	at org.apache.coyote.http11.Http11Processor.service(Http11Processor.java:384)
	at org.apache.coyote.AbstractProcessorLight.process(AbstractProcessorLight.java:63)
	at org.apache.coyote.AbstractProtocol$ConnectionHandler.process(AbstractProtocol.java:905)
	at org.apache.tomcat.util.net.NioEndpoint$SocketProcessor.doRun(NioEndpoint.java:1741)
	at org.apache.tomcat.util.net.SocketProcessorBase.run(SocketProcessorBase.java:52)
	at org.apache.tomcat.util.threads.ThreadPoolExecutor.runWorker(ThreadPoolExecutor.java:1190)
	at org.apache.tomcat.util.threads.ThreadPoolExecutor$Worker.run(ThreadPoolExecutor.java:659)
	at org.apache.tomcat.util.threads.TaskThread$WrappingRunnable.run(TaskThread.java:63)
	at java.base/java.lang.Thread.run(Thread.java:1570)
2026-09-11 21:20:48.676 [http-nio-8080-exec-6] WARN  o.s.w.s.m.s.DefaultHandlerExceptionResolver - Resolved [org.springframework.web.context.request.async.AsyncRequestNotUsableException: ServletOutputStream failed to flush: java.io.IOException: Broken pipe]
2026-09-11 21:20:48.677 [http-nio-8080-exec-6] INFO  o.a.catalina.connector.CoyoteAdapter - Encountered a non-recycled request and recycled it forcedly.
org.apache.catalina.connector.CoyoteAdapter$RecycleRequiredException: null
	at org.apache.catalina.connector.CoyoteAdapter.checkRecycled(CoyoteAdapter.java:522)
	at org.apache.coyote.http11.Http11Processor.recycle(Http11Processor.java:1423)
	at org.apache.coyote.AbstractProtocol$ConnectionHandler.release(AbstractProtocol.java:1094)
	at org.apache.coyote.AbstractProtocol$ConnectionHandler.process(AbstractProtocol.java:1031)
	at org.apache.tomcat.util.net.NioEndpoint$SocketProcessor.doRun(NioEndpoint.java:1741)
	at org.apache.tomcat.util.net.SocketProcessorBase.run(SocketProcessorBase.java:52)
	at org.apache.tomcat.util.threads.ThreadPoolExecutor.runWorker(ThreadPoolExecutor.java:1190)
	at org.apache.tomcat.util.threads.ThreadPoolExecutor$Worker.run(ThreadPoolExecutor.java:659)
	at org.apache.tomcat.util.threads.TaskThread$WrappingRunnable.run(TaskThread.java:63)
	at java.base/java.lang.Thread.run(Thread.java:1570)
2026-09-11 21:20:48.679 [task-4] DEBUG c.a.a.mapper.MessageMapper.insert - <==    Updates: 1
2026-09-11 21:20:48.680 [task-4] DEBUG c.a.a.m.C.selectById - ==>  Preparing: SELECT id,title,user_id,course_id,created_at,updated_at FROM conversation WHERE id=?
2026-09-11 21:20:48.680 [task-4] DEBUG c.a.a.m.C.selectById - ==> Parameters: 30(Integer)
2026-09-11 21:20:48.681 [task-4] DEBUG c.a.a.m.C.selectById - <==      Total: 1
2026-09-11 21:20:48.682 [task-4] DEBUG c.a.a.m.ReviewRecordsMapper.insert - ==>  Preparing: INSERT INTO review_records ( conversation_id, user_id, question, answer, created_at ) VALUES ( ?, ?, ?, ?, ? )
2026-09-11 21:20:48.682 [task-4] DEBUG c.a.a.m.ReviewRecordsMapper.insert - ==> Parameters: 30(Integer), 2(String), 帮我出几道练习题(String), 【题目1】  
“帮我出几道”这一表述在教育测评或教学设计语境中，最可能属于以下哪一类指令？
【A】认知性问题，旨在考查学生对概念的理解深度
【B】程序性指令，用于启动教学辅助行为，本身不承载学科知识考查意图
【C】评价性问题，用于判断学生学习成果的达标程度
【D】迁移性任务，要求学生将已有知识应用于新情境
【答案】B
【解析】“帮我出几道”是典型的元指令（meta-instruction），属于教师或学习者向出题者（如AI、教研组）提出的操作请求，不涉及具体学科内容、认知层次或评价标准，核心功能是触发命题行为，故属程序性指令。


【题目2】  
在试题命制规范中，若用户仅提供“帮我出几道”而未限定学科、知识点、难度或题型，命题者首要应采取的行动是：
【A】随机选取中学常见学科（如数学、语文）各出1题以凑足数量
【B】默认按高考真题难度和题型结构生成标准化试题
【C】主动追问明确命题边界，包括学科、主题、能力维度及数量要求
【D】依据自身知识库中最常被检索的3个知识点自动生成题目
【答案】C
【解析】专业命题遵循“目标导向”原则，缺乏明确考查目标、内容范围和能力指向的命题易导致试题无效。教育测量学强调试题必须具备明确的测量意图，因此澄清需求是命题前提，C项符合命题伦理与技术规范。


【题目3】  
从语言学角度看，“帮我出几道”这一祈使句的语法核心成分及其功能对应正确的是：
【A】“帮”是谓语动词，表达请求者对受事者的义务要求
【B】“我”是主语，体现命题行为的责任归属主体
【C】“几道”是宾语中心语，限定所求试题的数量特征（模糊量词）
【D】整句省略了宾语“题”，属于汉语中常见的动词宾语承前省略现象
【答案】C
【解析】“几道”为数量短语，作动词“出”的宾语中心语，“几”表不确定数量，“道”是量词（用于题目），共同构成模糊量化表达，准确反映用户未指定确切数量的语言特征；A错在“帮”是兼语动词，“我”实为兼语而非主语；B中“我”非主语而是兼语；D错误，“题”并未承前省略，而是被量词短语“几道”隐含替代，属语义省略而非语法承前省略。(String), 2026-09-11T21:20:48.682155(LocalDateTime)
2026-09-11 21:20:48.685 [task-4] WARN  c.a.a.s.impl.ReviewAssistantAgent - [Agent] 保存复习记录失败: 
### Error updating database.  Cause: org.postgresql.util.PSQLException: ERROR: null value in column "course_id" of relation "review_records" violates not-null constraint
  Detail: Failing row contains (17, null, 2, 帮我出几道练习题, 【题目1】  
“帮我出几道”这一表述在教育测评..., 2026-09-11 21:20:48.682155, 30).
### The error may exist in com/aiservice/aireviewassistant/mapper/ReviewRecordsMapper.java (best guess)
### The error may involve com.aiservice.aireviewassistant.mapper.ReviewRecordsMapper.insert-Inline
### The error occurred while setting parameters
### SQL: INSERT INTO review_records  ( conversation_id,  user_id, question, answer, created_at )  VALUES (  ?,  ?, ?, ?, ?  )
### Cause: org.postgresql.util.PSQLException: ERROR: null value in column "course_id" of relation "review_records" violates not-null constraint
  Detail: Failing row contains (17, null, 2, 帮我出几道练习题, 【题目1】  
“帮我出几道”这一表述在教育测评..., 2026-09-11 21:20:48.682155, 30).
; ERROR: null value in column "course_id" of relation "review_records" violates not-null constraint
  Detail: Failing row contains (17, null, 2, 帮我出几道练习题, 【题目1】  
“帮我出几道”这一表述在教育测评..., 2026-09-11 21:20:48.682155, 30).
2026-09-11 21:20:48.686 [task-4] DEBUG c.a.a.mapper.AgentLogMapper.insert - ==>  Preparing: INSERT INTO agent_log ( conversation_id, user_message, intent, parameters, latency_ms, success, created_at ) VALUES ( ?, ?, ?, ?, ?, ?, ? )
2026-09-11 21:20:48.686 [task-4] DEBUG c.a.a.mapper.AgentLogMapper.insert - ==> Parameters: 30(Integer), 帮我出几道练习题(String), QUIZ(String), {}(String), 15566(Long), true(Boolean), 2026-09-11T21:20:48.685839(LocalDateTime)
2026-09-11 21:20:48.688 [task-4] DEBUG c.a.a.mapper.AgentLogMapper.insert - <==    Updates: 1
2026-09-11 21:23:03.006 [SpringApplicationShutdownHook] WARN  o.s.c.s.DefaultLifecycleProcessor - Failed to stop bean 'webServerGracefulShutdown'
java.lang.NoClassDefFoundError: org/springframework/boot/web/server/GracefulShutdownCallback
	at org.springframework.boot.web.context.WebServerGracefulShutdownLifecycle.stop(WebServerGracefulShutdownLifecycle.java:62)
	at org.springframework.context.support.DefaultLifecycleProcessor.doStop(DefaultLifecycleProcessor.java:346)
	at org.springframework.context.support.DefaultLifecycleProcessor$LifecycleGroup.stop(DefaultLifecycleProcessor.java:488)
	at java.base/java.lang.Iterable.forEach(Iterable.java:75)
	at org.springframework.context.support.DefaultLifecycleProcessor.stopBeans(DefaultLifecycleProcessor.java:315)
	at org.springframework.context.support.DefaultLifecycleProcessor.onClose(DefaultLifecycleProcessor.java:215)
	at org.springframework.context.support.AbstractApplicationContext.doClose(AbstractApplicationContext.java:1148)
	at org.springframework.boot.web.servlet.context.ServletWebServerApplicationContext.doClose(ServletWebServerApplicationContext.java:174)
	at org.springframework.context.support.AbstractApplicationContext.close(AbstractApplicationContext.java:1102)
	at org.springframework.boot.SpringApplicationShutdownHook.closeAndWait(SpringApplicationShutdownHook.java:145)
	at java.base/java.lang.Iterable.forEach(Iterable.java:75)
	at org.springframework.boot.SpringApplicationShutdownHook.run(SpringApplicationShutdownHook.java:114)
	at java.base/java.lang.Thread.run(Thread.java:1570)
Caused by: java.lang.ClassNotFoundException: org.springframework.boot.web.server.GracefulShutdownCallback
	at java.base/java.net.URLClassLoader.findClass(URLClassLoader.java:445)
	at java.base/java.lang.ClassLoader.loadClass(ClassLoader.java:592)
	at org.springframework.boot.loader.net.protocol.jar.JarUrlClassLoader.loadClass(JarUrlClassLoader.java:107)
	at org.springframework.boot.loader.launch.LaunchedClassLoader.loadClass(LaunchedClassLoader.java:91)
	at java.base/java.lang.ClassLoader.loadClass(ClassLoader.java:525)
	... 13 common frames omitted
2026-09-11 21:23:03.011 [SpringApplicationShutdownHook] WARN  o.s.c.s.DefaultLifecycleProcessor - Failed to stop bean 'webServerStartStop'
java.lang.NoClassDefFoundError: org/apache/catalina/Lifecycle$SingleUse
	at org.apache.catalina.util.LifecycleBase.stop(LifecycleBase.java:243)
	at org.apache.catalina.core.StandardService.removeConnector(StandardService.java:299)
	at org.springframework.boot.web.embedded.tomcat.TomcatWebServer.lambda$removeServiceConnectors$1(TomcatWebServer.java:171)
	at org.springframework.boot.web.embedded.tomcat.TomcatWebServer.doWithConnectors(TomcatWebServer.java:190)
	at org.springframework.boot.web.embedded.tomcat.TomcatWebServer.removeServiceConnectors(TomcatWebServer.java:168)
	at org.springframework.boot.web.embedded.tomcat.TomcatWebServer.stop(TomcatWebServer.java:354)
	at org.springframework.boot.web.servlet.context.WebServerStartStopLifecycle.stop(WebServerStartStopLifecycle.java:53)
	at org.springframework.context.SmartLifecycle.stop(SmartLifecycle.java:117)
	at org.springframework.context.support.DefaultLifecycleProcessor.doStop(DefaultLifecycleProcessor.java:346)
	at org.springframework.context.support.DefaultLifecycleProcessor$LifecycleGroup.stop(DefaultLifecycleProcessor.java:488)
	at java.base/java.lang.Iterable.forEach(Iterable.java:75)
	at org.springframework.context.support.DefaultLifecycleProcessor.stopBeans(DefaultLifecycleProcessor.java:315)
	at org.springframework.context.support.DefaultLifecycleProcessor.onClose(DefaultLifecycleProcessor.java:215)
	at org.springframework.context.support.AbstractApplicationContext.doClose(AbstractApplicationContext.java:1148)
	at org.springframework.boot.web.servlet.context.ServletWebServerApplicationContext.doClose(ServletWebServerApplicationContext.java:174)
	at org.springframework.context.support.AbstractApplicationContext.close(AbstractApplicationContext.java:1102)
	at org.springframework.boot.SpringApplicationShutdownHook.closeAndWait(SpringApplicationShutdownHook.java:145)
	at java.base/java.lang.Iterable.forEach(Iterable.java:75)
	at org.springframework.boot.SpringApplicationShutdownHook.run(SpringApplicationShutdownHook.java:114)
	at java.base/java.lang.Thread.run(Thread.java:1570)
Caused by: java.lang.ClassNotFoundException: org.apache.catalina.Lifecycle$SingleUse
	at java.base/java.net.URLClassLoader.findClass(URLClassLoader.java:445)
	at java.base/java.lang.ClassLoader.loadClass(ClassLoader.java:592)
	at org.springframework.boot.loader.net.protocol.jar.JarUrlClassLoader.loadClass(JarUrlClassLoader.java:107)
	at org.springframework.boot.loader.launch.LaunchedClassLoader.loadClass(LaunchedClassLoader.java:91)
	at java.base/java.lang.ClassLoader.loadClass(ClassLoader.java:525)
	... 20 common frames omitted
2026-09-11 21:23:03.012 [SpringApplicationShutdownHook] WARN  o.s.c.s.DefaultLifecycleProcessor - Failed to stop bean 'reactorResourceFactory'
java.lang.NoClassDefFoundError: reactor/core/publisher/BlockingMonoSubscriber
	at reactor.core.publisher.Mono.block(Mono.java:1777)
	at org.springframework.http.client.ReactorResourceFactory.stop(ReactorResourceFactory.java:298)
	at org.springframework.context.SmartLifecycle.stop(SmartLifecycle.java:117)
	at org.springframework.context.support.DefaultLifecycleProcessor.doStop(DefaultLifecycleProcessor.java:346)
	at org.springframework.context.support.DefaultLifecycleProcessor$LifecycleGroup.stop(DefaultLifecycleProcessor.java:488)
	at java.base/java.lang.Iterable.forEach(Iterable.java:75)
	at org.springframework.context.support.DefaultLifecycleProcessor.stopBeans(DefaultLifecycleProcessor.java:315)
	at org.springframework.context.support.DefaultLifecycleProcessor.onClose(DefaultLifecycleProcessor.java:215)
	at org.springframework.context.support.AbstractApplicationContext.doClose(AbstractApplicationContext.java:1148)
	at org.springframework.boot.web.servlet.context.ServletWebServerApplicationContext.doClose(ServletWebServerApplicationContext.java:174)
	at org.springframework.context.support.AbstractApplicationContext.close(AbstractApplicationContext.java:1102)
	at org.springframework.boot.SpringApplicationShutdownHook.closeAndWait(SpringApplicationShutdownHook.java:145)
	at java.base/java.lang.Iterable.forEach(Iterable.java:75)
	at org.springframework.boot.SpringApplicationShutdownHook.run(SpringApplicationShutdownHook.java:114)
	at java.base/java.lang.Thread.run(Thread.java:1570)
Caused by: java.lang.ClassNotFoundException: reactor.core.publisher.BlockingMonoSubscriber
	at java.base/java.net.URLClassLoader.findClass(URLClassLoader.java:445)
	at java.base/java.lang.ClassLoader.loadClass(ClassLoader.java:592)
	at org.springframework.boot.loader.net.protocol.jar.JarUrlClassLoader.loadClass(JarUrlClassLoader.java:107)
	at org.springframework.boot.loader.launch.LaunchedClassLoader.loadClass(LaunchedClassLoader.java:91)
	at java.base/java.lang.ClassLoader.loadClass(ClassLoader.java:525)
	... 15 common frames omitted
2026-09-11 21:23:03.019 [SpringApplicationShutdownHook] INFO  com.zaxxer.hikari.HikariDataSource - HikariPool-1 - Shutdown initiated...
2026-09-11 21:23:03.022 [SpringApplicationShutdownHook] INFO  com.zaxxer.hikari.HikariDataSource - HikariPool-1 - Shutdown completed.
2026-09-11 21:23:05.777 [background-preinit] INFO  o.h.validator.internal.util.Version - HV000001: Hibernate Validator 8.0.1.Final
2026-09-11 21:23:05.852 [main] INFO  c.a.a.AiReviewAssistantApplication - Starting AiReviewAssistantApplication v0.0.1-SNAPSHOT using Java 22.0.1 with PID 40678 (/Users/h3rtz/Desktop/ai-review-assistant/target/ai-review-assistant-0.0.1-SNAPSHOT.jar started by h3rtz in /Users/h3rtz/Desktop/ai-review-assistant)
2026-09-11 21:23:05.852 [main] DEBUG c.a.a.AiReviewAssistantApplication - Running with Spring Boot v3.2.10, Spring v6.1.13
2026-09-11 21:23:05.852 [main] INFO  c.a.a.AiReviewAssistantApplication - No active profile set, falling back to 1 default profile: "default"
2026-09-11 21:23:07.403 [main] INFO  o.s.b.w.e.tomcat.TomcatWebServer - Tomcat initialized with port 8080 (http)
2026-09-11 21:23:07.409 [main] INFO  o.a.coyote.http11.Http11NioProtocol - Initializing ProtocolHandler ["http-nio-8080"]
2026-09-11 21:23:07.412 [main] INFO  o.a.catalina.core.StandardService - Starting service [Tomcat]
2026-09-11 21:23:07.412 [main] INFO  o.a.catalina.core.StandardEngine - Starting Servlet engine: [Apache Tomcat/10.1.30]
2026-09-11 21:23:07.431 [main] INFO  o.a.c.c.C.[Tomcat].[localhost].[/] - Initializing Spring embedded WebApplicationContext
2026-09-11 21:23:07.432 [main] INFO  o.s.b.w.s.c.ServletWebServerApplicationContext - Root WebApplicationContext: initialization completed in 1550 ms
2026-09-11 21:23:07.933 [main] INFO  o.s.a.v.pgvector.PgVectorStore - Using the vector table name: vector_store. Is empty: false
2026-09-11 21:23:07.935 [main] INFO  o.s.a.v.pgvector.PgVectorStore - Initializing PGVectorStore schema for table: vector_store in schema: public
2026-09-11 21:23:07.935 [main] INFO  o.s.a.v.pgvector.PgVectorStore - vectorTableValidationsEnabled false
2026-09-11 21:23:07.937 [main] INFO  com.zaxxer.hikari.HikariDataSource - HikariPool-1 - Starting...
2026-09-11 21:23:08.008 [main] INFO  com.zaxxer.hikari.pool.HikariPool - HikariPool-1 - Added connection org.postgresql.jdbc.PgConnection@1b03beb4
2026-09-11 21:23:08.009 [main] INFO  com.zaxxer.hikari.HikariDataSource - HikariPool-1 - Start completed.
2026-09-11 21:23:08.668 [main] WARN  o.s.b.a.s.s.UserDetailsServiceAutoConfiguration - 

Using generated security password: 054a87ad-043b-4d6e-b224-f0f02a59c57a

This generated password is for development use only. Your security configuration must be updated before running your application in production.

2026-09-11 21:23:08.765 [main] INFO  o.s.b.a.w.s.WelcomePageHandlerMapping - Adding welcome page: class path resource [static/index.html]
2026-09-11 21:23:08.933 [main] INFO  o.s.b.a.e.web.EndpointLinksResolver - Exposing 4 endpoint(s) beneath base path '/actuator'
2026-09-11 21:23:08.990 [main] INFO  o.s.s.web.DefaultSecurityFilterChain - Will secure any request with [org.springframework.security.web.session.DisableEncodeUrlFilter@244dabd6, org.springframework.security.web.context.request.async.WebAsyncManagerIntegrationFilter@56031e75, org.springframework.security.web.context.SecurityContextHolderFilter@1ef5822e, org.springframework.security.web.header.HeaderWriterFilter@1b500a1, org.springframework.security.web.authentication.logout.LogoutFilter@24a7155, com.aiservice.aireviewassistant.security.JwtAuthenticationFilter@6023c97d, org.springframework.security.web.savedrequest.RequestCacheAwareFilter@45ca305f, org.springframework.security.web.servletapi.SecurityContextHolderAwareRequestFilter@2b52187b, org.springframework.security.web.authentication.AnonymousAuthenticationFilter@4752881, org.springframework.security.web.session.SessionManagementFilter@38746343, org.springframework.security.web.access.ExceptionTranslationFilter@1bd4bd88, org.springframework.security.web.access.intercept.AuthorizationFilter@52e93696]
2026-09-11 21:23:09.620 [main] ERROR i.n.r.d.DnsServerAddressStreamProviders - Unable to load io.netty.resolver.dns.macos.MacOSDnsServerAddressStreamProvider, fallback to system defaults. This may result in incorrect DNS resolutions on MacOS. Check whether you have a dependency on 'io.netty:netty-resolver-dns-native-macos'. Use DEBUG level to see the full stack: java.lang.UnsatisfiedLinkError: failed to load the required native library
2026-09-11 21:23:09.628 [main] INFO  o.a.coyote.http11.Http11NioProtocol - Starting ProtocolHandler ["http-nio-8080"]
2026-09-11 21:23:09.633 [main] INFO  o.s.b.w.e.tomcat.TomcatWebServer - Tomcat started on port 8080 (http) with context path ''
2026-09-11 21:23:09.655 [main] INFO  c.a.a.AiReviewAssistantApplication - Started AiReviewAssistantApplication in 4.191 seconds (process running for 4.479)
2026-09-11 21:23:10.314 [http-nio-8080-exec-1] INFO  o.a.c.c.C.[Tomcat].[localhost].[/] - Initializing Spring DispatcherServlet 'dispatcherServlet'
2026-09-11 21:23:10.314 [http-nio-8080-exec-1] INFO  o.s.web.servlet.DispatcherServlet - Initializing Servlet 'dispatcherServlet'
2026-09-11 21:23:10.315 [http-nio-8080-exec-1] INFO  o.s.web.servlet.DispatcherServlet - Completed initialization in 1 ms
2026-09-11 21:24:18.493 [http-nio-8080-exec-4] DEBUG c.a.a.m.C.selectList - ==>  Preparing: SELECT id,title,user_id,course_id,created_at,updated_at FROM conversation WHERE (user_id = ?) ORDER BY updated_at DESC
2026-09-11 21:24:18.503 [http-nio-8080-exec-4] DEBUG c.a.a.m.C.selectList - ==> Parameters: 2(String)
2026-09-11 21:24:18.519 [http-nio-8080-exec-4] DEBUG c.a.a.m.C.selectList - <==      Total: 4
2026-09-11 21:24:18.531 [http-nio-8080-exec-5] DEBUG c.a.a.m.C.selectList - ==>  Preparing: SELECT id,title,user_id,course_id,created_at,updated_at FROM conversation WHERE (user_id = ?) ORDER BY updated_at DESC
2026-09-11 21:24:18.531 [http-nio-8080-exec-5] DEBUG c.a.a.m.C.selectList - ==> Parameters: 2(String)
2026-09-11 21:24:18.534 [http-nio-8080-exec-5] DEBUG c.a.a.m.C.selectList - <==      Total: 4
2026-09-11 21:24:23.234 [http-nio-8080-exec-7] DEBUG c.a.a.m.MessageMapper.selectList - ==>  Preparing: SELECT id,conversation_id,role,content,intent,created_at FROM message WHERE (conversation_id = ?) ORDER BY created_at ASC
2026-09-11 21:24:23.235 [http-nio-8080-exec-7] DEBUG c.a.a.m.MessageMapper.selectList - ==> Parameters: 33(Integer)
2026-09-11 21:24:23.238 [http-nio-8080-exec-7] DEBUG c.a.a.m.MessageMapper.selectList - <==      Total: 2
2026-09-11 21:24:23.280 [http-nio-8080-exec-8] DEBUG c.a.a.m.C.selectList - ==>  Preparing: SELECT id,title,user_id,course_id,created_at,updated_at FROM conversation WHERE (user_id = ?) ORDER BY updated_at DESC
2026-09-11 21:24:23.280 [http-nio-8080-exec-8] DEBUG c.a.a.m.C.selectList - ==> Parameters: 2(String)
2026-09-11 21:24:23.282 [http-nio-8080-exec-8] DEBUG c.a.a.m.C.selectList - <==      Total: 3
2026-09-11 21:24:24.101 [http-nio-8080-exec-9] DEBUG c.a.a.m.MessageMapper.selectList - ==>  Preparing: SELECT id,conversation_id,role,content,intent,created_at FROM message WHERE (conversation_id = ?) ORDER BY created_at ASC
2026-09-11 21:24:24.102 [http-nio-8080-exec-9] DEBUG c.a.a.m.MessageMapper.selectList - ==> Parameters: 30(Integer)
2026-09-11 21:24:24.104 [http-nio-8080-exec-9] DEBUG c.a.a.m.MessageMapper.selectList - <==      Total: 2
2026-09-11 21:24:24.127 [http-nio-8080-exec-10] DEBUG c.a.a.m.C.selectList - ==>  Preparing: SELECT id,title,user_id,course_id,created_at,updated_at FROM conversation WHERE (user_id = ?) ORDER BY updated_at DESC
2026-09-11 21:24:24.128 [http-nio-8080-exec-10] DEBUG c.a.a.m.C.selectList - ==> Parameters: 2(String)
2026-09-11 21:24:24.130 [http-nio-8080-exec-10] DEBUG c.a.a.m.C.selectList - <==      Total: 3
2026-09-11 21:24:24.842 [http-nio-8080-exec-1] DEBUG c.a.a.m.MessageMapper.selectList - ==>  Preparing: SELECT id,conversation_id,role,content,intent,created_at FROM message WHERE (conversation_id = ?) ORDER BY created_at ASC
2026-09-11 21:24:24.842 [http-nio-8080-exec-1] DEBUG c.a.a.m.MessageMapper.selectList - ==> Parameters: 27(Integer)
2026-09-11 21:24:24.844 [http-nio-8080-exec-1] DEBUG c.a.a.m.MessageMapper.selectList - <==      Total: 0
2026-09-11 21:24:24.852 [http-nio-8080-exec-2] DEBUG c.a.a.m.C.selectList - ==>  Preparing: SELECT id,title,user_id,course_id,created_at,updated_at FROM conversation WHERE (user_id = ?) ORDER BY updated_at DESC
2026-09-11 21:24:24.852 [http-nio-8080-exec-2] DEBUG c.a.a.m.C.selectList - ==> Parameters: 2(String)
2026-09-11 21:24:24.853 [http-nio-8080-exec-2] DEBUG c.a.a.m.C.selectList - <==      Total: 3
2026-09-11 21:24:26.366 [http-nio-8080-exec-3] DEBUG c.a.a.m.C.selectList - ==>  Preparing: SELECT id,title,user_id,course_id,created_at,updated_at FROM conversation WHERE (user_id = ?) ORDER BY updated_at DESC
2026-09-11 21:24:26.366 [http-nio-8080-exec-3] DEBUG c.a.a.m.C.selectList - ==> Parameters: 2(String)
2026-09-11 21:24:26.369 [http-nio-8080-exec-3] DEBUG c.a.a.m.C.selectList - <==      Total: 3
2026-09-11 21:24:26.413 [http-nio-8080-exec-4] DEBUG c.a.a.m.ConversationMapper.insert - ==>  Preparing: INSERT INTO conversation ( title, user_id ) VALUES ( ?, ? )
2026-09-11 21:24:26.413 [http-nio-8080-exec-4] DEBUG c.a.a.m.ConversationMapper.insert - ==> Parameters: 新对话(String), 2(String)
2026-09-11 21:24:26.418 [http-nio-8080-exec-4] DEBUG c.a.a.m.ConversationMapper.insert - <==    Updates: 1
2026-09-11 21:24:26.427 [http-nio-8080-exec-5] DEBUG c.a.a.m.C.selectList - ==>  Preparing: SELECT id,title,user_id,course_id,created_at,updated_at FROM conversation WHERE (user_id = ?) ORDER BY updated_at DESC
2026-09-11 21:24:26.427 [http-nio-8080-exec-5] DEBUG c.a.a.m.C.selectList - ==> Parameters: 2(String)
2026-09-11 21:24:26.429 [http-nio-8080-exec-5] DEBUG c.a.a.m.C.selectList - <==      Total: 4
2026-09-11 21:24:27.650 [http-nio-8080-exec-6] DEBUG c.a.a.m.MessageMapper.selectList - ==>  Preparing: SELECT id,conversation_id,role,content,intent,created_at FROM message WHERE (conversation_id = ?) ORDER BY created_at ASC
2026-09-11 21:24:27.650 [http-nio-8080-exec-6] DEBUG c.a.a.m.MessageMapper.selectList - ==> Parameters: 35(Integer)
2026-09-11 21:24:27.652 [http-nio-8080-exec-6] DEBUG c.a.a.m.MessageMapper.selectList - <==      Total: 0
2026-09-11 21:24:27.663 [http-nio-8080-exec-7] DEBUG c.a.a.m.C.selectList - ==>  Preparing: SELECT id,title,user_id,course_id,created_at,updated_at FROM conversation WHERE (user_id = ?) ORDER BY updated_at DESC
2026-09-11 21:24:27.663 [http-nio-8080-exec-7] DEBUG c.a.a.m.C.selectList - ==> Parameters: 2(String)
2026-09-11 21:24:27.666 [http-nio-8080-exec-7] DEBUG c.a.a.m.C.selectList - <==      Total: 4
2026-09-11 21:24:35.519 [http-nio-8080-exec-8] DEBUG c.a.a.m.C.selectById - ==>  Preparing: SELECT id,title,user_id,course_id,created_at,updated_at FROM conversation WHERE id=?
2026-09-11 21:24:35.519 [http-nio-8080-exec-8] DEBUG c.a.a.m.C.selectById - ==> Parameters: 35(Integer)
2026-09-11 21:24:35.521 [http-nio-8080-exec-8] DEBUG c.a.a.m.C.selectById - <==      Total: 1
2026-09-11 21:24:35.523 [http-nio-8080-exec-8] DEBUG c.a.a.m.C.updateById - ==>  Preparing: UPDATE conversation SET title=?, user_id=?, created_at=?, updated_at=? WHERE id=?
2026-09-11 21:24:35.523 [http-nio-8080-exec-8] DEBUG c.a.a.m.C.updateById - ==> Parameters: 请帮我出几道关于计算机科学学科/知识点的选择题(String), 2(String), 2026-09-11T21:24:26.414380(LocalDateTime), 2026-09-11T21:24:35.521980(LocalDateTime), 35(Integer)
2026-09-11 21:24:35.527 [http-nio-8080-exec-8] DEBUG c.a.a.m.C.updateById - <==    Updates: 1
2026-09-11 21:24:35.527 [http-nio-8080-exec-8] DEBUG c.a.a.mapper.MessageMapper.insert - ==>  Preparing: INSERT INTO message ( conversation_id, role, content ) VALUES ( ?, ?, ? )
2026-09-11 21:24:35.527 [http-nio-8080-exec-8] DEBUG c.a.a.mapper.MessageMapper.insert - ==> Parameters: 35(Integer), user(String), 请帮我出几道关于计算机科学学科/知识点的选择题(String)
2026-09-11 21:24:35.529 [http-nio-8080-exec-8] DEBUG c.a.a.mapper.MessageMapper.insert - <==    Updates: 1
2026-09-11 21:24:35.532 [http-nio-8080-exec-8] DEBUG c.a.a.m.MessageMapper.selectList - ==>  Preparing: SELECT id,conversation_id,role,content,intent,created_at FROM message WHERE (conversation_id = ?) ORDER BY created_at ASC LIMIT 10
2026-09-11 21:24:35.532 [http-nio-8080-exec-8] DEBUG c.a.a.m.MessageMapper.selectList - ==> Parameters: 35(Integer)
2026-09-11 21:24:35.534 [http-nio-8080-exec-8] DEBUG c.a.a.m.MessageMapper.selectList - <==      Total: 1
2026-09-11 21:24:37.256 [http-nio-8080-exec-8] DEBUG c.a.a.s.impl.ReviewAssistantAgent - ========== Agent 流式意图识别 ==========
2026-09-11 21:24:37.256 [http-nio-8080-exec-8] DEBUG c.a.a.s.impl.ReviewAssistantAgent - 用户消息: 请帮我出几道关于计算机科学学科/知识点的选择题
2026-09-11 21:24:37.257 [http-nio-8080-exec-8] DEBUG c.a.a.s.impl.ReviewAssistantAgent - 识别意图: QUIZ
2026-09-11 21:24:37.257 [http-nio-8080-exec-8] DEBUG c.a.a.s.impl.ReviewAssistantAgent - 提取参数: {count=5, topic=计算机科学}
2026-09-11 21:24:37.257 [http-nio-8080-exec-8] DEBUG c.a.a.s.impl.ReviewAssistantAgent - [Agent] 流式调用工具: QUIZ
2026-09-11 21:24:37.257 [http-nio-8080-exec-8] DEBUG c.a.a.s.impl.ReviewAssistantAgent - ================================
2026-09-11 21:25:08.905 [http-nio-8080-exec-8] DEBUG c.a.a.mapper.MessageMapper.insert - ==>  Preparing: INSERT INTO message ( conversation_id, role, content, intent ) VALUES ( ?, ?, ?, ? )
2026-09-11 21:25:08.906 [http-nio-8080-exec-8] DEBUG c.a.a.mapper.MessageMapper.insert - ==> Parameters: 35(Integer), assistant(String), 【题目1】  
在计算机体系结构中，冯·诺依曼架构的核心特征之一是：
【A】指令和数据分别存储在不同的物理内存空间中
【B】CPU 仅通过寄存器直接访问数据，不支持内存寻址
【C】指令和数据共享同一存储器空间和同一总线系统
【D】程序计数器（PC）只能递增，不支持跳转或分支
【答案】C
【解析】冯·诺依曼架构的关键特征是“存储程序”概念，即指令与数据统一编码、共用同一主存空间和同一地址/数据总线；选项 A 描述的是哈佛架构；B 和 D 均不符合实际设计（PC 支持 JMP、CALL 等跳转，且现代 CPU 广泛采用内存寻址）。


【题目2】  
下列关于时间复杂度的陈述中，正确的是：
【A】若算法 A 的最坏时间复杂度为 O(n²)，则其平均时间复杂度一定也是 O(n²)
【B】O(1) 表示算法执行时间恒为 1 个时间单位
【C】f(n) = 3n² + 5n + 2 属于 Θ(n²)，但不属于 Θ(n³)
【D】若某算法的时间复杂度为 O(log n)，则它一定比所有 O(n) 算法更快
【答案】C
【解析】Θ(n²) 要求函数既被 O(n²) 上界限制，也被 Ω(n²) 下界限制；3n²+5n+2 满足 c₁n² ≤ f(n) ≤ c₂n²（对足够大的 n），故属于 Θ(n²)；而其增长阶低于 n³，故不属于 Θ(n³)。A 错（如快排最坏 O(n²)，平均 O(n log n)）；B 错（O(1) 表示常数级，不一定是 1）；D 错（大 O 描述渐近上界，未考虑常数因子或小规模输入）。


【题目3】  
TCP 协议在建立连接时采用三次握手过程。以下哪项不是该机制的主要目的？
【A】同步通信双方的初始序列号（ISN）
【B】确认双方具备发送和接收数据的能力
【C】协商最大报文段长度（MSS）、窗口大小等连接参数
【D】防止已失效的连接请求报文突然传到服务器，造成错误连接
【答案】C
【解析】三次握手核心目标包括：① 同步 ISN（A 正确）；② 双向可达性验证（B 正确）；③ 防止历史重复连接请求（D 正确，即解决“网络延迟导致旧 SYN 报文重传”问题）。而 MSS、窗口大小等参数虽在 SYN/SYN-ACK 报文中携带，但**协商本身并非三次握手的设计目的**，而是附带功能；严格来说，TCP 选项字段（如 MSS 选项）是可选扩展，并非握手逻辑必需，故 C 是“不是主要目的”的正确选项。


【题目4】  
在二叉搜索树（BST）中，以下哪种操作在最坏情况下时间复杂度为 O(n)？
【A】查找最小值节点
【B】插入一个新键值
【C】中序遍历所有节点
【D】查找给定值是否存在
【答案】B
【解析】当 BST 严重失衡（如退化为链表），插入操作需从根逐层比较至叶子，最坏需遍历全部 n 个节点，故为 O(n)。A 和 D 在最坏情况下也需 O(n)（A：找最小值需一路向左到底；D：目标值在最深叶节点或不存在），但题干要求“**以下哪种操作在最坏情况下为 O(n)**”，注意——**所有选项在最坏情况下均可达 O(n)**，需进一步辨析：C（中序遍历）无论树形态如何，都必须访问每个节点一次，其时间复杂度恒为 Θ(n)，**不是“最坏情况”下的 O(n)，而是所有情况下的 O(n)**；而 A/B/D 的复杂度依赖于树高，仅在最坏树形下才升至 O(n)。但题目问的是“在最坏情况下为 O(n)”，A/B/D 均满足；然而标准考点强调：**插入、删除、查找均受树高影响，而遍历不受结构影响**。因此 B 是典型教学重点强调的“可能退化至 O(n) 的动态操作”，且插入过程包含查找+链接，明确依赖路径长度；A（找最小值）虽最坏 O(n)，但实践中可通过维护最左指针优化为 O(1)，非本质属性；D 查找亦同理。本题考查对 BST 动态操作脆弱性的理解，**插入是唯一必须修改结构且无法规避路径搜索的操作**，故标准答案为 B。


【题目5】  
下列关于哈希表（Hash Table）中开放地址法（Open Addressing）的描述，正确的是：
【A】发生冲突时，将新元素存储在哈希表外的链表中
【B】线性探测法可能导致“一次聚集（primary clustering）”，降低查找效率
【C】只要装载因子 α < 1，就一定能找到空槽位完成插入
【D】双重哈希法使用两个独立哈希函数，第二个函数输出可为任意整数
【答案】B
【解析】线性探测（i, i+1, i+2, …）会使连续冲突的键聚集在相邻位置，形成“一次聚集”，显著增加后续查找/插入的探查长度，B 正确。A 描述的是链地址法（Separate Chaining），非开放地址法；C 错误：即使 α < 1，若哈希函数与键分布不匹配，仍可能出现伪满（如所有键映射到同一段连续区域）；D 错误：双重哈希中第二哈希函数 h₂(k) 的输出必须与表长互质（通常设计为返回奇数或与 m 互质的值），以确保探查序列能覆盖整个表，避免陷入局部循环。(String), QUIZ(String)
2026-09-11 21:25:08.910 [http-nio-8080-exec-8] DEBUG c.a.a.mapper.MessageMapper.insert - <==    Updates: 1
2026-09-11 21:25:08.911 [http-nio-8080-exec-8] DEBUG c.a.a.m.C.selectById - ==>  Preparing: SELECT id,title,user_id,course_id,created_at,updated_at FROM conversation WHERE id=?
2026-09-11 21:25:08.912 [http-nio-8080-exec-8] DEBUG c.a.a.m.C.selectById - ==> Parameters: 35(Integer)
2026-09-11 21:25:08.913 [http-nio-8080-exec-8] DEBUG c.a.a.m.C.selectById - <==      Total: 1
2026-09-11 21:25:08.914 [http-nio-8080-exec-8] DEBUG c.a.a.m.ReviewRecordsMapper.insert - ==>  Preparing: INSERT INTO review_records ( conversation_id, user_id, question, answer, created_at ) VALUES ( ?, ?, ?, ?, ? )
2026-09-11 21:25:08.914 [http-nio-8080-exec-8] DEBUG c.a.a.m.ReviewRecordsMapper.insert - ==> Parameters: 35(Integer), 2(String), 请帮我出几道关于计算机科学学科/知识点的选择题(String), 【题目1】  
在计算机体系结构中，冯·诺依曼架构的核心特征之一是：
【A】指令和数据分别存储在不同的物理内存空间中
【B】CPU 仅通过寄存器直接访问数据，不支持内存寻址
【C】指令和数据共享同一存储器空间和同一总线系统
【D】程序计数器（PC）只能递增，不支持跳转或分支
【答案】C
【解析】冯·诺依曼架构的关键特征是“存储程序”概念，即指令与数据统一编码、共用同一主存空间和同一地址/数据总线；选项 A 描述的是哈佛架构；B 和 D 均不符合实际设计（PC 支持 JMP、CALL 等跳转，且现代 CPU 广泛采用内存寻址）。


【题目2】  
下列关于时间复杂度的陈述中，正确的是：
【A】若算法 A 的最坏时间复杂度为 O(n²)，则其平均时间复杂度一定也是 O(n²)
【B】O(1) 表示算法执行时间恒为 1 个时间单位
【C】f(n) = 3n² + 5n + 2 属于 Θ(n²)，但不属于 Θ(n³)
【D】若某算法的时间复杂度为 O(log n)，则它一定比所有 O(n) 算法更快
【答案】C
【解析】Θ(n²) 要求函数既被 O(n²) 上界限制，也被 Ω(n²) 下界限制；3n²+5n+2 满足 c₁n² ≤ f(n) ≤ c₂n²（对足够大的 n），故属于 Θ(n²)；而其增长阶低于 n³，故不属于 Θ(n³)。A 错（如快排最坏 O(n²)，平均 O(n log n)）；B 错（O(1) 表示常数级，不一定是 1）；D 错（大 O 描述渐近上界，未考虑常数因子或小规模输入）。


【题目3】  
TCP 协议在建立连接时采用三次握手过程。以下哪项不是该机制的主要目的？
【A】同步通信双方的初始序列号（ISN）
【B】确认双方具备发送和接收数据的能力
【C】协商最大报文段长度（MSS）、窗口大小等连接参数
【D】防止已失效的连接请求报文突然传到服务器，造成错误连接
【答案】C
【解析】三次握手核心目标包括：① 同步 ISN（A 正确）；② 双向可达性验证（B 正确）；③ 防止历史重复连接请求（D 正确，即解决“网络延迟导致旧 SYN 报文重传”问题）。而 MSS、窗口大小等参数虽在 SYN/SYN-ACK 报文中携带，但**协商本身并非三次握手的设计目的**，而是附带功能；严格来说，TCP 选项字段（如 MSS 选项）是可选扩展，并非握手逻辑必需，故 C 是“不是主要目的”的正确选项。


【题目4】  
在二叉搜索树（BST）中，以下哪种操作在最坏情况下时间复杂度为 O(n)？
【A】查找最小值节点
【B】插入一个新键值
【C】中序遍历所有节点
【D】查找给定值是否存在
【答案】B
【解析】当 BST 严重失衡（如退化为链表），插入操作需从根逐层比较至叶子，最坏需遍历全部 n 个节点，故为 O(n)。A 和 D 在最坏情况下也需 O(n)（A：找最小值需一路向左到底；D：目标值在最深叶节点或不存在），但题干要求“**以下哪种操作在最坏情况下为 O(n)**”，注意——**所有选项在最坏情况下均可达 O(n)**，需进一步辨析：C（中序遍历）无论树形态如何，都必须访问每个节点一次，其时间复杂度恒为 Θ(n)，**不是“最坏情况”下的 O(n)，而是所有情况下的 O(n)**；而 A/B/D 的复杂度依赖于树高，仅在最坏树形下才升至 O(n)。但题目问的是“在最坏情况下为 O(n)”，A/B/D 均满足；然而标准考点强调：**插入、删除、查找均受树高影响，而遍历不受结构影响**。因此 B 是典型教学重点强调的“可能退化至 O(n) 的动态操作”，且插入过程包含查找+链接，明确依赖路径长度；A（找最小值）虽最坏 O(n)，但实践中可通过维护最左指针优化为 O(1)，非本质属性；D 查找亦同理。本题考查对 BST 动态操作脆弱性的理解，**插入是唯一必须修改结构且无法规避路径搜索的操作**，故标准答案为 B。


【题目5】  
下列关于哈希表（Hash Table）中开放地址法（Open Addressing）的描述，正确的是：
【A】发生冲突时，将新元素存储在哈希表外的链表中
【B】线性探测法可能导致“一次聚集（primary clustering）”，降低查找效率
【C】只要装载因子 α < 1，就一定能找到空槽位完成插入
【D】双重哈希法使用两个独立哈希函数，第二个函数输出可为任意整数
【答案】B
【解析】线性探测（i, i+1, i+2, …）会使连续冲突的键聚集在相邻位置，形成“一次聚集”，显著增加后续查找/插入的探查长度，B 正确。A 描述的是链地址法（Separate Chaining），非开放地址法；C 错误：即使 α < 1，若哈希函数与键分布不匹配，仍可能出现伪满（如所有键映射到同一段连续区域）；D 错误：双重哈希中第二哈希函数 h₂(k) 的输出必须与表长互质（通常设计为返回奇数或与 m 互质的值），以确保探查序列能覆盖整个表，避免陷入局部循环。(String), 2026-09-11T21:25:08.913521(LocalDateTime)
2026-09-11 21:25:08.987 [http-nio-8080-exec-8] WARN  c.a.a.s.impl.ReviewAssistantAgent - [Agent] 保存复习记录失败: 
### Error updating database.  Cause: org.postgresql.util.PSQLException: ERROR: null value in column "course_id" of relation "review_records" violates not-null constraint
  Detail: Failing row contains (18, null, 2, 请帮我出几道关于计算机科学学科/知识点的选择..., 【题目1】  
在计算机体系结构中，冯·诺依曼架..., 2026-09-11 21:25:08.913521, 35).
### The error may exist in com/aiservice/aireviewassistant/mapper/ReviewRecordsMapper.java (best guess)
### The error may involve com.aiservice.aireviewassistant.mapper.ReviewRecordsMapper.insert-Inline
### The error occurred while setting parameters
### SQL: INSERT INTO review_records  ( conversation_id,  user_id, question, answer, created_at )  VALUES (  ?,  ?, ?, ?, ?  )
### Cause: org.postgresql.util.PSQLException: ERROR: null value in column "course_id" of relation "review_records" violates not-null constraint
  Detail: Failing row contains (18, null, 2, 请帮我出几道关于计算机科学学科/知识点的选择..., 【题目1】  
在计算机体系结构中，冯·诺依曼架..., 2026-09-11 21:25:08.913521, 35).
; ERROR: null value in column "course_id" of relation "review_records" violates not-null constraint
  Detail: Failing row contains (18, null, 2, 请帮我出几道关于计算机科学学科/知识点的选择..., 【题目1】  
在计算机体系结构中，冯·诺依曼架..., 2026-09-11 21:25:08.913521, 35).
2026-09-11 21:25:08.988 [http-nio-8080-exec-8] DEBUG c.a.a.mapper.AgentLogMapper.insert - ==>  Preparing: INSERT INTO agent_log ( conversation_id, user_message, intent, parameters, latency_ms, success, created_at ) VALUES ( ?, ?, ?, ?, ?, ?, ? )
2026-09-11 21:25:08.989 [http-nio-8080-exec-8] DEBUG c.a.a.mapper.AgentLogMapper.insert - ==> Parameters: 35(Integer), 请帮我出几道关于计算机科学学科/知识点的选择题(String), QUIZ(String), {"count":"5","topic":"计算机科学"}(String), 33471(Long), true(Boolean), 2026-09-11T21:25:08.988234(LocalDateTime)
2026-09-11 21:25:08.992 [http-nio-8080-exec-8] DEBUG c.a.a.mapper.AgentLogMapper.insert - <==    Updates: 1
2026-09-11 21:25:09.013 [http-nio-8080-exec-9] DEBUG c.a.a.m.C.selectList - ==>  Preparing: SELECT id,title,user_id,course_id,created_at,updated_at FROM conversation WHERE (user_id = ?) ORDER BY updated_at DESC
2026-09-11 21:25:09.013 [http-nio-8080-exec-9] DEBUG c.a.a.m.C.selectList - ==> Parameters: 2(String)
2026-09-11 21:25:09.015 [http-nio-8080-exec-9] DEBUG c.a.a.m.C.selectList - <==      Total: 4
2026-09-11 21:25:09.015 [http-nio-8080-exec-10] DEBUG c.a.a.m.C.selectList - ==>  Preparing: SELECT id,title,user_id,course_id,created_at,updated_at FROM conversation WHERE (user_id = ?) ORDER BY updated_at DESC
2026-09-11 21:25:09.015 [http-nio-8080-exec-10] DEBUG c.a.a.m.C.selectList - ==> Parameters: 2(String)
2026-09-11 21:25:09.016 [http-nio-8080-exec-10] DEBUG c.a.a.m.C.selectList - <==      Total: 4
2026-09-11 21:28:02.565 [SpringApplicationShutdownHook] INFO  com.zaxxer.hikari.HikariDataSource - HikariPool-1 - Shutdown initiated...
2026-09-11 21:28:02.571 [SpringApplicationShutdownHook] INFO  com.zaxxer.hikari.HikariDataSource - HikariPool-1 - Shutdown completed.
2026-09-11 21:28:05.411 [background-preinit] INFO  o.h.validator.internal.util.Version - HV000001: Hibernate Validator 8.0.1.Final
2026-09-11 21:28:05.476 [main] INFO  c.a.a.AiReviewAssistantApplication - Starting AiReviewAssistantApplication v0.0.1-SNAPSHOT using Java 22.0.1 with PID 41813 (/Users/h3rtz/Desktop/ai-review-assistant/target/ai-review-assistant-0.0.1-SNAPSHOT.jar started by h3rtz in /Users/h3rtz/Desktop/ai-review-assistant)
2026-09-11 21:28:05.476 [main] DEBUG c.a.a.AiReviewAssistantApplication - Running with Spring Boot v3.2.10, Spring v6.1.13
2026-09-11 21:28:05.476 [main] INFO  c.a.a.AiReviewAssistantApplication - No active profile set, falling back to 1 default profile: "default"
2026-09-11 21:28:07.051 [main] INFO  o.s.b.w.e.tomcat.TomcatWebServer - Tomcat initialized with port 8080 (http)
2026-09-11 21:28:07.058 [main] INFO  o.a.coyote.http11.Http11NioProtocol - Initializing ProtocolHandler ["http-nio-8080"]
2026-09-11 21:28:07.060 [main] INFO  o.a.catalina.core.StandardService - Starting service [Tomcat]
2026-09-11 21:28:07.060 [main] INFO  o.a.catalina.core.StandardEngine - Starting Servlet engine: [Apache Tomcat/10.1.30]
2026-09-11 21:28:07.078 [main] INFO  o.a.c.c.C.[Tomcat].[localhost].[/] - Initializing Spring embedded WebApplicationContext
2026-09-11 21:28:07.079 [main] INFO  o.s.b.w.s.c.ServletWebServerApplicationContext - Root WebApplicationContext: initialization completed in 1577 ms
2026-09-11 21:28:07.575 [main] INFO  o.s.a.v.pgvector.PgVectorStore - Using the vector table name: vector_store. Is empty: false
2026-09-11 21:28:07.577 [main] INFO  o.s.a.v.pgvector.PgVectorStore - Initializing PGVectorStore schema for table: vector_store in schema: public
2026-09-11 21:28:07.577 [main] INFO  o.s.a.v.pgvector.PgVectorStore - vectorTableValidationsEnabled false
2026-09-11 21:28:07.581 [main] INFO  com.zaxxer.hikari.HikariDataSource - HikariPool-1 - Starting...
2026-09-11 21:28:07.660 [main] INFO  com.zaxxer.hikari.pool.HikariPool - HikariPool-1 - Added connection org.postgresql.jdbc.PgConnection@67aa46d0
2026-09-11 21:28:07.661 [main] INFO  com.zaxxer.hikari.HikariDataSource - HikariPool-1 - Start completed.
2026-09-11 21:28:08.310 [main] WARN  o.s.b.a.s.s.UserDetailsServiceAutoConfiguration - 

Using generated security password: e4554403-4612-4d6a-b7d8-b18d776dc51d

This generated password is for development use only. Your security configuration must be updated before running your application in production.

2026-09-11 21:28:08.403 [main] INFO  o.s.b.a.w.s.WelcomePageHandlerMapping - Adding welcome page: class path resource [static/index.html]
2026-09-11 21:28:08.560 [main] INFO  o.s.b.a.e.web.EndpointLinksResolver - Exposing 4 endpoint(s) beneath base path '/actuator'
2026-09-11 21:28:08.611 [main] INFO  o.s.s.web.DefaultSecurityFilterChain - Will secure any request with [org.springframework.security.web.session.DisableEncodeUrlFilter@21437608, org.springframework.security.web.context.request.async.WebAsyncManagerIntegrationFilter@74cb54b1, org.springframework.security.web.context.SecurityContextHolderFilter@1aac1c2a, org.springframework.security.web.header.HeaderWriterFilter@9d55c44, org.springframework.security.web.authentication.logout.LogoutFilter@3d5a7b26, com.aiservice.aireviewassistant.security.JwtAuthenticationFilter@cf500b5, org.springframework.security.web.savedrequest.RequestCacheAwareFilter@51e50c77, org.springframework.security.web.servletapi.SecurityContextHolderAwareRequestFilter@2878298b, org.springframework.security.web.authentication.AnonymousAuthenticationFilter@e01a39e, org.springframework.security.web.session.SessionManagementFilter@786e1cb0, org.springframework.security.web.access.ExceptionTranslationFilter@5041734f, org.springframework.security.web.access.intercept.AuthorizationFilter@501b389b]
2026-09-11 21:28:09.276 [main] ERROR i.n.r.d.DnsServerAddressStreamProviders - Unable to load io.netty.resolver.dns.macos.MacOSDnsServerAddressStreamProvider, fallback to system defaults. This may result in incorrect DNS resolutions on MacOS. Check whether you have a dependency on 'io.netty:netty-resolver-dns-native-macos'. Use DEBUG level to see the full stack: java.lang.UnsatisfiedLinkError: failed to load the required native library
2026-09-11 21:28:09.288 [main] INFO  o.a.coyote.http11.Http11NioProtocol - Starting ProtocolHandler ["http-nio-8080"]
2026-09-11 21:28:09.293 [main] INFO  o.s.b.w.e.tomcat.TomcatWebServer - Tomcat started on port 8080 (http) with context path ''
2026-09-11 21:28:09.308 [main] INFO  c.a.a.AiReviewAssistantApplication - Started AiReviewAssistantApplication in 4.228 seconds (process running for 4.627)
2026-09-11 21:28:09.784 [http-nio-8080-exec-1] INFO  o.a.c.c.C.[Tomcat].[localhost].[/] - Initializing Spring DispatcherServlet 'dispatcherServlet'
2026-09-11 21:28:09.784 [http-nio-8080-exec-1] INFO  o.s.web.servlet.DispatcherServlet - Initializing Servlet 'dispatcherServlet'
2026-09-11 21:28:09.786 [http-nio-8080-exec-1] INFO  o.s.web.servlet.DispatcherServlet - Completed initialization in 2 ms
2026-09-11 21:28:46.752 [http-nio-8080-exec-4] DEBUG c.a.a.m.C.selectList - ==>  Preparing: SELECT id,title,user_id,course_id,created_at,updated_at FROM conversation ORDER BY updated_at DESC
2026-09-11 21:28:46.761 [http-nio-8080-exec-4] DEBUG c.a.a.m.C.selectList - ==> Parameters: 
2026-09-11 21:28:46.777 [http-nio-8080-exec-4] DEBUG c.a.a.m.C.selectList - <==      Total: 4
2026-09-11 21:28:46.807 [http-nio-8080-exec-5] DEBUG c.a.a.m.ConversationMapper.insert - ==>  Preparing: INSERT INTO conversation ( title ) VALUES ( ? )
2026-09-11 21:28:46.808 [http-nio-8080-exec-5] DEBUG c.a.a.m.ConversationMapper.insert - ==> Parameters: 新对话(String)
2026-09-11 21:28:46.813 [http-nio-8080-exec-5] DEBUG c.a.a.m.ConversationMapper.insert - <==    Updates: 1
2026-09-11 21:28:46.821 [http-nio-8080-exec-6] DEBUG c.a.a.m.C.selectList - ==>  Preparing: SELECT id,title,user_id,course_id,created_at,updated_at FROM conversation ORDER BY updated_at DESC
2026-09-11 21:28:46.821 [http-nio-8080-exec-6] DEBUG c.a.a.m.C.selectList - ==> Parameters: 
2026-09-11 21:28:46.823 [http-nio-8080-exec-6] DEBUG c.a.a.m.C.selectList - <==      Total: 5
2026-09-11 21:28:52.431 [http-nio-8080-exec-7] DEBUG c.a.a.m.C.selectById - ==>  Preparing: SELECT id,title,user_id,course_id,created_at,updated_at FROM conversation WHERE id=?
2026-09-11 21:28:52.433 [http-nio-8080-exec-7] DEBUG c.a.a.m.C.selectById - ==> Parameters: 36(Integer)
2026-09-11 21:28:52.435 [http-nio-8080-exec-7] DEBUG c.a.a.m.C.selectById - <==      Total: 1
2026-09-11 21:28:52.436 [http-nio-8080-exec-7] DEBUG c.a.a.m.C.updateById - ==>  Preparing: UPDATE conversation SET title=?, created_at=?, updated_at=? WHERE id=?
2026-09-11 21:28:52.437 [http-nio-8080-exec-7] DEBUG c.a.a.m.C.updateById - ==> Parameters: 请帮我出几道关于数据库学科/知识点的选择题(String), 2026-09-11T21:28:46.808154(LocalDateTime), 2026-09-11T21:28:52.435350(LocalDateTime), 36(Integer)
2026-09-11 21:28:52.441 [http-nio-8080-exec-7] DEBUG c.a.a.m.C.updateById - <==    Updates: 1
2026-09-11 21:28:52.442 [http-nio-8080-exec-7] DEBUG c.a.a.mapper.MessageMapper.insert - ==>  Preparing: INSERT INTO message ( conversation_id, role, content ) VALUES ( ?, ?, ? )
2026-09-11 21:28:52.442 [http-nio-8080-exec-7] DEBUG c.a.a.mapper.MessageMapper.insert - ==> Parameters: 36(Integer), user(String), 请帮我出几道关于数据库学科/知识点的选择题(String)
2026-09-11 21:28:52.443 [http-nio-8080-exec-7] DEBUG c.a.a.mapper.MessageMapper.insert - <==    Updates: 1
2026-09-11 21:28:52.447 [http-nio-8080-exec-7] DEBUG c.a.a.m.MessageMapper.selectList - ==>  Preparing: SELECT id,conversation_id,role,content,intent,created_at FROM message WHERE (conversation_id = ?) ORDER BY created_at ASC LIMIT 10
2026-09-11 21:28:52.448 [http-nio-8080-exec-7] DEBUG c.a.a.m.MessageMapper.selectList - ==> Parameters: 36(Integer)
2026-09-11 21:28:52.449 [http-nio-8080-exec-7] DEBUG c.a.a.m.MessageMapper.selectList - <==      Total: 1
2026-09-11 21:28:54.471 [http-nio-8080-exec-7] DEBUG c.a.a.s.impl.ReviewAssistantAgent - ========== Agent 流式意图识别 ==========
2026-09-11 21:28:54.471 [http-nio-8080-exec-7] DEBUG c.a.a.s.impl.ReviewAssistantAgent - 用户消息: 请帮我出几道关于数据库学科/知识点的选择题
2026-09-11 21:28:54.471 [http-nio-8080-exec-7] DEBUG c.a.a.s.impl.ReviewAssistantAgent - 识别意图: QUIZ
2026-09-11 21:28:54.471 [http-nio-8080-exec-7] DEBUG c.a.a.s.impl.ReviewAssistantAgent - 提取参数: {count=5, topic=数据库}
2026-09-11 21:28:54.472 [http-nio-8080-exec-7] DEBUG c.a.a.s.impl.ReviewAssistantAgent - [Agent] 流式调用工具: QUIZ
2026-09-11 21:28:54.472 [http-nio-8080-exec-7] DEBUG c.a.a.s.impl.ReviewAssistantAgent - ================================
2026-09-11 21:29:16.018 [http-nio-8080-exec-7] DEBUG c.a.a.mapper.MessageMapper.insert - ==>  Preparing: INSERT INTO message ( conversation_id, role, content, intent ) VALUES ( ?, ?, ?, ? )
2026-09-11 21:29:16.018 [http-nio-8080-exec-7] DEBUG c.a.a.mapper.MessageMapper.insert - ==> Parameters: 36(Integer), assistant(String), 【题目1】  
在关系数据库中，关于主键（Primary Key）的描述，以下哪一项是**错误**的？
【A】主键可以由一个或多个属性组成，称为复合主键
【B】主键值不允许为 NULL，且必须唯一
【C】一个关系表中可以定义多个主键
【D】主键自动具有唯一性约束和非空约束
【答案】C
【解析】一个关系表中**只能有一个主键**（但该主键可由多个列构成，即复合主键）。选项C混淆了“主键”与“候选键”——表中可有多个候选键，但仅能指定其中一个作为主键。


【题目2】  
SQL语句 `SELECT * FROM Employees WHERE salary BETWEEN 5000 AND 8000;` 等价于下列哪一项？
【A】`SELECT * FROM Employees WHERE salary >= 5000 AND salary <= 8000;`
【B】`SELECT * FROM Employees WHERE salary > 5000 AND salary < 8000;`
【C】`SELECT * FROM Employees WHERE salary IN (5000, 8000);`
【D】`SELECT * FROM Employees WHERE salary = 5000 OR salary = 8000;`
【答案】A
【解析】`BETWEEN a AND b` 是**闭区间**操作符，包含端点值，等价于 `>= a AND <= b`。选项B为开区间，C和D仅匹配两个离散值，均不等价。


【题目3】  
关于数据库事务的ACID特性，以下哪项描述准确对应了“隔离性（Isolation）”？
【A】事务执行前后，数据库必须从一个一致状态转移到另一个一致状态
【B】事务一旦提交，其对数据库的更改将永久保存，即使系统崩溃也不丢失
【C】多个并发事务的执行结果，等价于以某种顺序串行执行的结果
【D】事务中的所有操作要么全部成功，要么全部失败并回滚
【答案】C
【解析】隔离性确保并发事务互不干扰，其核心目标是避免脏读、不可重复读、幻读等问题，形式化定义为“并发执行等价于某一种串行执行”。A对应一致性（Consistency），B对应持久性（Durability），D对应原子性（Atomicity）。


【题目4】  
在SQL中，以下哪条语句**不能**用于修改已存在表的结构？
【A】`ALTER TABLE employees ADD COLUMN email VARCHAR(100);`
【B】`ALTER TABLE employees DROP COLUMN phone;`
【C】`ALTER TABLE employees MODIFY COLUMN age INT NOT NULL;`（MySQL语法）
【D】`ALTER TABLE employees UPDATE COLUMN name SET DEFAULT 'anonymous';`
【答案】D
【解析】SQL标准及主流DBMS（如MySQL、PostgreSQL、SQL Server）中，**不存在 `UPDATE COLUMN` 语法**。修改列默认值应使用 `ALTER TABLE ... ALTER COLUMN ... SET DEFAULT ...`（SQL Server/PostgreSQL）或 `MODIFY COLUMN ... DEFAULT ...`（MySQL），但绝无 `UPDATE COLUMN` 形式。D是非法语法，故为正确答案。


【题目5】  
设有学生表 `Students(sno, sname, dept)` 和选课表 `Enrollments(sno, cno, grade)`，要查询“所有计算机系（dept = 'CS'）学生的学号、姓名及其所选课程号”，若某CS学生尚未选课，也需显示其信息（课程号为NULL），应使用哪种连接方式？
【A】内连接（INNER JOIN）
【B】左外连接（LEFT OUTER JOIN）
【C】右外连接（RIGHT OUTER JOIN）
【D】全外连接（FULL OUTER JOIN）
【答案】B
【解析】题目要求“所有CS学生”（主表为Students）必须出现，无论是否选课；未选课者课程信息为NULL，符合**以Students为左表、Enrollments为右表的左外连接**语义。内连接会过滤掉未选课学生；右外连接以Enrollments为主表，不符合题意；全外连接会额外包含无对应学生的选课记录，超出要求。(String), QUIZ(String)
2026-09-11 21:29:16.022 [http-nio-8080-exec-7] DEBUG c.a.a.mapper.MessageMapper.insert - <==    Updates: 1
2026-09-11 21:29:16.023 [http-nio-8080-exec-7] DEBUG c.a.a.m.C.selectById - ==>  Preparing: SELECT id,title,user_id,course_id,created_at,updated_at FROM conversation WHERE id=?
2026-09-11 21:29:16.024 [http-nio-8080-exec-7] DEBUG c.a.a.m.C.selectById - ==> Parameters: 36(Integer)
2026-09-11 21:29:16.025 [http-nio-8080-exec-7] DEBUG c.a.a.m.C.selectById - <==      Total: 1
2026-09-11 21:29:16.026 [http-nio-8080-exec-7] DEBUG c.a.a.m.ReviewRecordsMapper.insert - ==>  Preparing: INSERT INTO review_records ( conversation_id, question, answer, created_at ) VALUES ( ?, ?, ?, ? )
2026-09-11 21:29:16.026 [http-nio-8080-exec-7] DEBUG c.a.a.m.ReviewRecordsMapper.insert - ==> Parameters: 36(Integer), 请帮我出几道关于数据库学科/知识点的选择题(String), 【题目1】  
在关系数据库中，关于主键（Primary Key）的描述，以下哪一项是**错误**的？
【A】主键可以由一个或多个属性组成，称为复合主键
【B】主键值不允许为 NULL，且必须唯一
【C】一个关系表中可以定义多个主键
【D】主键自动具有唯一性约束和非空约束
【答案】C
【解析】一个关系表中**只能有一个主键**（但该主键可由多个列构成，即复合主键）。选项C混淆了“主键”与“候选键”——表中可有多个候选键，但仅能指定其中一个作为主键。


【题目2】  
SQL语句 `SELECT * FROM Employees WHERE salary BETWEEN 5000 AND 8000;` 等价于下列哪一项？
【A】`SELECT * FROM Employees WHERE salary >= 5000 AND salary <= 8000;`
【B】`SELECT * FROM Employees WHERE salary > 5000 AND salary < 8000;`
【C】`SELECT * FROM Employees WHERE salary IN (5000, 8000);`
【D】`SELECT * FROM Employees WHERE salary = 5000 OR salary = 8000;`
【答案】A
【解析】`BETWEEN a AND b` 是**闭区间**操作符，包含端点值，等价于 `>= a AND <= b`。选项B为开区间，C和D仅匹配两个离散值，均不等价。


【题目3】  
关于数据库事务的ACID特性，以下哪项描述准确对应了“隔离性（Isolation）”？
【A】事务执行前后，数据库必须从一个一致状态转移到另一个一致状态
【B】事务一旦提交，其对数据库的更改将永久保存，即使系统崩溃也不丢失
【C】多个并发事务的执行结果，等价于以某种顺序串行执行的结果
【D】事务中的所有操作要么全部成功，要么全部失败并回滚
【答案】C
【解析】隔离性确保并发事务互不干扰，其核心目标是避免脏读、不可重复读、幻读等问题，形式化定义为“并发执行等价于某一种串行执行”。A对应一致性（Consistency），B对应持久性（Durability），D对应原子性（Atomicity）。


【题目4】  
在SQL中，以下哪条语句**不能**用于修改已存在表的结构？
【A】`ALTER TABLE employees ADD COLUMN email VARCHAR(100);`
【B】`ALTER TABLE employees DROP COLUMN phone;`
【C】`ALTER TABLE employees MODIFY COLUMN age INT NOT NULL;`（MySQL语法）
【D】`ALTER TABLE employees UPDATE COLUMN name SET DEFAULT 'anonymous';`
【答案】D
【解析】SQL标准及主流DBMS（如MySQL、PostgreSQL、SQL Server）中，**不存在 `UPDATE COLUMN` 语法**。修改列默认值应使用 `ALTER TABLE ... ALTER COLUMN ... SET DEFAULT ...`（SQL Server/PostgreSQL）或 `MODIFY COLUMN ... DEFAULT ...`（MySQL），但绝无 `UPDATE COLUMN` 形式。D是非法语法，故为正确答案。


【题目5】  
设有学生表 `Students(sno, sname, dept)` 和选课表 `Enrollments(sno, cno, grade)`，要查询“所有计算机系（dept = 'CS'）学生的学号、姓名及其所选课程号”，若某CS学生尚未选课，也需显示其信息（课程号为NULL），应使用哪种连接方式？
【A】内连接（INNER JOIN）
【B】左外连接（LEFT OUTER JOIN）
【C】右外连接（RIGHT OUTER JOIN）
【D】全外连接（FULL OUTER JOIN）
【答案】B
【解析】题目要求“所有CS学生”（主表为Students）必须出现，无论是否选课；未选课者课程信息为NULL，符合**以Students为左表、Enrollments为右表的左外连接**语义。内连接会过滤掉未选课学生；右外连接以Enrollments为主表，不符合题意；全外连接会额外包含无对应学生的选课记录，超出要求。(String), 2026-09-11T21:29:16.025461(LocalDateTime)
2026-09-11 21:29:16.097 [http-nio-8080-exec-7] WARN  c.a.a.s.impl.ReviewAssistantAgent - [Agent] 保存复习记录失败: 
### Error updating database.  Cause: org.postgresql.util.PSQLException: ERROR: null value in column "course_id" of relation "review_records" violates not-null constraint
  Detail: Failing row contains (19, null, null, 请帮我出几道关于数据库学科/知识点的选择题, 【题目1】  
在关系数据库中，关于主键（Primary K..., 2026-09-11 21:29:16.025461, 36).
### The error may exist in com/aiservice/aireviewassistant/mapper/ReviewRecordsMapper.java (best guess)
### The error may involve com.aiservice.aireviewassistant.mapper.ReviewRecordsMapper.insert-Inline
### The error occurred while setting parameters
### SQL: INSERT INTO review_records  ( conversation_id,   question, answer, created_at )  VALUES (  ?,   ?, ?, ?  )
### Cause: org.postgresql.util.PSQLException: ERROR: null value in column "course_id" of relation "review_records" violates not-null constraint
  Detail: Failing row contains (19, null, null, 请帮我出几道关于数据库学科/知识点的选择题, 【题目1】  
在关系数据库中，关于主键（Primary K..., 2026-09-11 21:29:16.025461, 36).
; ERROR: null value in column "course_id" of relation "review_records" violates not-null constraint
  Detail: Failing row contains (19, null, null, 请帮我出几道关于数据库学科/知识点的选择题, 【题目1】  
在关系数据库中，关于主键（Primary K..., 2026-09-11 21:29:16.025461, 36).
2026-09-11 21:29:16.098 [http-nio-8080-exec-7] DEBUG c.a.a.mapper.AgentLogMapper.insert - ==>  Preparing: INSERT INTO agent_log ( conversation_id, user_message, intent, parameters, latency_ms, success, created_at ) VALUES ( ?, ?, ?, ?, ?, ?, ? )
2026-09-11 21:29:16.099 [http-nio-8080-exec-7] DEBUG c.a.a.mapper.AgentLogMapper.insert - ==> Parameters: 36(Integer), 请帮我出几道关于数据库学科/知识点的选择题(String), QUIZ(String), {"count":"5","topic":"数据库"}(String), 23668(Long), true(Boolean), 2026-09-11T21:29:16.097813(LocalDateTime)
2026-09-11 21:29:16.103 [http-nio-8080-exec-7] DEBUG c.a.a.mapper.AgentLogMapper.insert - <==    Updates: 1
2026-09-11 21:29:16.119 [http-nio-8080-exec-8] DEBUG c.a.a.m.C.selectList - ==>  Preparing: SELECT id,title,user_id,course_id,created_at,updated_at FROM conversation ORDER BY updated_at DESC
2026-09-11 21:29:16.120 [http-nio-8080-exec-8] DEBUG c.a.a.m.C.selectList - ==> Parameters: 
2026-09-11 21:29:16.121 [http-nio-8080-exec-8] DEBUG c.a.a.m.C.selectList - <==      Total: 5
2026-09-11 21:29:16.129 [http-nio-8080-exec-9] DEBUG c.a.a.m.C.selectList - ==>  Preparing: SELECT id,title,user_id,course_id,created_at,updated_at FROM conversation ORDER BY updated_at DESC
2026-09-11 21:29:16.130 [http-nio-8080-exec-9] DEBUG c.a.a.m.C.selectList - ==> Parameters: 
2026-09-11 21:29:16.131 [http-nio-8080-exec-9] DEBUG c.a.a.m.C.selectList - <==      Total: 5
2026-09-11 22:49:49.036 [HikariPool-1 housekeeper] WARN  com.zaxxer.hikari.pool.HikariPool - HikariPool-1 - Thread starvation or clock leap detected (housekeeper delta=1h12m41s121ms).
