2026-08-29 15:03:54.750 [background-preinit] INFO  o.h.validator.internal.util.Version - HV000001: Hibernate Validator 8.0.1.Final
2026-08-29 15:03:54.828 [main] INFO  c.a.a.AiReviewAssistantApplication - Starting AiReviewAssistantApplication v0.0.1-SNAPSHOT using Java 22.0.1 with PID 991 (/Users/h3rtz/Desktop/ai-review-assistant/target/ai-review-assistant-0.0.1-SNAPSHOT.jar started by h3rtz in /Users/h3rtz/Desktop/ai-review-assistant)
2026-08-29 15:03:54.828 [main] DEBUG c.a.a.AiReviewAssistantApplication - Running with Spring Boot v3.2.10, Spring v6.1.13
2026-08-29 15:03:54.829 [main] INFO  c.a.a.AiReviewAssistantApplication - No active profile set, falling back to 1 default profile: "default"
2026-08-29 15:03:56.580 [main] INFO  o.s.b.w.e.tomcat.TomcatWebServer - Tomcat initialized with port 8080 (http)
2026-08-29 15:03:56.588 [main] INFO  o.a.coyote.http11.Http11NioProtocol - Initializing ProtocolHandler ["http-nio-8080"]
2026-08-29 15:03:56.590 [main] INFO  o.a.catalina.core.StandardService - Starting service [Tomcat]
2026-08-29 15:03:56.590 [main] INFO  o.a.catalina.core.StandardEngine - Starting Servlet engine: [Apache Tomcat/10.1.30]
2026-08-29 15:03:56.611 [main] INFO  o.a.c.c.C.[Tomcat].[localhost].[/] - Initializing Spring embedded WebApplicationContext
2026-08-29 15:03:56.612 [main] INFO  o.s.b.w.s.c.ServletWebServerApplicationContext - Root WebApplicationContext: initialization completed in 1740 ms
2026-08-29 15:03:57.154 [main] INFO  o.s.a.v.pgvector.PgVectorStore - Using the vector table name: vector_store. Is empty: false
2026-08-29 15:03:57.157 [main] INFO  o.s.a.v.pgvector.PgVectorStore - Initializing PGVectorStore schema for table: vector_store in schema: public
2026-08-29 15:03:57.157 [main] INFO  o.s.a.v.pgvector.PgVectorStore - vectorTableValidationsEnabled false
2026-08-29 15:03:57.160 [main] INFO  com.zaxxer.hikari.HikariDataSource - HikariPool-1 - Starting...
2026-08-29 15:03:57.246 [main] INFO  com.zaxxer.hikari.pool.HikariPool - HikariPool-1 - Added connection org.postgresql.jdbc.PgConnection@5a26581e
2026-08-29 15:03:57.247 [main] INFO  com.zaxxer.hikari.HikariDataSource - HikariPool-1 - Start completed.
2026-08-29 15:03:57.259 [main] WARN  c.zaxxer.hikari.pool.ProxyConnection - HikariPool-1 - Connection org.postgresql.jdbc.PgConnection@5a26581e marked as broken because of SQLSTATE(0A000), ErrorCode(0)
org.postgresql.util.PSQLException: ERROR: extension "vector" is not available
  Detail: Could not open extension control file "/opt/homebrew/opt/postgresql@16/share/postgresql@16/extension/vector.control": No such file or directory.
  Hint: The extension must first be installed on the system where PostgreSQL is running.
	at org.postgresql.core.v3.QueryExecutorImpl.receiveErrorResponse(QueryExecutorImpl.java:2713)
	at org.postgresql.core.v3.QueryExecutorImpl.processResults(QueryExecutorImpl.java:2401)
	at org.postgresql.core.v3.QueryExecutorImpl.execute(QueryExecutorImpl.java:368)
	at org.postgresql.jdbc.PgStatement.executeInternal(PgStatement.java:498)
	at org.postgresql.jdbc.PgStatement.execute(PgStatement.java:415)
	at org.postgresql.jdbc.PgStatement.executeWithFlags(PgStatement.java:335)
	at org.postgresql.jdbc.PgStatement.executeCachedSql(PgStatement.java:321)
	at org.postgresql.jdbc.PgStatement.executeWithFlags(PgStatement.java:297)
	at org.postgresql.jdbc.PgStatement.execute(PgStatement.java:292)
	at com.zaxxer.hikari.pool.ProxyStatement.execute(ProxyStatement.java:94)
	at com.zaxxer.hikari.pool.HikariProxyStatement.execute(HikariProxyStatement.java)
	at org.springframework.jdbc.core.JdbcTemplate$1ExecuteStatementCallback.doInStatement(JdbcTemplate.java:435)
	at org.springframework.jdbc.core.JdbcTemplate.execute(JdbcTemplate.java:393)
	at org.springframework.jdbc.core.JdbcTemplate.execute(JdbcTemplate.java:444)
	at org.springframework.ai.vectorstore.pgvector.PgVectorStore.afterPropertiesSet(PgVectorStore.java:421)
	at org.springframework.beans.factory.support.AbstractAutowireCapableBeanFactory.invokeInitMethods(AbstractAutowireCapableBeanFactory.java:1853)
	at org.springframework.beans.factory.support.AbstractAutowireCapableBeanFactory.initializeBean(AbstractAutowireCapableBeanFactory.java:1802)
	at org.springframework.beans.factory.support.AbstractAutowireCapableBeanFactory.doCreateBean(AbstractAutowireCapableBeanFactory.java:600)
	at org.springframework.beans.factory.support.AbstractAutowireCapableBeanFactory.createBean(AbstractAutowireCapableBeanFactory.java:522)
	at org.springframework.beans.factory.support.AbstractBeanFactory.lambda$doGetBean$0(AbstractBeanFactory.java:337)
	at org.springframework.beans.factory.support.DefaultSingletonBeanRegistry.getSingleton(DefaultSingletonBeanRegistry.java:234)
	at org.springframework.beans.factory.support.AbstractBeanFactory.doGetBean(AbstractBeanFactory.java:335)
	at org.springframework.beans.factory.support.AbstractBeanFactory.getBean(AbstractBeanFactory.java:200)
	at org.springframework.beans.factory.config.DependencyDescriptor.resolveCandidate(DependencyDescriptor.java:254)
	at org.springframework.beans.factory.support.DefaultListableBeanFactory.doResolveDependency(DefaultListableBeanFactory.java:1443)
	at org.springframework.beans.factory.support.DefaultListableBeanFactory.resolveDependency(DefaultListableBeanFactory.java:1353)
	at org.springframework.beans.factory.support.ConstructorResolver.resolveAutowiredArgument(ConstructorResolver.java:904)
	at org.springframework.beans.factory.support.ConstructorResolver.createArgumentArray(ConstructorResolver.java:782)
	at org.springframework.beans.factory.support.ConstructorResolver.autowireConstructor(ConstructorResolver.java:237)
	at org.springframework.beans.factory.support.AbstractAutowireCapableBeanFactory.autowireConstructor(AbstractAutowireCapableBeanFactory.java:1375)
	at org.springframework.beans.factory.support.AbstractAutowireCapableBeanFactory.createBeanInstance(AbstractAutowireCapableBeanFactory.java:1212)
	at org.springframework.beans.factory.support.AbstractAutowireCapableBeanFactory.doCreateBean(AbstractAutowireCapableBeanFactory.java:562)
	at org.springframework.beans.factory.support.AbstractAutowireCapableBeanFactory.createBean(AbstractAutowireCapableBeanFactory.java:522)
	at org.springframework.beans.factory.support.AbstractBeanFactory.lambda$doGetBean$0(AbstractBeanFactory.java:337)
	at org.springframework.beans.factory.support.DefaultSingletonBeanRegistry.getSingleton(DefaultSingletonBeanRegistry.java:234)
	at org.springframework.beans.factory.support.AbstractBeanFactory.doGetBean(AbstractBeanFactory.java:335)
	at org.springframework.beans.factory.support.AbstractBeanFactory.getBean(AbstractBeanFactory.java:200)
	at org.springframework.beans.factory.config.DependencyDescriptor.resolveCandidate(DependencyDescriptor.java:254)
	at org.springframework.beans.factory.support.DefaultListableBeanFactory.doResolveDependency(DefaultListableBeanFactory.java:1443)
	at org.springframework.beans.factory.support.DefaultListableBeanFactory.resolveDependency(DefaultListableBeanFactory.java:1353)
	at org.springframework.beans.factory.support.ConstructorResolver.resolveAutowiredArgument(ConstructorResolver.java:904)
	at org.springframework.beans.factory.support.ConstructorResolver.createArgumentArray(ConstructorResolver.java:782)
	at org.springframework.beans.factory.support.ConstructorResolver.autowireConstructor(ConstructorResolver.java:237)
	at org.springframework.beans.factory.support.AbstractAutowireCapableBeanFactory.autowireConstructor(AbstractAutowireCapableBeanFactory.java:1375)
	at org.springframework.beans.factory.support.AbstractAutowireCapableBeanFactory.createBeanInstance(AbstractAutowireCapableBeanFactory.java:1212)
	at org.springframework.beans.factory.support.AbstractAutowireCapableBeanFactory.doCreateBean(AbstractAutowireCapableBeanFactory.java:562)
	at org.springframework.beans.factory.support.AbstractAutowireCapableBeanFactory.createBean(AbstractAutowireCapableBeanFactory.java:522)
	at org.springframework.beans.factory.support.AbstractBeanFactory.lambda$doGetBean$0(AbstractBeanFactory.java:337)
	at org.springframework.beans.factory.support.DefaultSingletonBeanRegistry.getSingleton(DefaultSingletonBeanRegistry.java:234)
	at org.springframework.beans.factory.support.AbstractBeanFactory.doGetBean(AbstractBeanFactory.java:335)
	at org.springframework.beans.factory.support.AbstractBeanFactory.getBean(AbstractBeanFactory.java:200)
	at org.springframework.beans.factory.config.DependencyDescriptor.resolveCandidate(DependencyDescriptor.java:254)
	at org.springframework.beans.factory.support.DefaultListableBeanFactory.addCandidateEntry(DefaultListableBeanFactory.java:1689)
	at org.springframework.beans.factory.support.DefaultListableBeanFactory.findAutowireCandidates(DefaultListableBeanFactory.java:1653)
	at org.springframework.beans.factory.support.DefaultListableBeanFactory.resolveMultipleBeanCollection(DefaultListableBeanFactory.java:1543)
	at org.springframework.beans.factory.support.DefaultListableBeanFactory.resolveMultipleBeans(DefaultListableBeanFactory.java:1511)
	at org.springframework.beans.factory.support.DefaultListableBeanFactory.doResolveDependency(DefaultListableBeanFactory.java:1392)
	at org.springframework.beans.factory.support.DefaultListableBeanFactory.resolveDependency(DefaultListableBeanFactory.java:1353)
	at org.springframework.beans.factory.support.ConstructorResolver.resolveAutowiredArgument(ConstructorResolver.java:904)
	at org.springframework.beans.factory.support.ConstructorResolver.createArgumentArray(ConstructorResolver.java:782)
	at org.springframework.beans.factory.support.ConstructorResolver.autowireConstructor(ConstructorResolver.java:237)
	at org.springframework.beans.factory.support.AbstractAutowireCapableBeanFactory.autowireConstructor(AbstractAutowireCapableBeanFactory.java:1375)
	at org.springframework.beans.factory.support.AbstractAutowireCapableBeanFactory.createBeanInstance(AbstractAutowireCapableBeanFactory.java:1212)
	at org.springframework.beans.factory.support.AbstractAutowireCapableBeanFactory.doCreateBean(AbstractAutowireCapableBeanFactory.java:562)
	at org.springframework.beans.factory.support.AbstractAutowireCapableBeanFactory.createBean(AbstractAutowireCapableBeanFactory.java:522)
	at org.springframework.beans.factory.support.AbstractBeanFactory.lambda$doGetBean$0(AbstractBeanFactory.java:337)
	at org.springframework.beans.factory.support.DefaultSingletonBeanRegistry.getSingleton(DefaultSingletonBeanRegistry.java:234)
	at org.springframework.beans.factory.support.AbstractBeanFactory.doGetBean(AbstractBeanFactory.java:335)
	at org.springframework.beans.factory.support.AbstractBeanFactory.getBean(AbstractBeanFactory.java:200)
	at org.springframework.beans.factory.config.DependencyDescriptor.resolveCandidate(DependencyDescriptor.java:254)
	at org.springframework.beans.factory.support.DefaultListableBeanFactory.doResolveDependency(DefaultListableBeanFactory.java:1443)
	at org.springframework.beans.factory.support.DefaultListableBeanFactory.resolveDependency(DefaultListableBeanFactory.java:1353)
	at org.springframework.beans.factory.support.ConstructorResolver.resolveAutowiredArgument(ConstructorResolver.java:904)
	at org.springframework.beans.factory.support.ConstructorResolver.createArgumentArray(ConstructorResolver.java:782)
	at org.springframework.beans.factory.support.ConstructorResolver.autowireConstructor(ConstructorResolver.java:237)
	at org.springframework.beans.factory.support.AbstractAutowireCapableBeanFactory.autowireConstructor(AbstractAutowireCapableBeanFactory.java:1375)
	at org.springframework.beans.factory.support.AbstractAutowireCapableBeanFactory.createBeanInstance(AbstractAutowireCapableBeanFactory.java:1212)
	at org.springframework.beans.factory.support.AbstractAutowireCapableBeanFactory.doCreateBean(AbstractAutowireCapableBeanFactory.java:562)
	at org.springframework.beans.factory.support.AbstractAutowireCapableBeanFactory.createBean(AbstractAutowireCapableBeanFactory.java:522)
	at org.springframework.beans.factory.support.AbstractBeanFactory.lambda$doGetBean$0(AbstractBeanFactory.java:337)
	at org.springframework.beans.factory.support.DefaultSingletonBeanRegistry.getSingleton(DefaultSingletonBeanRegistry.java:234)
	at org.springframework.beans.factory.support.AbstractBeanFactory.doGetBean(AbstractBeanFactory.java:335)
	at org.springframework.beans.factory.support.AbstractBeanFactory.getBean(AbstractBeanFactory.java:200)
	at org.springframework.beans.factory.support.DefaultListableBeanFactory.preInstantiateSingletons(DefaultListableBeanFactory.java:975)
	at org.springframework.context.support.AbstractApplicationContext.finishBeanFactoryInitialization(AbstractApplicationContext.java:971)
	at org.springframework.context.support.AbstractApplicationContext.refresh(AbstractApplicationContext.java:625)
	at org.springframework.boot.web.servlet.context.ServletWebServerApplicationContext.refresh(ServletWebServerApplicationContext.java:146)
	at org.springframework.boot.SpringApplication.refresh(SpringApplication.java:754)
	at org.springframework.boot.SpringApplication.refreshContext(SpringApplication.java:456)
	at org.springframework.boot.SpringApplication.run(SpringApplication.java:335)
	at org.springframework.boot.SpringApplication.run(SpringApplication.java:1363)
	at org.springframework.boot.SpringApplication.run(SpringApplication.java:1352)
	at com.aiservice.aireviewassistant.AiReviewAssistantApplication.main(AiReviewAssistantApplication.java:14)
	at java.base/jdk.internal.reflect.DirectMethodHandleAccessor.invoke(DirectMethodHandleAccessor.java:103)
	at java.base/java.lang.reflect.Method.invoke(Method.java:580)
	at org.springframework.boot.loader.launch.Launcher.launch(Launcher.java:102)
	at org.springframework.boot.loader.launch.Launcher.launch(Launcher.java:64)
	at org.springframework.boot.loader.launch.JarLauncher.main(JarLauncher.java:40)
2026-08-29 15:03:57.268 [main] WARN  o.s.b.w.s.c.AnnotationConfigServletWebServerApplicationContext - Exception encountered during context initialization - cancelling refresh attempt: org.springframework.beans.factory.UnsatisfiedDependencyException: Error creating bean with name 'chainExecutor' defined in URL [jar:nested:/Users/h3rtz/Desktop/ai-review-assistant/target/ai-review-assistant-0.0.1-SNAPSHOT.jar/!BOOT-INF/classes/!/com/aiservice/aireviewassistant/agent/tool/ChainExecutor.class]: Unsatisfied dependency expressed through constructor parameter 0: Error creating bean with name 'toolRegistry' defined in URL [jar:nested:/Users/h3rtz/Desktop/ai-review-assistant/target/ai-review-assistant-0.0.1-SNAPSHOT.jar/!BOOT-INF/classes/!/com/aiservice/aireviewassistant/agent/tool/ToolRegistry.class]: Unsatisfied dependency expressed through constructor parameter 0: Error creating bean with name 'summaryTool' defined in URL [jar:nested:/Users/h3rtz/Desktop/ai-review-assistant/target/ai-review-assistant-0.0.1-SNAPSHOT.jar/!BOOT-INF/classes/!/com/aiservice/aireviewassistant/agent/tool/SummaryTool.class]: Unsatisfied dependency expressed through constructor parameter 1: Error creating bean with name 'ragServiceImpl' defined in URL [jar:nested:/Users/h3rtz/Desktop/ai-review-assistant/target/ai-review-assistant-0.0.1-SNAPSHOT.jar/!BOOT-INF/classes/!/com/aiservice/aireviewassistant/service/impl/RagServiceImpl.class]: Unsatisfied dependency expressed through constructor parameter 1: Error creating bean with name 'vectorStore' defined in class path resource [com/aiservice/aireviewassistant/config/VectorStoreConfig.class]: StatementCallback; uncategorized SQLException for SQL [CREATE EXTENSION IF NOT EXISTS vector]; SQL state [0A000]; error code [0]; ERROR: extension "vector" is not available
  Detail: Could not open extension control file "/opt/homebrew/opt/postgresql@16/share/postgresql@16/extension/vector.control": No such file or directory.
  Hint: The extension must first be installed on the system where PostgreSQL is running.
2026-08-29 15:03:57.268 [main] INFO  com.zaxxer.hikari.HikariDataSource - HikariPool-1 - Shutdown initiated...
2026-08-29 15:03:57.278 [main] INFO  com.zaxxer.hikari.HikariDataSource - HikariPool-1 - Shutdown completed.
2026-08-29 15:03:57.280 [main] INFO  o.a.catalina.core.StandardService - Stopping service [Tomcat]
2026-08-29 15:03:57.293 [main] INFO  o.s.b.a.l.ConditionEvaluationReportLogger - 

Error starting ApplicationContext. To display the condition evaluation report re-run your application with 'debug' enabled.
2026-08-29 15:03:57.304 [main] ERROR o.s.boot.SpringApplication - Application run failed
org.springframework.beans.factory.UnsatisfiedDependencyException: Error creating bean with name 'chainExecutor' defined in URL [jar:nested:/Users/h3rtz/Desktop/ai-review-assistant/target/ai-review-assistant-0.0.1-SNAPSHOT.jar/!BOOT-INF/classes/!/com/aiservice/aireviewassistant/agent/tool/ChainExecutor.class]: Unsatisfied dependency expressed through constructor parameter 0: Error creating bean with name 'toolRegistry' defined in URL [jar:nested:/Users/h3rtz/Desktop/ai-review-assistant/target/ai-review-assistant-0.0.1-SNAPSHOT.jar/!BOOT-INF/classes/!/com/aiservice/aireviewassistant/agent/tool/ToolRegistry.class]: Unsatisfied dependency expressed through constructor parameter 0: Error creating bean with name 'summaryTool' defined in URL [jar:nested:/Users/h3rtz/Desktop/ai-review-assistant/target/ai-review-assistant-0.0.1-SNAPSHOT.jar/!BOOT-INF/classes/!/com/aiservice/aireviewassistant/agent/tool/SummaryTool.class]: Unsatisfied dependency expressed through constructor parameter 1: Error creating bean with name 'ragServiceImpl' defined in URL [jar:nested:/Users/h3rtz/Desktop/ai-review-assistant/target/ai-review-assistant-0.0.1-SNAPSHOT.jar/!BOOT-INF/classes/!/com/aiservice/aireviewassistant/service/impl/RagServiceImpl.class]: Unsatisfied dependency expressed through constructor parameter 1: Error creating bean with name 'vectorStore' defined in class path resource [com/aiservice/aireviewassistant/config/VectorStoreConfig.class]: StatementCallback; uncategorized SQLException for SQL [CREATE EXTENSION IF NOT EXISTS vector]; SQL state [0A000]; error code [0]; ERROR: extension "vector" is not available
  Detail: Could not open extension control file "/opt/homebrew/opt/postgresql@16/share/postgresql@16/extension/vector.control": No such file or directory.
  Hint: The extension must first be installed on the system where PostgreSQL is running.
	at org.springframework.beans.factory.support.ConstructorResolver.createArgumentArray(ConstructorResolver.java:795)
	at org.springframework.beans.factory.support.ConstructorResolver.autowireConstructor(ConstructorResolver.java:237)
	at org.springframework.beans.factory.support.AbstractAutowireCapableBeanFactory.autowireConstructor(AbstractAutowireCapableBeanFactory.java:1375)
	at org.springframework.beans.factory.support.AbstractAutowireCapableBeanFactory.createBeanInstance(AbstractAutowireCapableBeanFactory.java:1212)
	at org.springframework.beans.factory.support.AbstractAutowireCapableBeanFactory.doCreateBean(AbstractAutowireCapableBeanFactory.java:562)
	at org.springframework.beans.factory.support.AbstractAutowireCapableBeanFactory.createBean(AbstractAutowireCapableBeanFactory.java:522)
	at org.springframework.beans.factory.support.AbstractBeanFactory.lambda$doGetBean$0(AbstractBeanFactory.java:337)
	at org.springframework.beans.factory.support.DefaultSingletonBeanRegistry.getSingleton(DefaultSingletonBeanRegistry.java:234)
	at org.springframework.beans.factory.support.AbstractBeanFactory.doGetBean(AbstractBeanFactory.java:335)
	at org.springframework.beans.factory.support.AbstractBeanFactory.getBean(AbstractBeanFactory.java:200)
	at org.springframework.beans.factory.support.DefaultListableBeanFactory.preInstantiateSingletons(DefaultListableBeanFactory.java:975)
	at org.springframework.context.support.AbstractApplicationContext.finishBeanFactoryInitialization(AbstractApplicationContext.java:971)
	at org.springframework.context.support.AbstractApplicationContext.refresh(AbstractApplicationContext.java:625)
	at org.springframework.boot.web.servlet.context.ServletWebServerApplicationContext.refresh(ServletWebServerApplicationContext.java:146)
	at org.springframework.boot.SpringApplication.refresh(SpringApplication.java:754)
	at org.springframework.boot.SpringApplication.refreshContext(SpringApplication.java:456)
	at org.springframework.boot.SpringApplication.run(SpringApplication.java:335)
	at org.springframework.boot.SpringApplication.run(SpringApplication.java:1363)
	at org.springframework.boot.SpringApplication.run(SpringApplication.java:1352)
	at com.aiservice.aireviewassistant.AiReviewAssistantApplication.main(AiReviewAssistantApplication.java:14)
	at java.base/jdk.internal.reflect.DirectMethodHandleAccessor.invoke(DirectMethodHandleAccessor.java:103)
	at java.base/java.lang.reflect.Method.invoke(Method.java:580)
	at org.springframework.boot.loader.launch.Launcher.launch(Launcher.java:102)
	at org.springframework.boot.loader.launch.Launcher.launch(Launcher.java:64)
	at org.springframework.boot.loader.launch.JarLauncher.main(JarLauncher.java:40)
Caused by: org.springframework.beans.factory.UnsatisfiedDependencyException: Error creating bean with name 'toolRegistry' defined in URL [jar:nested:/Users/h3rtz/Desktop/ai-review-assistant/target/ai-review-assistant-0.0.1-SNAPSHOT.jar/!BOOT-INF/classes/!/com/aiservice/aireviewassistant/agent/tool/ToolRegistry.class]: Unsatisfied dependency expressed through constructor parameter 0: Error creating bean with name 'summaryTool' defined in URL [jar:nested:/Users/h3rtz/Desktop/ai-review-assistant/target/ai-review-assistant-0.0.1-SNAPSHOT.jar/!BOOT-INF/classes/!/com/aiservice/aireviewassistant/agent/tool/SummaryTool.class]: Unsatisfied dependency expressed through constructor parameter 1: Error creating bean with name 'ragServiceImpl' defined in URL [jar:nested:/Users/h3rtz/Desktop/ai-review-assistant/target/ai-review-assistant-0.0.1-SNAPSHOT.jar/!BOOT-INF/classes/!/com/aiservice/aireviewassistant/service/impl/RagServiceImpl.class]: Unsatisfied dependency expressed through constructor parameter 1: Error creating bean with name 'vectorStore' defined in class path resource [com/aiservice/aireviewassistant/config/VectorStoreConfig.class]: StatementCallback; uncategorized SQLException for SQL [CREATE EXTENSION IF NOT EXISTS vector]; SQL state [0A000]; error code [0]; ERROR: extension "vector" is not available
  Detail: Could not open extension control file "/opt/homebrew/opt/postgresql@16/share/postgresql@16/extension/vector.control": No such file or directory.
  Hint: The extension must first be installed on the system where PostgreSQL is running.
	at org.springframework.beans.factory.support.ConstructorResolver.createArgumentArray(ConstructorResolver.java:795)
	at org.springframework.beans.factory.support.ConstructorResolver.autowireConstructor(ConstructorResolver.java:237)
	at org.springframework.beans.factory.support.AbstractAutowireCapableBeanFactory.autowireConstructor(AbstractAutowireCapableBeanFactory.java:1375)
	at org.springframework.beans.factory.support.AbstractAutowireCapableBeanFactory.createBeanInstance(AbstractAutowireCapableBeanFactory.java:1212)
	at org.springframework.beans.factory.support.AbstractAutowireCapableBeanFactory.doCreateBean(AbstractAutowireCapableBeanFactory.java:562)
	at org.springframework.beans.factory.support.AbstractAutowireCapableBeanFactory.createBean(AbstractAutowireCapableBeanFactory.java:522)
	at org.springframework.beans.factory.support.AbstractBeanFactory.lambda$doGetBean$0(AbstractBeanFactory.java:337)
	at org.springframework.beans.factory.support.DefaultSingletonBeanRegistry.getSingleton(DefaultSingletonBeanRegistry.java:234)
	at org.springframework.beans.factory.support.AbstractBeanFactory.doGetBean(AbstractBeanFactory.java:335)
	at org.springframework.beans.factory.support.AbstractBeanFactory.getBean(AbstractBeanFactory.java:200)
	at org.springframework.beans.factory.config.DependencyDescriptor.resolveCandidate(DependencyDescriptor.java:254)
	at org.springframework.beans.factory.support.DefaultListableBeanFactory.doResolveDependency(DefaultListableBeanFactory.java:1443)
	at org.springframework.beans.factory.support.DefaultListableBeanFactory.resolveDependency(DefaultListableBeanFactory.java:1353)
	at org.springframework.beans.factory.support.ConstructorResolver.resolveAutowiredArgument(ConstructorResolver.java:904)
	at org.springframework.beans.factory.support.ConstructorResolver.createArgumentArray(ConstructorResolver.java:782)
	... 24 common frames omitted
Caused by: org.springframework.beans.factory.UnsatisfiedDependencyException: Error creating bean with name 'summaryTool' defined in URL [jar:nested:/Users/h3rtz/Desktop/ai-review-assistant/target/ai-review-assistant-0.0.1-SNAPSHOT.jar/!BOOT-INF/classes/!/com/aiservice/aireviewassistant/agent/tool/SummaryTool.class]: Unsatisfied dependency expressed through constructor parameter 1: Error creating bean with name 'ragServiceImpl' defined in URL [jar:nested:/Users/h3rtz/Desktop/ai-review-assistant/target/ai-review-assistant-0.0.1-SNAPSHOT.jar/!BOOT-INF/classes/!/com/aiservice/aireviewassistant/service/impl/RagServiceImpl.class]: Unsatisfied dependency expressed through constructor parameter 1: Error creating bean with name 'vectorStore' defined in class path resource [com/aiservice/aireviewassistant/config/VectorStoreConfig.class]: StatementCallback; uncategorized SQLException for SQL [CREATE EXTENSION IF NOT EXISTS vector]; SQL state [0A000]; error code [0]; ERROR: extension "vector" is not available
  Detail: Could not open extension control file "/opt/homebrew/opt/postgresql@16/share/postgresql@16/extension/vector.control": No such file or directory.
  Hint: The extension must first be installed on the system where PostgreSQL is running.
	at org.springframework.beans.factory.support.ConstructorResolver.createArgumentArray(ConstructorResolver.java:795)
	at org.springframework.beans.factory.support.ConstructorResolver.autowireConstructor(ConstructorResolver.java:237)
	at org.springframework.beans.factory.support.AbstractAutowireCapableBeanFactory.autowireConstructor(AbstractAutowireCapableBeanFactory.java:1375)
	at org.springframework.beans.factory.support.AbstractAutowireCapableBeanFactory.createBeanInstance(AbstractAutowireCapableBeanFactory.java:1212)
	at org.springframework.beans.factory.support.AbstractAutowireCapableBeanFactory.doCreateBean(AbstractAutowireCapableBeanFactory.java:562)
	at org.springframework.beans.factory.support.AbstractAutowireCapableBeanFactory.createBean(AbstractAutowireCapableBeanFactory.java:522)
	at org.springframework.beans.factory.support.AbstractBeanFactory.lambda$doGetBean$0(AbstractBeanFactory.java:337)
	at org.springframework.beans.factory.support.DefaultSingletonBeanRegistry.getSingleton(DefaultSingletonBeanRegistry.java:234)
	at org.springframework.beans.factory.support.AbstractBeanFactory.doGetBean(AbstractBeanFactory.java:335)
	at org.springframework.beans.factory.support.AbstractBeanFactory.getBean(AbstractBeanFactory.java:200)
	at org.springframework.beans.factory.config.DependencyDescriptor.resolveCandidate(DependencyDescriptor.java:254)
	at org.springframework.beans.factory.support.DefaultListableBeanFactory.addCandidateEntry(DefaultListableBeanFactory.java:1689)
	at org.springframework.beans.factory.support.DefaultListableBeanFactory.findAutowireCandidates(DefaultListableBeanFactory.java:1653)
	at org.springframework.beans.factory.support.DefaultListableBeanFactory.resolveMultipleBeanCollection(DefaultListableBeanFactory.java:1543)
	at org.springframework.beans.factory.support.DefaultListableBeanFactory.resolveMultipleBeans(DefaultListableBeanFactory.java:1511)
	at org.springframework.beans.factory.support.DefaultListableBeanFactory.doResolveDependency(DefaultListableBeanFactory.java:1392)
	at org.springframework.beans.factory.support.DefaultListableBeanFactory.resolveDependency(DefaultListableBeanFactory.java:1353)
	at org.springframework.beans.factory.support.ConstructorResolver.resolveAutowiredArgument(ConstructorResolver.java:904)
	at org.springframework.beans.factory.support.ConstructorResolver.createArgumentArray(ConstructorResolver.java:782)
	... 38 common frames omitted
Caused by: org.springframework.beans.factory.UnsatisfiedDependencyException: Error creating bean with name 'ragServiceImpl' defined in URL [jar:nested:/Users/h3rtz/Desktop/ai-review-assistant/target/ai-review-assistant-0.0.1-SNAPSHOT.jar/!BOOT-INF/classes/!/com/aiservice/aireviewassistant/service/impl/RagServiceImpl.class]: Unsatisfied dependency expressed through constructor parameter 1: Error creating bean with name 'vectorStore' defined in class path resource [com/aiservice/aireviewassistant/config/VectorStoreConfig.class]: StatementCallback; uncategorized SQLException for SQL [CREATE EXTENSION IF NOT EXISTS vector]; SQL state [0A000]; error code [0]; ERROR: extension "vector" is not available
  Detail: Could not open extension control file "/opt/homebrew/opt/postgresql@16/share/postgresql@16/extension/vector.control": No such file or directory.
  Hint: The extension must first be installed on the system where PostgreSQL is running.
	at org.springframework.beans.factory.support.ConstructorResolver.createArgumentArray(ConstructorResolver.java:795)
	at org.springframework.beans.factory.support.ConstructorResolver.autowireConstructor(ConstructorResolver.java:237)
	at org.springframework.beans.factory.support.AbstractAutowireCapableBeanFactory.autowireConstructor(AbstractAutowireCapableBeanFactory.java:1375)
	at org.springframework.beans.factory.support.AbstractAutowireCapableBeanFactory.createBeanInstance(AbstractAutowireCapableBeanFactory.java:1212)
	at org.springframework.beans.factory.support.AbstractAutowireCapableBeanFactory.doCreateBean(AbstractAutowireCapableBeanFactory.java:562)
	at org.springframework.beans.factory.support.AbstractAutowireCapableBeanFactory.createBean(AbstractAutowireCapableBeanFactory.java:522)
	at org.springframework.beans.factory.support.AbstractBeanFactory.lambda$doGetBean$0(AbstractBeanFactory.java:337)
	at org.springframework.beans.factory.support.DefaultSingletonBeanRegistry.getSingleton(DefaultSingletonBeanRegistry.java:234)
	at org.springframework.beans.factory.support.AbstractBeanFactory.doGetBean(AbstractBeanFactory.java:335)
	at org.springframework.beans.factory.support.AbstractBeanFactory.getBean(AbstractBeanFactory.java:200)
	at org.springframework.beans.factory.config.DependencyDescriptor.resolveCandidate(DependencyDescriptor.java:254)
	at org.springframework.beans.factory.support.DefaultListableBeanFactory.doResolveDependency(DefaultListableBeanFactory.java:1443)
	at org.springframework.beans.factory.support.DefaultListableBeanFactory.resolveDependency(DefaultListableBeanFactory.java:1353)
	at org.springframework.beans.factory.support.ConstructorResolver.resolveAutowiredArgument(ConstructorResolver.java:904)
	at org.springframework.beans.factory.support.ConstructorResolver.createArgumentArray(ConstructorResolver.java:782)
	... 56 common frames omitted
Caused by: org.springframework.beans.factory.BeanCreationException: Error creating bean with name 'vectorStore' defined in class path resource [com/aiservice/aireviewassistant/config/VectorStoreConfig.class]: StatementCallback; uncategorized SQLException for SQL [CREATE EXTENSION IF NOT EXISTS vector]; SQL state [0A000]; error code [0]; ERROR: extension "vector" is not available
  Detail: Could not open extension control file "/opt/homebrew/opt/postgresql@16/share/postgresql@16/extension/vector.control": No such file or directory.
  Hint: The extension must first be installed on the system where PostgreSQL is running.
	at org.springframework.beans.factory.support.AbstractAutowireCapableBeanFactory.initializeBean(AbstractAutowireCapableBeanFactory.java:1806)
	at org.springframework.beans.factory.support.AbstractAutowireCapableBeanFactory.doCreateBean(AbstractAutowireCapableBeanFactory.java:600)
	at org.springframework.beans.factory.support.AbstractAutowireCapableBeanFactory.createBean(AbstractAutowireCapableBeanFactory.java:522)
	at org.springframework.beans.factory.support.AbstractBeanFactory.lambda$doGetBean$0(AbstractBeanFactory.java:337)
	at org.springframework.beans.factory.support.DefaultSingletonBeanRegistry.getSingleton(DefaultSingletonBeanRegistry.java:234)
	at org.springframework.beans.factory.support.AbstractBeanFactory.doGetBean(AbstractBeanFactory.java:335)
	at org.springframework.beans.factory.support.AbstractBeanFactory.getBean(AbstractBeanFactory.java:200)
	at org.springframework.beans.factory.config.DependencyDescriptor.resolveCandidate(DependencyDescriptor.java:254)
	at org.springframework.beans.factory.support.DefaultListableBeanFactory.doResolveDependency(DefaultListableBeanFactory.java:1443)
	at org.springframework.beans.factory.support.DefaultListableBeanFactory.resolveDependency(DefaultListableBeanFactory.java:1353)
	at org.springframework.beans.factory.support.ConstructorResolver.resolveAutowiredArgument(ConstructorResolver.java:904)
	at org.springframework.beans.factory.support.ConstructorResolver.createArgumentArray(ConstructorResolver.java:782)
	... 70 common frames omitted
Caused by: org.springframework.jdbc.UncategorizedSQLException: StatementCallback; uncategorized SQLException for SQL [CREATE EXTENSION IF NOT EXISTS vector]; SQL state [0A000]; error code [0]; ERROR: extension "vector" is not available
  Detail: Could not open extension control file "/opt/homebrew/opt/postgresql@16/share/postgresql@16/extension/vector.control": No such file or directory.
  Hint: The extension must first be installed on the system where PostgreSQL is running.
	at org.springframework.jdbc.core.JdbcTemplate.translateException(JdbcTemplate.java:1549)
	at org.springframework.jdbc.core.JdbcTemplate.execute(JdbcTemplate.java:408)
	at org.springframework.jdbc.core.JdbcTemplate.execute(JdbcTemplate.java:444)
	at org.springframework.ai.vectorstore.pgvector.PgVectorStore.afterPropertiesSet(PgVectorStore.java:421)
	at org.springframework.beans.factory.support.AbstractAutowireCapableBeanFactory.invokeInitMethods(AbstractAutowireCapableBeanFactory.java:1853)
	at org.springframework.beans.factory.support.AbstractAutowireCapableBeanFactory.initializeBean(AbstractAutowireCapableBeanFactory.java:1802)
	... 81 common frames omitted
Caused by: org.postgresql.util.PSQLException: ERROR: extension "vector" is not available
  Detail: Could not open extension control file "/opt/homebrew/opt/postgresql@16/share/postgresql@16/extension/vector.control": No such file or directory.
  Hint: The extension must first be installed on the system where PostgreSQL is running.
	at org.postgresql.core.v3.QueryExecutorImpl.receiveErrorResponse(QueryExecutorImpl.java:2713)
	at org.postgresql.core.v3.QueryExecutorImpl.processResults(QueryExecutorImpl.java:2401)
	at org.postgresql.core.v3.QueryExecutorImpl.execute(QueryExecutorImpl.java:368)
	at org.postgresql.jdbc.PgStatement.executeInternal(PgStatement.java:498)
	at org.postgresql.jdbc.PgStatement.execute(PgStatement.java:415)
	at org.postgresql.jdbc.PgStatement.executeWithFlags(PgStatement.java:335)
	at org.postgresql.jdbc.PgStatement.executeCachedSql(PgStatement.java:321)
	at org.postgresql.jdbc.PgStatement.executeWithFlags(PgStatement.java:297)
	at org.postgresql.jdbc.PgStatement.execute(PgStatement.java:292)
	at com.zaxxer.hikari.pool.ProxyStatement.execute(ProxyStatement.java:94)
	at com.zaxxer.hikari.pool.HikariProxyStatement.execute(HikariProxyStatement.java)
	at org.springframework.jdbc.core.JdbcTemplate$1ExecuteStatementCallback.doInStatement(JdbcTemplate.java:435)
	at org.springframework.jdbc.core.JdbcTemplate.execute(JdbcTemplate.java:393)
	... 85 common frames omitted
2026-08-29 15:04:28.425 [background-preinit] INFO  o.h.validator.internal.util.Version - HV000001: Hibernate Validator 8.0.1.Final
2026-08-29 15:04:28.501 [main] INFO  c.a.a.AiReviewAssistantApplication - Starting AiReviewAssistantApplication v0.0.1-SNAPSHOT using Java 22.0.1 with PID 1210 (/Users/h3rtz/Desktop/ai-review-assistant/target/ai-review-assistant-0.0.1-SNAPSHOT.jar started by h3rtz in /Users/h3rtz/Desktop/ai-review-assistant)
2026-08-29 15:04:28.502 [main] DEBUG c.a.a.AiReviewAssistantApplication - Running with Spring Boot v3.2.10, Spring v6.1.13
2026-08-29 15:04:28.502 [main] INFO  c.a.a.AiReviewAssistantApplication - No active profile set, falling back to 1 default profile: "default"
2026-08-29 15:04:30.180 [main] INFO  o.s.b.w.e.tomcat.TomcatWebServer - Tomcat initialized with port 8080 (http)
2026-08-29 15:04:30.187 [main] INFO  o.a.coyote.http11.Http11NioProtocol - Initializing ProtocolHandler ["http-nio-8080"]
2026-08-29 15:04:30.189 [main] INFO  o.a.catalina.core.StandardService - Starting service [Tomcat]
2026-08-29 15:04:30.189 [main] INFO  o.a.catalina.core.StandardEngine - Starting Servlet engine: [Apache Tomcat/10.1.30]
2026-08-29 15:04:30.209 [main] INFO  o.a.c.c.C.[Tomcat].[localhost].[/] - Initializing Spring embedded WebApplicationContext
2026-08-29 15:04:30.210 [main] INFO  o.s.b.w.s.c.ServletWebServerApplicationContext - Root WebApplicationContext: initialization completed in 1670 ms
2026-08-29 15:04:30.713 [main] INFO  o.s.a.v.pgvector.PgVectorStore - Using the vector table name: vector_store. Is empty: false
2026-08-29 15:04:30.716 [main] INFO  o.s.a.v.pgvector.PgVectorStore - Initializing PGVectorStore schema for table: vector_store in schema: public
2026-08-29 15:04:30.717 [main] INFO  o.s.a.v.pgvector.PgVectorStore - vectorTableValidationsEnabled false
2026-08-29 15:04:30.719 [main] INFO  com.zaxxer.hikari.HikariDataSource - HikariPool-1 - Starting...
2026-08-29 15:04:30.794 [main] INFO  com.zaxxer.hikari.pool.HikariPool - HikariPool-1 - Added connection org.postgresql.jdbc.PgConnection@509c8391
2026-08-29 15:04:30.795 [main] INFO  com.zaxxer.hikari.HikariDataSource - HikariPool-1 - Start completed.
2026-08-29 15:04:30.803 [main] WARN  c.zaxxer.hikari.pool.ProxyConnection - HikariPool-1 - Connection org.postgresql.jdbc.PgConnection@509c8391 marked as broken because of SQLSTATE(0A000), ErrorCode(0)
org.postgresql.util.PSQLException: ERROR: extension "vector" is not available
  Detail: Could not open extension control file "/opt/homebrew/opt/postgresql@16/share/postgresql@16/extension/vector.control": No such file or directory.
  Hint: The extension must first be installed on the system where PostgreSQL is running.
	at org.postgresql.core.v3.QueryExecutorImpl.receiveErrorResponse(QueryExecutorImpl.java:2713)
	at org.postgresql.core.v3.QueryExecutorImpl.processResults(QueryExecutorImpl.java:2401)
	at org.postgresql.core.v3.QueryExecutorImpl.execute(QueryExecutorImpl.java:368)
	at org.postgresql.jdbc.PgStatement.executeInternal(PgStatement.java:498)
	at org.postgresql.jdbc.PgStatement.execute(PgStatement.java:415)
	at org.postgresql.jdbc.PgStatement.executeWithFlags(PgStatement.java:335)
	at org.postgresql.jdbc.PgStatement.executeCachedSql(PgStatement.java:321)
	at org.postgresql.jdbc.PgStatement.executeWithFlags(PgStatement.java:297)
	at org.postgresql.jdbc.PgStatement.execute(PgStatement.java:292)
	at com.zaxxer.hikari.pool.ProxyStatement.execute(ProxyStatement.java:94)
	at com.zaxxer.hikari.pool.HikariProxyStatement.execute(HikariProxyStatement.java)
	at org.springframework.jdbc.core.JdbcTemplate$1ExecuteStatementCallback.doInStatement(JdbcTemplate.java:435)
	at org.springframework.jdbc.core.JdbcTemplate.execute(JdbcTemplate.java:393)
	at org.springframework.jdbc.core.JdbcTemplate.execute(JdbcTemplate.java:444)
	at org.springframework.ai.vectorstore.pgvector.PgVectorStore.afterPropertiesSet(PgVectorStore.java:421)
	at org.springframework.beans.factory.support.AbstractAutowireCapableBeanFactory.invokeInitMethods(AbstractAutowireCapableBeanFactory.java:1853)
	at org.springframework.beans.factory.support.AbstractAutowireCapableBeanFactory.initializeBean(AbstractAutowireCapableBeanFactory.java:1802)
	at org.springframework.beans.factory.support.AbstractAutowireCapableBeanFactory.doCreateBean(AbstractAutowireCapableBeanFactory.java:600)
	at org.springframework.beans.factory.support.AbstractAutowireCapableBeanFactory.createBean(AbstractAutowireCapableBeanFactory.java:522)
	at org.springframework.beans.factory.support.AbstractBeanFactory.lambda$doGetBean$0(AbstractBeanFactory.java:337)
	at org.springframework.beans.factory.support.DefaultSingletonBeanRegistry.getSingleton(DefaultSingletonBeanRegistry.java:234)
	at org.springframework.beans.factory.support.AbstractBeanFactory.doGetBean(AbstractBeanFactory.java:335)
	at org.springframework.beans.factory.support.AbstractBeanFactory.getBean(AbstractBeanFactory.java:200)
	at org.springframework.beans.factory.config.DependencyDescriptor.resolveCandidate(DependencyDescriptor.java:254)
	at org.springframework.beans.factory.support.DefaultListableBeanFactory.doResolveDependency(DefaultListableBeanFactory.java:1443)
	at org.springframework.beans.factory.support.DefaultListableBeanFactory.resolveDependency(DefaultListableBeanFactory.java:1353)
	at org.springframework.beans.factory.support.ConstructorResolver.resolveAutowiredArgument(ConstructorResolver.java:904)
	at org.springframework.beans.factory.support.ConstructorResolver.createArgumentArray(ConstructorResolver.java:782)
	at org.springframework.beans.factory.support.ConstructorResolver.autowireConstructor(ConstructorResolver.java:237)
	at org.springframework.beans.factory.support.AbstractAutowireCapableBeanFactory.autowireConstructor(AbstractAutowireCapableBeanFactory.java:1375)
	at org.springframework.beans.factory.support.AbstractAutowireCapableBeanFactory.createBeanInstance(AbstractAutowireCapableBeanFactory.java:1212)
	at org.springframework.beans.factory.support.AbstractAutowireCapableBeanFactory.doCreateBean(AbstractAutowireCapableBeanFactory.java:562)
	at org.springframework.beans.factory.support.AbstractAutowireCapableBeanFactory.createBean(AbstractAutowireCapableBeanFactory.java:522)
	at org.springframework.beans.factory.support.AbstractBeanFactory.lambda$doGetBean$0(AbstractBeanFactory.java:337)
	at org.springframework.beans.factory.support.DefaultSingletonBeanRegistry.getSingleton(DefaultSingletonBeanRegistry.java:234)
	at org.springframework.beans.factory.support.AbstractBeanFactory.doGetBean(AbstractBeanFactory.java:335)
	at org.springframework.beans.factory.support.AbstractBeanFactory.getBean(AbstractBeanFactory.java:200)
	at org.springframework.beans.factory.config.DependencyDescriptor.resolveCandidate(DependencyDescriptor.java:254)
	at org.springframework.beans.factory.support.DefaultListableBeanFactory.doResolveDependency(DefaultListableBeanFactory.java:1443)
	at org.springframework.beans.factory.support.DefaultListableBeanFactory.resolveDependency(DefaultListableBeanFactory.java:1353)
	at org.springframework.beans.factory.support.ConstructorResolver.resolveAutowiredArgument(ConstructorResolver.java:904)
	at org.springframework.beans.factory.support.ConstructorResolver.createArgumentArray(ConstructorResolver.java:782)
	at org.springframework.beans.factory.support.ConstructorResolver.autowireConstructor(ConstructorResolver.java:237)
	at org.springframework.beans.factory.support.AbstractAutowireCapableBeanFactory.autowireConstructor(AbstractAutowireCapableBeanFactory.java:1375)
	at org.springframework.beans.factory.support.AbstractAutowireCapableBeanFactory.createBeanInstance(AbstractAutowireCapableBeanFactory.java:1212)
	at org.springframework.beans.factory.support.AbstractAutowireCapableBeanFactory.doCreateBean(AbstractAutowireCapableBeanFactory.java:562)
	at org.springframework.beans.factory.support.AbstractAutowireCapableBeanFactory.createBean(AbstractAutowireCapableBeanFactory.java:522)
	at org.springframework.beans.factory.support.AbstractBeanFactory.lambda$doGetBean$0(AbstractBeanFactory.java:337)
	at org.springframework.beans.factory.support.DefaultSingletonBeanRegistry.getSingleton(DefaultSingletonBeanRegistry.java:234)
	at org.springframework.beans.factory.support.AbstractBeanFactory.doGetBean(AbstractBeanFactory.java:335)
	at org.springframework.beans.factory.support.AbstractBeanFactory.getBean(AbstractBeanFactory.java:200)
	at org.springframework.beans.factory.config.DependencyDescriptor.resolveCandidate(DependencyDescriptor.java:254)
	at org.springframework.beans.factory.support.DefaultListableBeanFactory.addCandidateEntry(DefaultListableBeanFactory.java:1689)
	at org.springframework.beans.factory.support.DefaultListableBeanFactory.findAutowireCandidates(DefaultListableBeanFactory.java:1653)
	at org.springframework.beans.factory.support.DefaultListableBeanFactory.resolveMultipleBeanCollection(DefaultListableBeanFactory.java:1543)
	at org.springframework.beans.factory.support.DefaultListableBeanFactory.resolveMultipleBeans(DefaultListableBeanFactory.java:1511)
	at org.springframework.beans.factory.support.DefaultListableBeanFactory.doResolveDependency(DefaultListableBeanFactory.java:1392)
	at org.springframework.beans.factory.support.DefaultListableBeanFactory.resolveDependency(DefaultListableBeanFactory.java:1353)
	at org.springframework.beans.factory.support.ConstructorResolver.resolveAutowiredArgument(ConstructorResolver.java:904)
	at org.springframework.beans.factory.support.ConstructorResolver.createArgumentArray(ConstructorResolver.java:782)
	at org.springframework.beans.factory.support.ConstructorResolver.autowireConstructor(ConstructorResolver.java:237)
	at org.springframework.beans.factory.support.AbstractAutowireCapableBeanFactory.autowireConstructor(AbstractAutowireCapableBeanFactory.java:1375)
	at org.springframework.beans.factory.support.AbstractAutowireCapableBeanFactory.createBeanInstance(AbstractAutowireCapableBeanFactory.java:1212)
	at org.springframework.beans.factory.support.AbstractAutowireCapableBeanFactory.doCreateBean(AbstractAutowireCapableBeanFactory.java:562)
	at org.springframework.beans.factory.support.AbstractAutowireCapableBeanFactory.createBean(AbstractAutowireCapableBeanFactory.java:522)
	at org.springframework.beans.factory.support.AbstractBeanFactory.lambda$doGetBean$0(AbstractBeanFactory.java:337)
	at org.springframework.beans.factory.support.DefaultSingletonBeanRegistry.getSingleton(DefaultSingletonBeanRegistry.java:234)
	at org.springframework.beans.factory.support.AbstractBeanFactory.doGetBean(AbstractBeanFactory.java:335)
	at org.springframework.beans.factory.support.AbstractBeanFactory.getBean(AbstractBeanFactory.java:200)
	at org.springframework.beans.factory.config.DependencyDescriptor.resolveCandidate(DependencyDescriptor.java:254)
	at org.springframework.beans.factory.support.DefaultListableBeanFactory.doResolveDependency(DefaultListableBeanFactory.java:1443)
	at org.springframework.beans.factory.support.DefaultListableBeanFactory.resolveDependency(DefaultListableBeanFactory.java:1353)
	at org.springframework.beans.factory.support.ConstructorResolver.resolveAutowiredArgument(ConstructorResolver.java:904)
	at org.springframework.beans.factory.support.ConstructorResolver.createArgumentArray(ConstructorResolver.java:782)
	at org.springframework.beans.factory.support.ConstructorResolver.autowireConstructor(ConstructorResolver.java:237)
	at org.springframework.beans.factory.support.AbstractAutowireCapableBeanFactory.autowireConstructor(AbstractAutowireCapableBeanFactory.java:1375)
	at org.springframework.beans.factory.support.AbstractAutowireCapableBeanFactory.createBeanInstance(AbstractAutowireCapableBeanFactory.java:1212)
	at org.springframework.beans.factory.support.AbstractAutowireCapableBeanFactory.doCreateBean(AbstractAutowireCapableBeanFactory.java:562)
	at org.springframework.beans.factory.support.AbstractAutowireCapableBeanFactory.createBean(AbstractAutowireCapableBeanFactory.java:522)
	at org.springframework.beans.factory.support.AbstractBeanFactory.lambda$doGetBean$0(AbstractBeanFactory.java:337)
	at org.springframework.beans.factory.support.DefaultSingletonBeanRegistry.getSingleton(DefaultSingletonBeanRegistry.java:234)
	at org.springframework.beans.factory.support.AbstractBeanFactory.doGetBean(AbstractBeanFactory.java:335)
	at org.springframework.beans.factory.support.AbstractBeanFactory.getBean(AbstractBeanFactory.java:200)
	at org.springframework.beans.factory.support.DefaultListableBeanFactory.preInstantiateSingletons(DefaultListableBeanFactory.java:975)
	at org.springframework.context.support.AbstractApplicationContext.finishBeanFactoryInitialization(AbstractApplicationContext.java:971)
	at org.springframework.context.support.AbstractApplicationContext.refresh(AbstractApplicationContext.java:625)
	at org.springframework.boot.web.servlet.context.ServletWebServerApplicationContext.refresh(ServletWebServerApplicationContext.java:146)
	at org.springframework.boot.SpringApplication.refresh(SpringApplication.java:754)
	at org.springframework.boot.SpringApplication.refreshContext(SpringApplication.java:456)
	at org.springframework.boot.SpringApplication.run(SpringApplication.java:335)
	at org.springframework.boot.SpringApplication.run(SpringApplication.java:1363)
	at org.springframework.boot.SpringApplication.run(SpringApplication.java:1352)
	at com.aiservice.aireviewassistant.AiReviewAssistantApplication.main(AiReviewAssistantApplication.java:14)
	at java.base/jdk.internal.reflect.DirectMethodHandleAccessor.invoke(DirectMethodHandleAccessor.java:103)
	at java.base/java.lang.reflect.Method.invoke(Method.java:580)
	at org.springframework.boot.loader.launch.Launcher.launch(Launcher.java:102)
	at org.springframework.boot.loader.launch.Launcher.launch(Launcher.java:64)
	at org.springframework.boot.loader.launch.JarLauncher.main(JarLauncher.java:40)
2026-08-29 15:04:30.812 [main] WARN  o.s.b.w.s.c.AnnotationConfigServletWebServerApplicationContext - Exception encountered during context initialization - cancelling refresh attempt: org.springframework.beans.factory.UnsatisfiedDependencyException: Error creating bean with name 'chainExecutor' defined in URL [jar:nested:/Users/h3rtz/Desktop/ai-review-assistant/target/ai-review-assistant-0.0.1-SNAPSHOT.jar/!BOOT-INF/classes/!/com/aiservice/aireviewassistant/agent/tool/ChainExecutor.class]: Unsatisfied dependency expressed through constructor parameter 0: Error creating bean with name 'toolRegistry' defined in URL [jar:nested:/Users/h3rtz/Desktop/ai-review-assistant/target/ai-review-assistant-0.0.1-SNAPSHOT.jar/!BOOT-INF/classes/!/com/aiservice/aireviewassistant/agent/tool/ToolRegistry.class]: Unsatisfied dependency expressed through constructor parameter 0: Error creating bean with name 'summaryTool' defined in URL [jar:nested:/Users/h3rtz/Desktop/ai-review-assistant/target/ai-review-assistant-0.0.1-SNAPSHOT.jar/!BOOT-INF/classes/!/com/aiservice/aireviewassistant/agent/tool/SummaryTool.class]: Unsatisfied dependency expressed through constructor parameter 1: Error creating bean with name 'ragServiceImpl' defined in URL [jar:nested:/Users/h3rtz/Desktop/ai-review-assistant/target/ai-review-assistant-0.0.1-SNAPSHOT.jar/!BOOT-INF/classes/!/com/aiservice/aireviewassistant/service/impl/RagServiceImpl.class]: Unsatisfied dependency expressed through constructor parameter 1: Error creating bean with name 'vectorStore' defined in class path resource [com/aiservice/aireviewassistant/config/VectorStoreConfig.class]: StatementCallback; uncategorized SQLException for SQL [CREATE EXTENSION IF NOT EXISTS vector]; SQL state [0A000]; error code [0]; ERROR: extension "vector" is not available
  Detail: Could not open extension control file "/opt/homebrew/opt/postgresql@16/share/postgresql@16/extension/vector.control": No such file or directory.
  Hint: The extension must first be installed on the system where PostgreSQL is running.
2026-08-29 15:04:30.812 [main] INFO  com.zaxxer.hikari.HikariDataSource - HikariPool-1 - Shutdown initiated...
2026-08-29 15:04:30.820 [main] INFO  com.zaxxer.hikari.HikariDataSource - HikariPool-1 - Shutdown completed.
2026-08-29 15:04:30.822 [main] INFO  o.a.catalina.core.StandardService - Stopping service [Tomcat]
2026-08-29 15:04:30.834 [main] INFO  o.s.b.a.l.ConditionEvaluationReportLogger - 

Error starting ApplicationContext. To display the condition evaluation report re-run your application with 'debug' enabled.
2026-08-29 15:04:30.844 [main] ERROR o.s.boot.SpringApplication - Application run failed
org.springframework.beans.factory.UnsatisfiedDependencyException: Error creating bean with name 'chainExecutor' defined in URL [jar:nested:/Users/h3rtz/Desktop/ai-review-assistant/target/ai-review-assistant-0.0.1-SNAPSHOT.jar/!BOOT-INF/classes/!/com/aiservice/aireviewassistant/agent/tool/ChainExecutor.class]: Unsatisfied dependency expressed through constructor parameter 0: Error creating bean with name 'toolRegistry' defined in URL [jar:nested:/Users/h3rtz/Desktop/ai-review-assistant/target/ai-review-assistant-0.0.1-SNAPSHOT.jar/!BOOT-INF/classes/!/com/aiservice/aireviewassistant/agent/tool/ToolRegistry.class]: Unsatisfied dependency expressed through constructor parameter 0: Error creating bean with name 'summaryTool' defined in URL [jar:nested:/Users/h3rtz/Desktop/ai-review-assistant/target/ai-review-assistant-0.0.1-SNAPSHOT.jar/!BOOT-INF/classes/!/com/aiservice/aireviewassistant/agent/tool/SummaryTool.class]: Unsatisfied dependency expressed through constructor parameter 1: Error creating bean with name 'ragServiceImpl' defined in URL [jar:nested:/Users/h3rtz/Desktop/ai-review-assistant/target/ai-review-assistant-0.0.1-SNAPSHOT.jar/!BOOT-INF/classes/!/com/aiservice/aireviewassistant/service/impl/RagServiceImpl.class]: Unsatisfied dependency expressed through constructor parameter 1: Error creating bean with name 'vectorStore' defined in class path resource [com/aiservice/aireviewassistant/config/VectorStoreConfig.class]: StatementCallback; uncategorized SQLException for SQL [CREATE EXTENSION IF NOT EXISTS vector]; SQL state [0A000]; error code [0]; ERROR: extension "vector" is not available
  Detail: Could not open extension control file "/opt/homebrew/opt/postgresql@16/share/postgresql@16/extension/vector.control": No such file or directory.
  Hint: The extension must first be installed on the system where PostgreSQL is running.
	at org.springframework.beans.factory.support.ConstructorResolver.createArgumentArray(ConstructorResolver.java:795)
	at org.springframework.beans.factory.support.ConstructorResolver.autowireConstructor(ConstructorResolver.java:237)
	at org.springframework.beans.factory.support.AbstractAutowireCapableBeanFactory.autowireConstructor(AbstractAutowireCapableBeanFactory.java:1375)
	at org.springframework.beans.factory.support.AbstractAutowireCapableBeanFactory.createBeanInstance(AbstractAutowireCapableBeanFactory.java:1212)
	at org.springframework.beans.factory.support.AbstractAutowireCapableBeanFactory.doCreateBean(AbstractAutowireCapableBeanFactory.java:562)
	at org.springframework.beans.factory.support.AbstractAutowireCapableBeanFactory.createBean(AbstractAutowireCapableBeanFactory.java:522)
	at org.springframework.beans.factory.support.AbstractBeanFactory.lambda$doGetBean$0(AbstractBeanFactory.java:337)
	at org.springframework.beans.factory.support.DefaultSingletonBeanRegistry.getSingleton(DefaultSingletonBeanRegistry.java:234)
	at org.springframework.beans.factory.support.AbstractBeanFactory.doGetBean(AbstractBeanFactory.java:335)
	at org.springframework.beans.factory.support.AbstractBeanFactory.getBean(AbstractBeanFactory.java:200)
	at org.springframework.beans.factory.support.DefaultListableBeanFactory.preInstantiateSingletons(DefaultListableBeanFactory.java:975)
	at org.springframework.context.support.AbstractApplicationContext.finishBeanFactoryInitialization(AbstractApplicationContext.java:971)
	at org.springframework.context.support.AbstractApplicationContext.refresh(AbstractApplicationContext.java:625)
	at org.springframework.boot.web.servlet.context.ServletWebServerApplicationContext.refresh(ServletWebServerApplicationContext.java:146)
	at org.springframework.boot.SpringApplication.refresh(SpringApplication.java:754)
	at org.springframework.boot.SpringApplication.refreshContext(SpringApplication.java:456)
	at org.springframework.boot.SpringApplication.run(SpringApplication.java:335)
	at org.springframework.boot.SpringApplication.run(SpringApplication.java:1363)
	at org.springframework.boot.SpringApplication.run(SpringApplication.java:1352)
	at com.aiservice.aireviewassistant.AiReviewAssistantApplication.main(AiReviewAssistantApplication.java:14)
	at java.base/jdk.internal.reflect.DirectMethodHandleAccessor.invoke(DirectMethodHandleAccessor.java:103)
	at java.base/java.lang.reflect.Method.invoke(Method.java:580)
	at org.springframework.boot.loader.launch.Launcher.launch(Launcher.java:102)
	at org.springframework.boot.loader.launch.Launcher.launch(Launcher.java:64)
	at org.springframework.boot.loader.launch.JarLauncher.main(JarLauncher.java:40)
Caused by: org.springframework.beans.factory.UnsatisfiedDependencyException: Error creating bean with name 'toolRegistry' defined in URL [jar:nested:/Users/h3rtz/Desktop/ai-review-assistant/target/ai-review-assistant-0.0.1-SNAPSHOT.jar/!BOOT-INF/classes/!/com/aiservice/aireviewassistant/agent/tool/ToolRegistry.class]: Unsatisfied dependency expressed through constructor parameter 0: Error creating bean with name 'summaryTool' defined in URL [jar:nested:/Users/h3rtz/Desktop/ai-review-assistant/target/ai-review-assistant-0.0.1-SNAPSHOT.jar/!BOOT-INF/classes/!/com/aiservice/aireviewassistant/agent/tool/SummaryTool.class]: Unsatisfied dependency expressed through constructor parameter 1: Error creating bean with name 'ragServiceImpl' defined in URL [jar:nested:/Users/h3rtz/Desktop/ai-review-assistant/target/ai-review-assistant-0.0.1-SNAPSHOT.jar/!BOOT-INF/classes/!/com/aiservice/aireviewassistant/service/impl/RagServiceImpl.class]: Unsatisfied dependency expressed through constructor parameter 1: Error creating bean with name 'vectorStore' defined in class path resource [com/aiservice/aireviewassistant/config/VectorStoreConfig.class]: StatementCallback; uncategorized SQLException for SQL [CREATE EXTENSION IF NOT EXISTS vector]; SQL state [0A000]; error code [0]; ERROR: extension "vector" is not available
  Detail: Could not open extension control file "/opt/homebrew/opt/postgresql@16/share/postgresql@16/extension/vector.control": No such file or directory.
  Hint: The extension must first be installed on the system where PostgreSQL is running.
	at org.springframework.beans.factory.support.ConstructorResolver.createArgumentArray(ConstructorResolver.java:795)
	at org.springframework.beans.factory.support.ConstructorResolver.autowireConstructor(ConstructorResolver.java:237)
	at org.springframework.beans.factory.support.AbstractAutowireCapableBeanFactory.autowireConstructor(AbstractAutowireCapableBeanFactory.java:1375)
	at org.springframework.beans.factory.support.AbstractAutowireCapableBeanFactory.createBeanInstance(AbstractAutowireCapableBeanFactory.java:1212)
	at org.springframework.beans.factory.support.AbstractAutowireCapableBeanFactory.doCreateBean(AbstractAutowireCapableBeanFactory.java:562)
	at org.springframework.beans.factory.support.AbstractAutowireCapableBeanFactory.createBean(AbstractAutowireCapableBeanFactory.java:522)
	at org.springframework.beans.factory.support.AbstractBeanFactory.lambda$doGetBean$0(AbstractBeanFactory.java:337)
	at org.springframework.beans.factory.support.DefaultSingletonBeanRegistry.getSingleton(DefaultSingletonBeanRegistry.java:234)
	at org.springframework.beans.factory.support.AbstractBeanFactory.doGetBean(AbstractBeanFactory.java:335)
	at org.springframework.beans.factory.support.AbstractBeanFactory.getBean(AbstractBeanFactory.java:200)
	at org.springframework.beans.factory.config.DependencyDescriptor.resolveCandidate(DependencyDescriptor.java:254)
	at org.springframework.beans.factory.support.DefaultListableBeanFactory.doResolveDependency(DefaultListableBeanFactory.java:1443)
	at org.springframework.beans.factory.support.DefaultListableBeanFactory.resolveDependency(DefaultListableBeanFactory.java:1353)
	at org.springframework.beans.factory.support.ConstructorResolver.resolveAutowiredArgument(ConstructorResolver.java:904)
	at org.springframework.beans.factory.support.ConstructorResolver.createArgumentArray(ConstructorResolver.java:782)
	... 24 common frames omitted
Caused by: org.springframework.beans.factory.UnsatisfiedDependencyException: Error creating bean with name 'summaryTool' defined in URL [jar:nested:/Users/h3rtz/Desktop/ai-review-assistant/target/ai-review-assistant-0.0.1-SNAPSHOT.jar/!BOOT-INF/classes/!/com/aiservice/aireviewassistant/agent/tool/SummaryTool.class]: Unsatisfied dependency expressed through constructor parameter 1: Error creating bean with name 'ragServiceImpl' defined in URL [jar:nested:/Users/h3rtz/Desktop/ai-review-assistant/target/ai-review-assistant-0.0.1-SNAPSHOT.jar/!BOOT-INF/classes/!/com/aiservice/aireviewassistant/service/impl/RagServiceImpl.class]: Unsatisfied dependency expressed through constructor parameter 1: Error creating bean with name 'vectorStore' defined in class path resource [com/aiservice/aireviewassistant/config/VectorStoreConfig.class]: StatementCallback; uncategorized SQLException for SQL [CREATE EXTENSION IF NOT EXISTS vector]; SQL state [0A000]; error code [0]; ERROR: extension "vector" is not available
  Detail: Could not open extension control file "/opt/homebrew/opt/postgresql@16/share/postgresql@16/extension/vector.control": No such file or directory.
  Hint: The extension must first be installed on the system where PostgreSQL is running.
	at org.springframework.beans.factory.support.ConstructorResolver.createArgumentArray(ConstructorResolver.java:795)
	at org.springframework.beans.factory.support.ConstructorResolver.autowireConstructor(ConstructorResolver.java:237)
	at org.springframework.beans.factory.support.AbstractAutowireCapableBeanFactory.autowireConstructor(AbstractAutowireCapableBeanFactory.java:1375)
	at org.springframework.beans.factory.support.AbstractAutowireCapableBeanFactory.createBeanInstance(AbstractAutowireCapableBeanFactory.java:1212)
	at org.springframework.beans.factory.support.AbstractAutowireCapableBeanFactory.doCreateBean(AbstractAutowireCapableBeanFactory.java:562)
	at org.springframework.beans.factory.support.AbstractAutowireCapableBeanFactory.createBean(AbstractAutowireCapableBeanFactory.java:522)
	at org.springframework.beans.factory.support.AbstractBeanFactory.lambda$doGetBean$0(AbstractBeanFactory.java:337)
	at org.springframework.beans.factory.support.DefaultSingletonBeanRegistry.getSingleton(DefaultSingletonBeanRegistry.java:234)
	at org.springframework.beans.factory.support.AbstractBeanFactory.doGetBean(AbstractBeanFactory.java:335)
	at org.springframework.beans.factory.support.AbstractBeanFactory.getBean(AbstractBeanFactory.java:200)
	at org.springframework.beans.factory.config.DependencyDescriptor.resolveCandidate(DependencyDescriptor.java:254)
	at org.springframework.beans.factory.support.DefaultListableBeanFactory.addCandidateEntry(DefaultListableBeanFactory.java:1689)
	at org.springframework.beans.factory.support.DefaultListableBeanFactory.findAutowireCandidates(DefaultListableBeanFactory.java:1653)
	at org.springframework.beans.factory.support.DefaultListableBeanFactory.resolveMultipleBeanCollection(DefaultListableBeanFactory.java:1543)
	at org.springframework.beans.factory.support.DefaultListableBeanFactory.resolveMultipleBeans(DefaultListableBeanFactory.java:1511)
	at org.springframework.beans.factory.support.DefaultListableBeanFactory.doResolveDependency(DefaultListableBeanFactory.java:1392)
	at org.springframework.beans.factory.support.DefaultListableBeanFactory.resolveDependency(DefaultListableBeanFactory.java:1353)
	at org.springframework.beans.factory.support.ConstructorResolver.resolveAutowiredArgument(ConstructorResolver.java:904)
	at org.springframework.beans.factory.support.ConstructorResolver.createArgumentArray(ConstructorResolver.java:782)
	... 38 common frames omitted
Caused by: org.springframework.beans.factory.UnsatisfiedDependencyException: Error creating bean with name 'ragServiceImpl' defined in URL [jar:nested:/Users/h3rtz/Desktop/ai-review-assistant/target/ai-review-assistant-0.0.1-SNAPSHOT.jar/!BOOT-INF/classes/!/com/aiservice/aireviewassistant/service/impl/RagServiceImpl.class]: Unsatisfied dependency expressed through constructor parameter 1: Error creating bean with name 'vectorStore' defined in class path resource [com/aiservice/aireviewassistant/config/VectorStoreConfig.class]: StatementCallback; uncategorized SQLException for SQL [CREATE EXTENSION IF NOT EXISTS vector]; SQL state [0A000]; error code [0]; ERROR: extension "vector" is not available
  Detail: Could not open extension control file "/opt/homebrew/opt/postgresql@16/share/postgresql@16/extension/vector.control": No such file or directory.
  Hint: The extension must first be installed on the system where PostgreSQL is running.
	at org.springframework.beans.factory.support.ConstructorResolver.createArgumentArray(ConstructorResolver.java:795)
	at org.springframework.beans.factory.support.ConstructorResolver.autowireConstructor(ConstructorResolver.java:237)
	at org.springframework.beans.factory.support.AbstractAutowireCapableBeanFactory.autowireConstructor(AbstractAutowireCapableBeanFactory.java:1375)
	at org.springframework.beans.factory.support.AbstractAutowireCapableBeanFactory.createBeanInstance(AbstractAutowireCapableBeanFactory.java:1212)
	at org.springframework.beans.factory.support.AbstractAutowireCapableBeanFactory.doCreateBean(AbstractAutowireCapableBeanFactory.java:562)
	at org.springframework.beans.factory.support.AbstractAutowireCapableBeanFactory.createBean(AbstractAutowireCapableBeanFactory.java:522)
	at org.springframework.beans.factory.support.AbstractBeanFactory.lambda$doGetBean$0(AbstractBeanFactory.java:337)
	at org.springframework.beans.factory.support.DefaultSingletonBeanRegistry.getSingleton(DefaultSingletonBeanRegistry.java:234)
	at org.springframework.beans.factory.support.AbstractBeanFactory.doGetBean(AbstractBeanFactory.java:335)
	at org.springframework.beans.factory.support.AbstractBeanFactory.getBean(AbstractBeanFactory.java:200)
	at org.springframework.beans.factory.config.DependencyDescriptor.resolveCandidate(DependencyDescriptor.java:254)
	at org.springframework.beans.factory.support.DefaultListableBeanFactory.doResolveDependency(DefaultListableBeanFactory.java:1443)
	at org.springframework.beans.factory.support.DefaultListableBeanFactory.resolveDependency(DefaultListableBeanFactory.java:1353)
	at org.springframework.beans.factory.support.ConstructorResolver.resolveAutowiredArgument(ConstructorResolver.java:904)
	at org.springframework.beans.factory.support.ConstructorResolver.createArgumentArray(ConstructorResolver.java:782)
	... 56 common frames omitted
Caused by: org.springframework.beans.factory.BeanCreationException: Error creating bean with name 'vectorStore' defined in class path resource [com/aiservice/aireviewassistant/config/VectorStoreConfig.class]: StatementCallback; uncategorized SQLException for SQL [CREATE EXTENSION IF NOT EXISTS vector]; SQL state [0A000]; error code [0]; ERROR: extension "vector" is not available
  Detail: Could not open extension control file "/opt/homebrew/opt/postgresql@16/share/postgresql@16/extension/vector.control": No such file or directory.
  Hint: The extension must first be installed on the system where PostgreSQL is running.
	at org.springframework.beans.factory.support.AbstractAutowireCapableBeanFactory.initializeBean(AbstractAutowireCapableBeanFactory.java:1806)
	at org.springframework.beans.factory.support.AbstractAutowireCapableBeanFactory.doCreateBean(AbstractAutowireCapableBeanFactory.java:600)
	at org.springframework.beans.factory.support.AbstractAutowireCapableBeanFactory.createBean(AbstractAutowireCapableBeanFactory.java:522)
	at org.springframework.beans.factory.support.AbstractBeanFactory.lambda$doGetBean$0(AbstractBeanFactory.java:337)
	at org.springframework.beans.factory.support.DefaultSingletonBeanRegistry.getSingleton(DefaultSingletonBeanRegistry.java:234)
	at org.springframework.beans.factory.support.AbstractBeanFactory.doGetBean(AbstractBeanFactory.java:335)
	at org.springframework.beans.factory.support.AbstractBeanFactory.getBean(AbstractBeanFactory.java:200)
	at org.springframework.beans.factory.config.DependencyDescriptor.resolveCandidate(DependencyDescriptor.java:254)
	at org.springframework.beans.factory.support.DefaultListableBeanFactory.doResolveDependency(DefaultListableBeanFactory.java:1443)
	at org.springframework.beans.factory.support.DefaultListableBeanFactory.resolveDependency(DefaultListableBeanFactory.java:1353)
	at org.springframework.beans.factory.support.ConstructorResolver.resolveAutowiredArgument(ConstructorResolver.java:904)
	at org.springframework.beans.factory.support.ConstructorResolver.createArgumentArray(ConstructorResolver.java:782)
	... 70 common frames omitted
Caused by: org.springframework.jdbc.UncategorizedSQLException: StatementCallback; uncategorized SQLException for SQL [CREATE EXTENSION IF NOT EXISTS vector]; SQL state [0A000]; error code [0]; ERROR: extension "vector" is not available
  Detail: Could not open extension control file "/opt/homebrew/opt/postgresql@16/share/postgresql@16/extension/vector.control": No such file or directory.
  Hint: The extension must first be installed on the system where PostgreSQL is running.
	at org.springframework.jdbc.core.JdbcTemplate.translateException(JdbcTemplate.java:1549)
	at org.springframework.jdbc.core.JdbcTemplate.execute(JdbcTemplate.java:408)
	at org.springframework.jdbc.core.JdbcTemplate.execute(JdbcTemplate.java:444)
	at org.springframework.ai.vectorstore.pgvector.PgVectorStore.afterPropertiesSet(PgVectorStore.java:421)
	at org.springframework.beans.factory.support.AbstractAutowireCapableBeanFactory.invokeInitMethods(AbstractAutowireCapableBeanFactory.java:1853)
	at org.springframework.beans.factory.support.AbstractAutowireCapableBeanFactory.initializeBean(AbstractAutowireCapableBeanFactory.java:1802)
	... 81 common frames omitted
Caused by: org.postgresql.util.PSQLException: ERROR: extension "vector" is not available
  Detail: Could not open extension control file "/opt/homebrew/opt/postgresql@16/share/postgresql@16/extension/vector.control": No such file or directory.
  Hint: The extension must first be installed on the system where PostgreSQL is running.
	at org.postgresql.core.v3.QueryExecutorImpl.receiveErrorResponse(QueryExecutorImpl.java:2713)
	at org.postgresql.core.v3.QueryExecutorImpl.processResults(QueryExecutorImpl.java:2401)
	at org.postgresql.core.v3.QueryExecutorImpl.execute(QueryExecutorImpl.java:368)
	at org.postgresql.jdbc.PgStatement.executeInternal(PgStatement.java:498)
	at org.postgresql.jdbc.PgStatement.execute(PgStatement.java:415)
	at org.postgresql.jdbc.PgStatement.executeWithFlags(PgStatement.java:335)
	at org.postgresql.jdbc.PgStatement.executeCachedSql(PgStatement.java:321)
	at org.postgresql.jdbc.PgStatement.executeWithFlags(PgStatement.java:297)
	at org.postgresql.jdbc.PgStatement.execute(PgStatement.java:292)
	at com.zaxxer.hikari.pool.ProxyStatement.execute(ProxyStatement.java:94)
	at com.zaxxer.hikari.pool.HikariProxyStatement.execute(HikariProxyStatement.java)
	at org.springframework.jdbc.core.JdbcTemplate$1ExecuteStatementCallback.doInStatement(JdbcTemplate.java:435)
	at org.springframework.jdbc.core.JdbcTemplate.execute(JdbcTemplate.java:393)
	... 85 common frames omitted
2026-08-29 15:05:32.192 [main] INFO  c.a.a.AiReviewAssistantApplication - Starting AiReviewAssistantApplication using Java 22.0.1 with PID 1966 (/Users/h3rtz/Desktop/ai-review-assistant/target/classes started by h3rtz in /Users/h3rtz/Desktop/ai-review-assistant)
2026-08-29 15:05:32.192 [main] DEBUG c.a.a.AiReviewAssistantApplication - Running with Spring Boot v3.2.10, Spring v6.1.13
2026-08-29 15:05:32.193 [main] INFO  c.a.a.AiReviewAssistantApplication - The following 1 profile is active: "prod"
2026-08-29 15:05:34.280 [main] WARN  o.s.b.a.s.s.UserDetailsServiceAutoConfiguration - 

Using generated security password: 8d9f9ba4-08ac-4de9-897c-fca52734ff70

This generated password is for development use only. Your security configuration must be updated before running your application in production.

2026-08-29 15:05:35.145 [main] ERROR i.n.r.d.DnsServerAddressStreamProviders - Unable to load io.netty.resolver.dns.macos.MacOSDnsServerAddressStreamProvider, fallback to system defaults. This may result in incorrect DNS resolutions on MacOS. Check whether you have a dependency on 'io.netty:netty-resolver-dns-native-macos'. Use DEBUG level to see the full stack: java.lang.UnsatisfiedLinkError: failed to load the required native library
2026-08-29 15:05:35.180 [main] INFO  c.a.a.AiReviewAssistantApplication - Started AiReviewAssistantApplication in 3.332 seconds (process running for 3.507)
2026-08-29 15:05:59.284 [http-nio-8080-exec-1] INFO  o.s.web.servlet.DispatcherServlet - Initializing Servlet 'dispatcherServlet'
2026-08-29 15:05:59.288 [http-nio-8080-exec-1] INFO  o.s.web.servlet.DispatcherServlet - Completed initialization in 3 ms
2026-08-29 15:06:10.793 [http-nio-8080-exec-6] ERROR com.zaxxer.hikari.pool.HikariPool - HikariPool-1 - Exception during pool initialization.
org.postgresql.util.PSQLException: FATAL: role "${DB_USERNAME}" does not exist
	at org.postgresql.core.v3.QueryExecutorImpl.receiveErrorResponse(QueryExecutorImpl.java:2713)
	at org.postgresql.core.v3.QueryExecutorImpl.readStartupMessages(QueryExecutorImpl.java:2825)
	at org.postgresql.core.v3.QueryExecutorImpl.<init>(QueryExecutorImpl.java:175)
	at org.postgresql.core.v3.ConnectionFactoryImpl.openConnectionImpl(ConnectionFactoryImpl.java:313)
	at org.postgresql.core.ConnectionFactory.openConnection(ConnectionFactory.java:54)
	at org.postgresql.jdbc.PgConnection.<init>(PgConnection.java:263)
	at org.postgresql.Driver.makeConnection(Driver.java:443)
	at org.postgresql.Driver.connect(Driver.java:297)
	at com.zaxxer.hikari.util.DriverDataSource.getConnection(DriverDataSource.java:138)
	at com.zaxxer.hikari.pool.PoolBase.newConnection(PoolBase.java:359)
	at com.zaxxer.hikari.pool.PoolBase.newPoolEntry(PoolBase.java:201)
	at com.zaxxer.hikari.pool.HikariPool.createPoolEntry(HikariPool.java:470)
	at com.zaxxer.hikari.pool.HikariPool.checkFailFast(HikariPool.java:561)
	at com.zaxxer.hikari.pool.HikariPool.<init>(HikariPool.java:100)
	at com.zaxxer.hikari.HikariDataSource.getConnection(HikariDataSource.java:112)
	at org.springframework.jdbc.datasource.DataSourceUtils.fetchConnection(DataSourceUtils.java:160)
	at org.springframework.jdbc.datasource.DataSourceUtils.doGetConnection(DataSourceUtils.java:118)
	at org.springframework.jdbc.datasource.DataSourceUtils.getConnection(DataSourceUtils.java:81)
	at org.mybatis.spring.transaction.SpringManagedTransaction.openConnection(SpringManagedTransaction.java:80)
	at org.mybatis.spring.transaction.SpringManagedTransaction.getConnection(SpringManagedTransaction.java:67)
	at org.apache.ibatis.executor.BaseExecutor.getConnection(BaseExecutor.java:348)
	at org.apache.ibatis.executor.SimpleExecutor.prepareStatement(SimpleExecutor.java:89)
	at org.apache.ibatis.executor.SimpleExecutor.doQuery(SimpleExecutor.java:64)
	at org.apache.ibatis.executor.BaseExecutor.queryFromDatabase(BaseExecutor.java:336)
	at org.apache.ibatis.executor.BaseExecutor.query(BaseExecutor.java:158)
	at org.apache.ibatis.executor.BaseExecutor.query(BaseExecutor.java:137)
	at org.apache.ibatis.session.defaults.DefaultSqlSession.selectList(DefaultSqlSession.java:154)
	at org.apache.ibatis.session.defaults.DefaultSqlSession.selectList(DefaultSqlSession.java:147)
	at org.apache.ibatis.session.defaults.DefaultSqlSession.selectList(DefaultSqlSession.java:142)
	at java.base/jdk.internal.reflect.DirectMethodHandleAccessor.invoke(DirectMethodHandleAccessor.java:103)
	at java.base/java.lang.reflect.Method.invoke(Method.java:580)
	at org.mybatis.spring.SqlSessionTemplate$SqlSessionInterceptor.invoke(SqlSessionTemplate.java:425)
	at jdk.proxy2/jdk.proxy2.$Proxy110.selectList(Unknown Source)
	at org.mybatis.spring.SqlSessionTemplate.selectList(SqlSessionTemplate.java:224)
	at com.baomidou.mybatisplus.core.override.MybatisMapperMethod.executeForMany(MybatisMapperMethod.java:164)
	at com.baomidou.mybatisplus.core.override.MybatisMapperMethod.execute(MybatisMapperMethod.java:77)
	at com.baomidou.mybatisplus.core.override.MybatisMapperProxy$PlainMethodInvoker.invoke(MybatisMapperProxy.java:149)
	at com.baomidou.mybatisplus.core.override.MybatisMapperProxy.invoke(MybatisMapperProxy.java:90)
	at jdk.proxy2/jdk.proxy2.$Proxy120.selectList(Unknown Source)
	at com.baomidou.mybatisplus.extension.service.IService.list(IService.java:407)
	at java.base/jdk.internal.reflect.DirectMethodHandleAccessor.invoke(DirectMethodHandleAccessor.java:103)
	at java.base/java.lang.reflect.Method.invoke(Method.java:580)
	at org.springframework.aop.support.AopUtils.invokeJoinpointUsingReflection(AopUtils.java:355)
	at org.springframework.aop.framework.CglibAopProxy$DynamicAdvisedInterceptor.intercept(CglibAopProxy.java:716)
	at com.aiservice.aireviewassistant.service.impl.ConversationServiceImpl$$SpringCGLIB$$0.list(<generated>)
	at com.aiservice.aireviewassistant.controller.ConversationController.list(ConversationController.java:46)
	at java.base/jdk.internal.reflect.DirectMethodHandleAccessor.invoke(DirectMethodHandleAccessor.java:103)
	at java.base/java.lang.reflect.Method.invoke(Method.java:580)
	at org.springframework.web.method.support.InvocableHandlerMethod.doInvoke(InvocableHandlerMethod.java:255)
	at org.springframework.web.method.support.InvocableHandlerMethod.invokeForRequest(InvocableHandlerMethod.java:188)
	at org.springframework.web.servlet.mvc.method.annotation.ServletInvocableHandlerMethod.invokeAndHandle(ServletInvocableHandlerMethod.java:118)
	at org.springframework.web.servlet.mvc.method.annotation.RequestMappingHandlerAdapter.invokeHandlerMethod(RequestMappingHandlerAdapter.java:926)
	at org.springframework.web.servlet.mvc.method.annotation.RequestMappingHandlerAdapter.handleInternal(RequestMappingHandlerAdapter.java:831)
	at org.springframework.web.servlet.mvc.method.AbstractHandlerMethodAdapter.handle(AbstractHandlerMethodAdapter.java:87)
	at org.springframework.web.servlet.DispatcherServlet.doDispatch(DispatcherServlet.java:1089)
	at org.springframework.web.servlet.DispatcherServlet.doService(DispatcherServlet.java:979)
	at org.springframework.web.servlet.FrameworkServlet.processRequest(FrameworkServlet.java:1014)
	at org.springframework.web.servlet.FrameworkServlet.doGet(FrameworkServlet.java:903)
	at jakarta.servlet.http.HttpServlet.service(HttpServlet.java:564)
	at org.springframework.web.servlet.FrameworkServlet.service(FrameworkServlet.java:885)
	at jakarta.servlet.http.HttpServlet.service(HttpServlet.java:658)
	at org.apache.catalina.core.ApplicationFilterChain.internalDoFilter(ApplicationFilterChain.java:195)
	at org.apache.catalina.core.ApplicationFilterChain.doFilter(ApplicationFilterChain.java:140)
	at org.apache.tomcat.websocket.server.WsFilter.doFilter(WsFilter.java:51)
	at org.apache.catalina.core.ApplicationFilterChain.internalDoFilter(ApplicationFilterChain.java:164)
	at org.apache.catalina.core.ApplicationFilterChain.doFilter(ApplicationFilterChain.java:140)
	at org.springframework.web.filter.CompositeFilter$VirtualFilterChain.doFilter(CompositeFilter.java:108)
	at org.springframework.security.web.FilterChainProxy.lambda$doFilterInternal$3(FilterChainProxy.java:231)
	at org.springframework.security.web.ObservationFilterChainDecorator$FilterObservation$SimpleFilterObservation.lambda$wrap$1(ObservationFilterChainDecorator.java:479)
	at org.springframework.security.web.ObservationFilterChainDecorator$AroundFilterObservation$SimpleAroundFilterObservation.lambda$wrap$1(ObservationFilterChainDecorator.java:340)
	at org.springframework.security.web.ObservationFilterChainDecorator.lambda$wrapSecured$0(ObservationFilterChainDecorator.java:82)
	at org.springframework.security.web.ObservationFilterChainDecorator$VirtualFilterChain.doFilter(ObservationFilterChainDecorator.java:128)
	at org.springframework.security.web.access.intercept.AuthorizationFilter.doFilter(AuthorizationFilter.java:100)
	at org.springframework.security.web.ObservationFilterChainDecorator$ObservationFilter.wrapFilter(ObservationFilterChainDecorator.java:240)
	at org.springframework.security.web.ObservationFilterChainDecorator$ObservationFilter.doFilter(ObservationFilterChainDecorator.java:227)
	at org.springframework.security.web.ObservationFilterChainDecorator$VirtualFilterChain.doFilter(ObservationFilterChainDecorator.java:137)
	at org.springframework.security.web.access.ExceptionTranslationFilter.doFilter(ExceptionTranslationFilter.java:126)
	at org.springframework.security.web.access.ExceptionTranslationFilter.doFilter(ExceptionTranslationFilter.java:120)
	at org.springframework.security.web.ObservationFilterChainDecorator$ObservationFilter.wrapFilter(ObservationFilterChainDecorator.java:240)
	at org.springframework.security.web.ObservationFilterChainDecorator$ObservationFilter.doFilter(ObservationFilterChainDecorator.java:227)
	at org.springframework.security.web.ObservationFilterChainDecorator$VirtualFilterChain.doFilter(ObservationFilterChainDecorator.java:137)
	at org.springframework.security.web.session.SessionManagementFilter.doFilter(SessionManagementFilter.java:131)
	at org.springframework.security.web.session.SessionManagementFilter.doFilter(SessionManagementFilter.java:85)
	at org.springframework.security.web.ObservationFilterChainDecorator$ObservationFilter.wrapFilter(ObservationFilterChainDecorator.java:240)
	at org.springframework.security.web.ObservationFilterChainDecorator$ObservationFilter.doFilter(ObservationFilterChainDecorator.java:227)
	at org.springframework.security.web.ObservationFilterChainDecorator$VirtualFilterChain.doFilter(ObservationFilterChainDecorator.java:137)
	at org.springframework.security.web.authentication.AnonymousAuthenticationFilter.doFilter(AnonymousAuthenticationFilter.java:100)
	at org.springframework.security.web.ObservationFilterChainDecorator$ObservationFilter.wrapFilter(ObservationFilterChainDecorator.java:240)
	at org.springframework.security.web.ObservationFilterChainDecorator$ObservationFilter.doFilter(ObservationFilterChainDecorator.java:227)
	at org.springframework.security.web.ObservationFilterChainDecorator$VirtualFilterChain.doFilter(ObservationFilterChainDecorator.java:137)
	at org.springframework.security.web.servletapi.SecurityContextHolderAwareRequestFilter.doFilter(SecurityContextHolderAwareRequestFilter.java:179)
	at org.springframework.security.web.ObservationFilterChainDecorator$ObservationFilter.wrapFilter(ObservationFilterChainDecorator.java:240)
	at org.springframework.security.web.ObservationFilterChainDecorator$ObservationFilter.doFilter(ObservationFilterChainDecorator.java:227)
	at org.springframework.security.web.ObservationFilterChainDecorator$VirtualFilterChain.doFilter(ObservationFilterChainDecorator.java:137)
	at org.springframework.security.web.savedrequest.RequestCacheAwareFilter.doFilter(RequestCacheAwareFilter.java:63)
	at org.springframework.security.web.ObservationFilterChainDecorator$ObservationFilter.wrapFilter(ObservationFilterChainDecorator.java:240)
	at org.springframework.security.web.ObservationFilterChainDecorator$ObservationFilter.doFilter(ObservationFilterChainDecorator.java:227)
	at org.springframework.security.web.ObservationFilterChainDecorator$VirtualFilterChain.doFilter(ObservationFilterChainDecorator.java:137)
	at com.aiservice.aireviewassistant.security.JwtAuthenticationFilter.doFilterInternal(JwtAuthenticationFilter.java:54)
	at org.springframework.web.filter.OncePerRequestFilter.doFilter(OncePerRequestFilter.java:116)
	at org.springframework.security.web.ObservationFilterChainDecorator$ObservationFilter.wrapFilter(ObservationFilterChainDecorator.java:240)
	at org.springframework.security.web.ObservationFilterChainDecorator$ObservationFilter.doFilter(ObservationFilterChainDecorator.java:227)
	at org.springframework.security.web.ObservationFilterChainDecorator$VirtualFilterChain.doFilter(ObservationFilterChainDecorator.java:137)
	at org.springframework.security.web.authentication.logout.LogoutFilter.doFilter(LogoutFilter.java:107)
	at org.springframework.security.web.authentication.logout.LogoutFilter.doFilter(LogoutFilter.java:93)
	at org.springframework.security.web.ObservationFilterChainDecorator$ObservationFilter.wrapFilter(ObservationFilterChainDecorator.java:240)
	at org.springframework.security.web.ObservationFilterChainDecorator$ObservationFilter.doFilter(ObservationFilterChainDecorator.java:227)
	at org.springframework.security.web.ObservationFilterChainDecorator$VirtualFilterChain.doFilter(ObservationFilterChainDecorator.java:137)
	at org.springframework.security.web.header.HeaderWriterFilter.doHeadersAfter(HeaderWriterFilter.java:90)
	at org.springframework.security.web.header.HeaderWriterFilter.doFilterInternal(HeaderWriterFilter.java:75)
	at org.springframework.web.filter.OncePerRequestFilter.doFilter(OncePerRequestFilter.java:116)
	at org.springframework.security.web.ObservationFilterChainDecorator$ObservationFilter.wrapFilter(ObservationFilterChainDecorator.java:240)
	at org.springframework.security.web.ObservationFilterChainDecorator$ObservationFilter.doFilter(ObservationFilterChainDecorator.java:227)
	at org.springframework.security.web.ObservationFilterChainDecorator$VirtualFilterChain.doFilter(ObservationFilterChainDecorator.java:137)
	at org.springframework.security.web.context.SecurityContextHolderFilter.doFilter(SecurityContextHolderFilter.java:82)
	at org.springframework.security.web.context.SecurityContextHolderFilter.doFilter(SecurityContextHolderFilter.java:69)
	at org.springframework.security.web.ObservationFilterChainDecorator$ObservationFilter.wrapFilter(ObservationFilterChainDecorator.java:240)
	at org.springframework.security.web.ObservationFilterChainDecorator$ObservationFilter.doFilter(ObservationFilterChainDecorator.java:227)
	at org.springframework.security.web.ObservationFilterChainDecorator$VirtualFilterChain.doFilter(ObservationFilterChainDecorator.java:137)
	at org.springframework.security.web.context.request.async.WebAsyncManagerIntegrationFilter.doFilterInternal(WebAsyncManagerIntegrationFilter.java:62)
	at org.springframework.web.filter.OncePerRequestFilter.doFilter(OncePerRequestFilter.java:116)
	at org.springframework.security.web.ObservationFilterChainDecorator$ObservationFilter.wrapFilter(ObservationFilterChainDecorator.java:240)
	at org.springframework.security.web.ObservationFilterChainDecorator$ObservationFilter.doFilter(ObservationFilterChainDecorator.java:227)
	at org.springframework.security.web.ObservationFilterChainDecorator$VirtualFilterChain.doFilter(ObservationFilterChainDecorator.java:137)
	at org.springframework.security.web.session.DisableEncodeUrlFilter.doFilterInternal(DisableEncodeUrlFilter.java:42)
	at org.springframework.web.filter.OncePerRequestFilter.doFilter(OncePerRequestFilter.java:116)
	at org.springframework.security.web.ObservationFilterChainDecorator$ObservationFilter.wrapFilter(ObservationFilterChainDecorator.java:240)
	at org.springframework.security.web.ObservationFilterChainDecorator$AroundFilterObservation$SimpleAroundFilterObservation.lambda$wrap$0(ObservationFilterChainDecorator.java:323)
	at org.springframework.security.web.ObservationFilterChainDecorator$ObservationFilter.doFilter(ObservationFilterChainDecorator.java:224)
	at org.springframework.security.web.ObservationFilterChainDecorator$VirtualFilterChain.doFilter(ObservationFilterChainDecorator.java:137)
	at org.springframework.security.web.FilterChainProxy.doFilterInternal(FilterChainProxy.java:233)
	at org.springframework.security.web.FilterChainProxy.doFilter(FilterChainProxy.java:191)
	at org.springframework.web.filter.CompositeFilter$VirtualFilterChain.doFilter(CompositeFilter.java:113)
	at org.springframework.web.servlet.handler.HandlerMappingIntrospector.lambda$createCacheFilter$3(HandlerMappingIntrospector.java:195)
	at org.springframework.web.filter.CompositeFilter$VirtualFilterChain.doFilter(CompositeFilter.java:113)
	at org.springframework.web.filter.CompositeFilter.doFilter(CompositeFilter.java:74)
	at org.springframework.security.config.annotation.web.configuration.WebMvcSecurityConfiguration$CompositeFilterChainProxy.doFilter(WebMvcSecurityConfiguration.java:230)
	at org.springframework.web.filter.DelegatingFilterProxy.invokeDelegate(DelegatingFilterProxy.java:352)
	at org.springframework.web.filter.DelegatingFilterProxy.doFilter(DelegatingFilterProxy.java:268)
	at org.apache.catalina.core.ApplicationFilterChain.internalDoFilter(ApplicationFilterChain.java:164)
	at org.apache.catalina.core.ApplicationFilterChain.doFilter(ApplicationFilterChain.java:140)
	at org.springframework.web.filter.RequestContextFilter.doFilterInternal(RequestContextFilter.java:100)
	at org.springframework.web.filter.OncePerRequestFilter.doFilter(OncePerRequestFilter.java:116)
	at org.apache.catalina.core.ApplicationFilterChain.internalDoFilter(ApplicationFilterChain.java:164)
	at org.apache.catalina.core.ApplicationFilterChain.doFilter(ApplicationFilterChain.java:140)
	at org.springframework.web.filter.FormContentFilter.doFilterInternal(FormContentFilter.java:93)
	at org.springframework.web.filter.OncePerRequestFilter.doFilter(OncePerRequestFilter.java:116)
	at org.apache.catalina.core.ApplicationFilterChain.internalDoFilter(ApplicationFilterChain.java:164)
	at org.apache.catalina.core.ApplicationFilterChain.doFilter(ApplicationFilterChain.java:140)
	at org.springframework.web.filter.ServerHttpObservationFilter.doFilterInternal(ServerHttpObservationFilter.java:113)
	at org.springframework.web.filter.OncePerRequestFilter.doFilter(OncePerRequestFilter.java:116)
	at org.apache.catalina.core.ApplicationFilterChain.internalDoFilter(ApplicationFilterChain.java:164)
	at org.apache.catalina.core.ApplicationFilterChain.doFilter(ApplicationFilterChain.java:140)
	at org.springframework.web.filter.CharacterEncodingFilter.doFilterInternal(CharacterEncodingFilter.java:201)
	at org.springframework.web.filter.OncePerRequestFilter.doFilter(OncePerRequestFilter.java:116)
	at org.apache.catalina.core.ApplicationFilterChain.internalDoFilter(ApplicationFilterChain.java:164)
	at org.apache.catalina.core.ApplicationFilterChain.doFilter(ApplicationFilterChain.java:140)
	at org.apache.catalina.core.StandardWrapperValve.invoke(StandardWrapperValve.java:167)
	at org.apache.catalina.core.StandardContextValve.invoke(StandardContextValve.java:90)
	at org.apache.catalina.authenticator.AuthenticatorBase.invoke(AuthenticatorBase.java:483)
	at org.apache.catalina.core.StandardHostValve.invoke(StandardHostValve.java:115)
	at org.apache.catalina.valves.ErrorReportValve.invoke(ErrorReportValve.java:93)
	at org.apache.catalina.core.StandardEngineValve.invoke(StandardEngineValve.java:74)
	at org.apache.catalina.connector.CoyoteAdapter.service(CoyoteAdapter.java:344)
	at org.apache.coyote.http11.Http11Processor.service(Http11Processor.java:384)
	at org.apache.coyote.AbstractProcessorLight.process(AbstractProcessorLight.java:63)
	at org.apache.coyote.AbstractProtocol$ConnectionHandler.process(AbstractProtocol.java:905)
	at org.apache.tomcat.util.net.NioEndpoint$SocketProcessor.doRun(NioEndpoint.java:1741)
	at org.apache.tomcat.util.net.SocketProcessorBase.run(SocketProcessorBase.java:52)
	at org.apache.tomcat.util.threads.ThreadPoolExecutor.runWorker(ThreadPoolExecutor.java:1190)
	at org.apache.tomcat.util.threads.ThreadPoolExecutor$Worker.run(ThreadPoolExecutor.java:659)
	at org.apache.tomcat.util.threads.TaskThread$WrappingRunnable.run(TaskThread.java:63)
	at java.base/java.lang.Thread.run(Thread.java:1570)
2026-08-29 15:06:10.798 [http-nio-8080-exec-6] ERROR c.a.a.e.GlobalExceptionHandler - 运行时异常: null
org.mybatis.spring.MyBatisSystemException: null
	at org.mybatis.spring.MyBatisExceptionTranslator.translateExceptionIfPossible(MyBatisExceptionTranslator.java:97)
	at org.mybatis.spring.SqlSessionTemplate$SqlSessionInterceptor.invoke(SqlSessionTemplate.java:439)
	at jdk.proxy2/jdk.proxy2.$Proxy110.selectList(Unknown Source)
	at org.mybatis.spring.SqlSessionTemplate.selectList(SqlSessionTemplate.java:224)
	at com.baomidou.mybatisplus.core.override.MybatisMapperMethod.executeForMany(MybatisMapperMethod.java:164)
	at com.baomidou.mybatisplus.core.override.MybatisMapperMethod.execute(MybatisMapperMethod.java:77)
	at com.baomidou.mybatisplus.core.override.MybatisMapperProxy$PlainMethodInvoker.invoke(MybatisMapperProxy.java:149)
	at com.baomidou.mybatisplus.core.override.MybatisMapperProxy.invoke(MybatisMapperProxy.java:90)
	at jdk.proxy2/jdk.proxy2.$Proxy120.selectList(Unknown Source)
	at com.baomidou.mybatisplus.extension.service.IService.list(IService.java:407)
	at java.base/jdk.internal.reflect.DirectMethodHandleAccessor.invoke(DirectMethodHandleAccessor.java:103)
	at java.base/java.lang.reflect.Method.invoke(Method.java:580)
	at org.springframework.aop.support.AopUtils.invokeJoinpointUsingReflection(AopUtils.java:355)
	at org.springframework.aop.framework.CglibAopProxy$DynamicAdvisedInterceptor.intercept(CglibAopProxy.java:716)
	at com.aiservice.aireviewassistant.service.impl.ConversationServiceImpl$$SpringCGLIB$$0.list(<generated>)
	at com.aiservice.aireviewassistant.controller.ConversationController.list(ConversationController.java:46)
	at java.base/jdk.internal.reflect.DirectMethodHandleAccessor.invoke(DirectMethodHandleAccessor.java:103)
	at java.base/java.lang.reflect.Method.invoke(Method.java:580)
	at org.springframework.web.method.support.InvocableHandlerMethod.doInvoke(InvocableHandlerMethod.java:255)
	at org.springframework.web.method.support.InvocableHandlerMethod.invokeForRequest(InvocableHandlerMethod.java:188)
	at org.springframework.web.servlet.mvc.method.annotation.ServletInvocableHandlerMethod.invokeAndHandle(ServletInvocableHandlerMethod.java:118)
	at org.springframework.web.servlet.mvc.method.annotation.RequestMappingHandlerAdapter.invokeHandlerMethod(RequestMappingHandlerAdapter.java:926)
	at org.springframework.web.servlet.mvc.method.annotation.RequestMappingHandlerAdapter.handleInternal(RequestMappingHandlerAdapter.java:831)
	at org.springframework.web.servlet.mvc.method.AbstractHandlerMethodAdapter.handle(AbstractHandlerMethodAdapter.java:87)
	at org.springframework.web.servlet.DispatcherServlet.doDispatch(DispatcherServlet.java:1089)
	at org.springframework.web.servlet.DispatcherServlet.doService(DispatcherServlet.java:979)
	at org.springframework.web.servlet.FrameworkServlet.processRequest(FrameworkServlet.java:1014)
	at org.springframework.web.servlet.FrameworkServlet.doGet(FrameworkServlet.java:903)
	at jakarta.servlet.http.HttpServlet.service(HttpServlet.java:564)
	at org.springframework.web.servlet.FrameworkServlet.service(FrameworkServlet.java:885)
	at jakarta.servlet.http.HttpServlet.service(HttpServlet.java:658)
	at org.apache.catalina.core.ApplicationFilterChain.internalDoFilter(ApplicationFilterChain.java:195)
	at org.apache.catalina.core.ApplicationFilterChain.doFilter(ApplicationFilterChain.java:140)
	at org.apache.tomcat.websocket.server.WsFilter.doFilter(WsFilter.java:51)
	at org.apache.catalina.core.ApplicationFilterChain.internalDoFilter(ApplicationFilterChain.java:164)
	at org.apache.catalina.core.ApplicationFilterChain.doFilter(ApplicationFilterChain.java:140)
	at org.springframework.web.filter.CompositeFilter$VirtualFilterChain.doFilter(CompositeFilter.java:108)
	at org.springframework.security.web.FilterChainProxy.lambda$doFilterInternal$3(FilterChainProxy.java:231)
	at org.springframework.security.web.ObservationFilterChainDecorator$FilterObservation$SimpleFilterObservation.lambda$wrap$1(ObservationFilterChainDecorator.java:479)
	at org.springframework.security.web.ObservationFilterChainDecorator$AroundFilterObservation$SimpleAroundFilterObservation.lambda$wrap$1(ObservationFilterChainDecorator.java:340)
	at org.springframework.security.web.ObservationFilterChainDecorator.lambda$wrapSecured$0(ObservationFilterChainDecorator.java:82)
	at org.springframework.security.web.ObservationFilterChainDecorator$VirtualFilterChain.doFilter(ObservationFilterChainDecorator.java:128)
	at org.springframework.security.web.access.intercept.AuthorizationFilter.doFilter(AuthorizationFilter.java:100)
	at org.springframework.security.web.ObservationFilterChainDecorator$ObservationFilter.wrapFilter(ObservationFilterChainDecorator.java:240)
	at org.springframework.security.web.ObservationFilterChainDecorator$ObservationFilter.doFilter(ObservationFilterChainDecorator.java:227)
	at org.springframework.security.web.ObservationFilterChainDecorator$VirtualFilterChain.doFilter(ObservationFilterChainDecorator.java:137)
	at org.springframework.security.web.access.ExceptionTranslationFilter.doFilter(ExceptionTranslationFilter.java:126)
	at org.springframework.security.web.access.ExceptionTranslationFilter.doFilter(ExceptionTranslationFilter.java:120)
	at org.springframework.security.web.ObservationFilterChainDecorator$ObservationFilter.wrapFilter(ObservationFilterChainDecorator.java:240)
	at org.springframework.security.web.ObservationFilterChainDecorator$ObservationFilter.doFilter(ObservationFilterChainDecorator.java:227)
	at org.springframework.security.web.ObservationFilterChainDecorator$VirtualFilterChain.doFilter(ObservationFilterChainDecorator.java:137)
	at org.springframework.security.web.session.SessionManagementFilter.doFilter(SessionManagementFilter.java:131)
	at org.springframework.security.web.session.SessionManagementFilter.doFilter(SessionManagementFilter.java:85)
	at org.springframework.security.web.ObservationFilterChainDecorator$ObservationFilter.wrapFilter(ObservationFilterChainDecorator.java:240)
	at org.springframework.security.web.ObservationFilterChainDecorator$ObservationFilter.doFilter(ObservationFilterChainDecorator.java:227)
	at org.springframework.security.web.ObservationFilterChainDecorator$VirtualFilterChain.doFilter(ObservationFilterChainDecorator.java:137)
	at org.springframework.security.web.authentication.AnonymousAuthenticationFilter.doFilter(AnonymousAuthenticationFilter.java:100)
	at org.springframework.security.web.ObservationFilterChainDecorator$ObservationFilter.wrapFilter(ObservationFilterChainDecorator.java:240)
	at org.springframework.security.web.ObservationFilterChainDecorator$ObservationFilter.doFilter(ObservationFilterChainDecorator.java:227)
	at org.springframework.security.web.ObservationFilterChainDecorator$VirtualFilterChain.doFilter(ObservationFilterChainDecorator.java:137)
	at org.springframework.security.web.servletapi.SecurityContextHolderAwareRequestFilter.doFilter(SecurityContextHolderAwareRequestFilter.java:179)
	at org.springframework.security.web.ObservationFilterChainDecorator$ObservationFilter.wrapFilter(ObservationFilterChainDecorator.java:240)
	at org.springframework.security.web.ObservationFilterChainDecorator$ObservationFilter.doFilter(ObservationFilterChainDecorator.java:227)
	at org.springframework.security.web.ObservationFilterChainDecorator$VirtualFilterChain.doFilter(ObservationFilterChainDecorator.java:137)
	at org.springframework.security.web.savedrequest.RequestCacheAwareFilter.doFilter(RequestCacheAwareFilter.java:63)
	at org.springframework.security.web.ObservationFilterChainDecorator$ObservationFilter.wrapFilter(ObservationFilterChainDecorator.java:240)
	at org.springframework.security.web.ObservationFilterChainDecorator$ObservationFilter.doFilter(ObservationFilterChainDecorator.java:227)
	at org.springframework.security.web.ObservationFilterChainDecorator$VirtualFilterChain.doFilter(ObservationFilterChainDecorator.java:137)
	at com.aiservice.aireviewassistant.security.JwtAuthenticationFilter.doFilterInternal(JwtAuthenticationFilter.java:54)
	at org.springframework.web.filter.OncePerRequestFilter.doFilter(OncePerRequestFilter.java:116)
	at org.springframework.security.web.ObservationFilterChainDecorator$ObservationFilter.wrapFilter(ObservationFilterChainDecorator.java:240)
	at org.springframework.security.web.ObservationFilterChainDecorator$ObservationFilter.doFilter(ObservationFilterChainDecorator.java:227)
	at org.springframework.security.web.ObservationFilterChainDecorator$VirtualFilterChain.doFilter(ObservationFilterChainDecorator.java:137)
	at org.springframework.security.web.authentication.logout.LogoutFilter.doFilter(LogoutFilter.java:107)
	at org.springframework.security.web.authentication.logout.LogoutFilter.doFilter(LogoutFilter.java:93)
	at org.springframework.security.web.ObservationFilterChainDecorator$ObservationFilter.wrapFilter(ObservationFilterChainDecorator.java:240)
	at org.springframework.security.web.ObservationFilterChainDecorator$ObservationFilter.doFilter(ObservationFilterChainDecorator.java:227)
	at org.springframework.security.web.ObservationFilterChainDecorator$VirtualFilterChain.doFilter(ObservationFilterChainDecorator.java:137)
	at org.springframework.security.web.header.HeaderWriterFilter.doHeadersAfter(HeaderWriterFilter.java:90)
	at org.springframework.security.web.header.HeaderWriterFilter.doFilterInternal(HeaderWriterFilter.java:75)
	at org.springframework.web.filter.OncePerRequestFilter.doFilter(OncePerRequestFilter.java:116)
	at org.springframework.security.web.ObservationFilterChainDecorator$ObservationFilter.wrapFilter(ObservationFilterChainDecorator.java:240)
	at org.springframework.security.web.ObservationFilterChainDecorator$ObservationFilter.doFilter(ObservationFilterChainDecorator.java:227)
	at org.springframework.security.web.ObservationFilterChainDecorator$VirtualFilterChain.doFilter(ObservationFilterChainDecorator.java:137)
	at org.springframework.security.web.context.SecurityContextHolderFilter.doFilter(SecurityContextHolderFilter.java:82)
	at org.springframework.security.web.context.SecurityContextHolderFilter.doFilter(SecurityContextHolderFilter.java:69)
	at org.springframework.security.web.ObservationFilterChainDecorator$ObservationFilter.wrapFilter(ObservationFilterChainDecorator.java:240)
	at org.springframework.security.web.ObservationFilterChainDecorator$ObservationFilter.doFilter(ObservationFilterChainDecorator.java:227)
	at org.springframework.security.web.ObservationFilterChainDecorator$VirtualFilterChain.doFilter(ObservationFilterChainDecorator.java:137)
	at org.springframework.security.web.context.request.async.WebAsyncManagerIntegrationFilter.doFilterInternal(WebAsyncManagerIntegrationFilter.java:62)
	at org.springframework.web.filter.OncePerRequestFilter.doFilter(OncePerRequestFilter.java:116)
	at org.springframework.security.web.ObservationFilterChainDecorator$ObservationFilter.wrapFilter(ObservationFilterChainDecorator.java:240)
	at org.springframework.security.web.ObservationFilterChainDecorator$ObservationFilter.doFilter(ObservationFilterChainDecorator.java:227)
	at org.springframework.security.web.ObservationFilterChainDecorator$VirtualFilterChain.doFilter(ObservationFilterChainDecorator.java:137)
	at org.springframework.security.web.session.DisableEncodeUrlFilter.doFilterInternal(DisableEncodeUrlFilter.java:42)
	at org.springframework.web.filter.OncePerRequestFilter.doFilter(OncePerRequestFilter.java:116)
	at org.springframework.security.web.ObservationFilterChainDecorator$ObservationFilter.wrapFilter(ObservationFilterChainDecorator.java:240)
	at org.springframework.security.web.ObservationFilterChainDecorator$AroundFilterObservation$SimpleAroundFilterObservation.lambda$wrap$0(ObservationFilterChainDecorator.java:323)
	at org.springframework.security.web.ObservationFilterChainDecorator$ObservationFilter.doFilter(ObservationFilterChainDecorator.java:224)
	at org.springframework.security.web.ObservationFilterChainDecorator$VirtualFilterChain.doFilter(ObservationFilterChainDecorator.java:137)
	at org.springframework.security.web.FilterChainProxy.doFilterInternal(FilterChainProxy.java:233)
	at org.springframework.security.web.FilterChainProxy.doFilter(FilterChainProxy.java:191)
	at org.springframework.web.filter.CompositeFilter$VirtualFilterChain.doFilter(CompositeFilter.java:113)
	at org.springframework.web.servlet.handler.HandlerMappingIntrospector.lambda$createCacheFilter$3(HandlerMappingIntrospector.java:195)
	at org.springframework.web.filter.CompositeFilter$VirtualFilterChain.doFilter(CompositeFilter.java:113)
	at org.springframework.web.filter.CompositeFilter.doFilter(CompositeFilter.java:74)
	at org.springframework.security.config.annotation.web.configuration.WebMvcSecurityConfiguration$CompositeFilterChainProxy.doFilter(WebMvcSecurityConfiguration.java:230)
	at org.springframework.web.filter.DelegatingFilterProxy.invokeDelegate(DelegatingFilterProxy.java:352)
	at org.springframework.web.filter.DelegatingFilterProxy.doFilter(DelegatingFilterProxy.java:268)
	at org.apache.catalina.core.ApplicationFilterChain.internalDoFilter(ApplicationFilterChain.java:164)
	at org.apache.catalina.core.ApplicationFilterChain.doFilter(ApplicationFilterChain.java:140)
	at org.springframework.web.filter.RequestContextFilter.doFilterInternal(RequestContextFilter.java:100)
	at org.springframework.web.filter.OncePerRequestFilter.doFilter(OncePerRequestFilter.java:116)
	at org.apache.catalina.core.ApplicationFilterChain.internalDoFilter(ApplicationFilterChain.java:164)
	at org.apache.catalina.core.ApplicationFilterChain.doFilter(ApplicationFilterChain.java:140)
	at org.springframework.web.filter.FormContentFilter.doFilterInternal(FormContentFilter.java:93)
	at org.springframework.web.filter.OncePerRequestFilter.doFilter(OncePerRequestFilter.java:116)
	at org.apache.catalina.core.ApplicationFilterChain.internalDoFilter(ApplicationFilterChain.java:164)
	at org.apache.catalina.core.ApplicationFilterChain.doFilter(ApplicationFilterChain.java:140)
	at org.springframework.web.filter.ServerHttpObservationFilter.doFilterInternal(ServerHttpObservationFilter.java:113)
	at org.springframework.web.filter.OncePerRequestFilter.doFilter(OncePerRequestFilter.java:116)
	at org.apache.catalina.core.ApplicationFilterChain.internalDoFilter(ApplicationFilterChain.java:164)
	at org.apache.catalina.core.ApplicationFilterChain.doFilter(ApplicationFilterChain.java:140)
	at org.springframework.web.filter.CharacterEncodingFilter.doFilterInternal(CharacterEncodingFilter.java:201)
	at org.springframework.web.filter.OncePerRequestFilter.doFilter(OncePerRequestFilter.java:116)
	at org.apache.catalina.core.ApplicationFilterChain.internalDoFilter(ApplicationFilterChain.java:164)
	at org.apache.catalina.core.ApplicationFilterChain.doFilter(ApplicationFilterChain.java:140)
	at org.apache.catalina.core.StandardWrapperValve.invoke(StandardWrapperValve.java:167)
	at org.apache.catalina.core.StandardContextValve.invoke(StandardContextValve.java:90)
	at org.apache.catalina.authenticator.AuthenticatorBase.invoke(AuthenticatorBase.java:483)
	at org.apache.catalina.core.StandardHostValve.invoke(StandardHostValve.java:115)
	at org.apache.catalina.valves.ErrorReportValve.invoke(ErrorReportValve.java:93)
	at org.apache.catalina.core.StandardEngineValve.invoke(StandardEngineValve.java:74)
	at org.apache.catalina.connector.CoyoteAdapter.service(CoyoteAdapter.java:344)
	at org.apache.coyote.http11.Http11Processor.service(Http11Processor.java:384)
	at org.apache.coyote.AbstractProcessorLight.process(AbstractProcessorLight.java:63)
	at org.apache.coyote.AbstractProtocol$ConnectionHandler.process(AbstractProtocol.java:905)
	at org.apache.tomcat.util.net.NioEndpoint$SocketProcessor.doRun(NioEndpoint.java:1741)
	at org.apache.tomcat.util.net.SocketProcessorBase.run(SocketProcessorBase.java:52)
	at org.apache.tomcat.util.threads.ThreadPoolExecutor.runWorker(ThreadPoolExecutor.java:1190)
	at org.apache.tomcat.util.threads.ThreadPoolExecutor$Worker.run(ThreadPoolExecutor.java:659)
	at org.apache.tomcat.util.threads.TaskThread$WrappingRunnable.run(TaskThread.java:63)
	at java.base/java.lang.Thread.run(Thread.java:1570)
Caused by: org.apache.ibatis.exceptions.PersistenceException: 
### Error querying database.  Cause: org.springframework.jdbc.CannotGetJdbcConnectionException: Failed to obtain JDBC Connection
### The error may exist in com/aiservice/aireviewassistant/mapper/ConversationMapper.java (best guess)
### The error may involve com.aiservice.aireviewassistant.mapper.ConversationMapper.selectList
### The error occurred while executing a query
### Cause: org.springframework.jdbc.CannotGetJdbcConnectionException: Failed to obtain JDBC Connection
	at org.apache.ibatis.exceptions.ExceptionFactory.wrapException(ExceptionFactory.java:30)
	at org.apache.ibatis.session.defaults.DefaultSqlSession.selectList(DefaultSqlSession.java:156)
	at org.apache.ibatis.session.defaults.DefaultSqlSession.selectList(DefaultSqlSession.java:147)
	at org.apache.ibatis.session.defaults.DefaultSqlSession.selectList(DefaultSqlSession.java:142)
	at java.base/jdk.internal.reflect.DirectMethodHandleAccessor.invoke(DirectMethodHandleAccessor.java:103)
	at java.base/java.lang.reflect.Method.invoke(Method.java:580)
	at org.mybatis.spring.SqlSessionTemplate$SqlSessionInterceptor.invoke(SqlSessionTemplate.java:425)
	... 141 common frames omitted
Caused by: org.springframework.jdbc.CannotGetJdbcConnectionException: Failed to obtain JDBC Connection
	at org.springframework.jdbc.datasource.DataSourceUtils.getConnection(DataSourceUtils.java:84)
	at org.mybatis.spring.transaction.SpringManagedTransaction.openConnection(SpringManagedTransaction.java:80)
	at org.mybatis.spring.transaction.SpringManagedTransaction.getConnection(SpringManagedTransaction.java:67)
	at org.apache.ibatis.executor.BaseExecutor.getConnection(BaseExecutor.java:348)
	at org.apache.ibatis.executor.SimpleExecutor.prepareStatement(SimpleExecutor.java:89)
	at org.apache.ibatis.executor.SimpleExecutor.doQuery(SimpleExecutor.java:64)
	at org.apache.ibatis.executor.BaseExecutor.queryFromDatabase(BaseExecutor.java:336)
	at org.apache.ibatis.executor.BaseExecutor.query(BaseExecutor.java:158)
	at org.apache.ibatis.executor.BaseExecutor.query(BaseExecutor.java:137)
	at org.apache.ibatis.session.defaults.DefaultSqlSession.selectList(DefaultSqlSession.java:154)
	... 146 common frames omitted
Caused by: org.postgresql.util.PSQLException: FATAL: role "${DB_USERNAME}" does not exist
	at org.postgresql.core.v3.QueryExecutorImpl.receiveErrorResponse(QueryExecutorImpl.java:2713)
	at org.postgresql.core.v3.QueryExecutorImpl.readStartupMessages(QueryExecutorImpl.java:2825)
	at org.postgresql.core.v3.QueryExecutorImpl.<init>(QueryExecutorImpl.java:175)
	at org.postgresql.core.v3.ConnectionFactoryImpl.openConnectionImpl(ConnectionFactoryImpl.java:313)
	at org.postgresql.core.ConnectionFactory.openConnection(ConnectionFactory.java:54)
	at org.postgresql.jdbc.PgConnection.<init>(PgConnection.java:263)
	at org.postgresql.Driver.makeConnection(Driver.java:443)
	at org.postgresql.Driver.connect(Driver.java:297)
	at com.zaxxer.hikari.util.DriverDataSource.getConnection(DriverDataSource.java:138)
	at com.zaxxer.hikari.pool.PoolBase.newConnection(PoolBase.java:359)
	at com.zaxxer.hikari.pool.PoolBase.newPoolEntry(PoolBase.java:201)
	at com.zaxxer.hikari.pool.HikariPool.createPoolEntry(HikariPool.java:470)
	at com.zaxxer.hikari.pool.HikariPool.checkFailFast(HikariPool.java:561)
	at com.zaxxer.hikari.pool.HikariPool.<init>(HikariPool.java:100)
	at com.zaxxer.hikari.HikariDataSource.getConnection(HikariDataSource.java:112)
	at org.springframework.jdbc.datasource.DataSourceUtils.fetchConnection(DataSourceUtils.java:160)
	at org.springframework.jdbc.datasource.DataSourceUtils.doGetConnection(DataSourceUtils.java:118)
	at org.springframework.jdbc.datasource.DataSourceUtils.getConnection(DataSourceUtils.java:81)
	... 155 common frames omitted
2026-08-29 15:06:11.803 [http-nio-8080-exec-9] ERROR com.zaxxer.hikari.pool.HikariPool - HikariPool-1 - Exception during pool initialization.
org.postgresql.util.PSQLException: FATAL: role "${DB_USERNAME}" does not exist
	at org.postgresql.core.v3.QueryExecutorImpl.receiveErrorResponse(QueryExecutorImpl.java:2713)
	at org.postgresql.core.v3.QueryExecutorImpl.readStartupMessages(QueryExecutorImpl.java:2825)
	at org.postgresql.core.v3.QueryExecutorImpl.<init>(QueryExecutorImpl.java:175)
	at org.postgresql.core.v3.ConnectionFactoryImpl.openConnectionImpl(ConnectionFactoryImpl.java:313)
	at org.postgresql.core.ConnectionFactory.openConnection(ConnectionFactory.java:54)
	at org.postgresql.jdbc.PgConnection.<init>(PgConnection.java:263)
	at org.postgresql.Driver.makeConnection(Driver.java:443)
	at org.postgresql.Driver.connect(Driver.java:297)
	at com.zaxxer.hikari.util.DriverDataSource.getConnection(DriverDataSource.java:138)
	at com.zaxxer.hikari.pool.PoolBase.newConnection(PoolBase.java:359)
	at com.zaxxer.hikari.pool.PoolBase.newPoolEntry(PoolBase.java:201)
	at com.zaxxer.hikari.pool.HikariPool.createPoolEntry(HikariPool.java:470)
	at com.zaxxer.hikari.pool.HikariPool.checkFailFast(HikariPool.java:561)
	at com.zaxxer.hikari.pool.HikariPool.<init>(HikariPool.java:100)
	at com.zaxxer.hikari.HikariDataSource.getConnection(HikariDataSource.java:112)
	at org.springframework.jdbc.datasource.DataSourceUtils.fetchConnection(DataSourceUtils.java:160)
	at org.springframework.jdbc.datasource.DataSourceUtils.doGetConnection(DataSourceUtils.java:118)
	at org.springframework.jdbc.datasource.DataSourceUtils.getConnection(DataSourceUtils.java:81)
	at org.mybatis.spring.transaction.SpringManagedTransaction.openConnection(SpringManagedTransaction.java:80)
	at org.mybatis.spring.transaction.SpringManagedTransaction.getConnection(SpringManagedTransaction.java:67)
	at org.apache.ibatis.executor.BaseExecutor.getConnection(BaseExecutor.java:348)
	at org.apache.ibatis.executor.SimpleExecutor.prepareStatement(SimpleExecutor.java:89)
	at org.apache.ibatis.executor.SimpleExecutor.doQuery(SimpleExecutor.java:64)
	at org.apache.ibatis.executor.BaseExecutor.queryFromDatabase(BaseExecutor.java:336)
	at org.apache.ibatis.executor.BaseExecutor.query(BaseExecutor.java:158)
	at org.apache.ibatis.executor.BaseExecutor.query(BaseExecutor.java:137)
	at org.apache.ibatis.session.defaults.DefaultSqlSession.selectList(DefaultSqlSession.java:154)
	at org.apache.ibatis.session.defaults.DefaultSqlSession.selectList(DefaultSqlSession.java:147)
	at org.apache.ibatis.session.defaults.DefaultSqlSession.selectList(DefaultSqlSession.java:142)
	at java.base/jdk.internal.reflect.DirectMethodHandleAccessor.invoke(DirectMethodHandleAccessor.java:103)
	at java.base/java.lang.reflect.Method.invoke(Method.java:580)
	at org.mybatis.spring.SqlSessionTemplate$SqlSessionInterceptor.invoke(SqlSessionTemplate.java:425)
	at jdk.proxy2/jdk.proxy2.$Proxy110.selectList(Unknown Source)
	at org.mybatis.spring.SqlSessionTemplate.selectList(SqlSessionTemplate.java:224)
	at com.baomidou.mybatisplus.core.override.MybatisMapperMethod.executeForMany(MybatisMapperMethod.java:164)
	at com.baomidou.mybatisplus.core.override.MybatisMapperMethod.execute(MybatisMapperMethod.java:77)
	at com.baomidou.mybatisplus.core.override.MybatisMapperProxy$PlainMethodInvoker.invoke(MybatisMapperProxy.java:149)
	at com.baomidou.mybatisplus.core.override.MybatisMapperProxy.invoke(MybatisMapperProxy.java:90)
	at jdk.proxy2/jdk.proxy2.$Proxy120.selectList(Unknown Source)
	at com.baomidou.mybatisplus.extension.service.IService.list(IService.java:407)
	at java.base/jdk.internal.reflect.DirectMethodHandleAccessor.invoke(DirectMethodHandleAccessor.java:103)
	at java.base/java.lang.reflect.Method.invoke(Method.java:580)
	at org.springframework.aop.support.AopUtils.invokeJoinpointUsingReflection(AopUtils.java:355)
	at org.springframework.aop.framework.CglibAopProxy$DynamicAdvisedInterceptor.intercept(CglibAopProxy.java:716)
	at com.aiservice.aireviewassistant.service.impl.ConversationServiceImpl$$SpringCGLIB$$0.list(<generated>)
	at com.aiservice.aireviewassistant.controller.ConversationController.list(ConversationController.java:46)
	at java.base/jdk.internal.reflect.DirectMethodHandleAccessor.invoke(DirectMethodHandleAccessor.java:103)
	at java.base/java.lang.reflect.Method.invoke(Method.java:580)
	at org.springframework.web.method.support.InvocableHandlerMethod.doInvoke(InvocableHandlerMethod.java:255)
	at org.springframework.web.method.support.InvocableHandlerMethod.invokeForRequest(InvocableHandlerMethod.java:188)
	at org.springframework.web.servlet.mvc.method.annotation.ServletInvocableHandlerMethod.invokeAndHandle(ServletInvocableHandlerMethod.java:118)
	at org.springframework.web.servlet.mvc.method.annotation.RequestMappingHandlerAdapter.invokeHandlerMethod(RequestMappingHandlerAdapter.java:926)
	at org.springframework.web.servlet.mvc.method.annotation.RequestMappingHandlerAdapter.handleInternal(RequestMappingHandlerAdapter.java:831)
	at org.springframework.web.servlet.mvc.method.AbstractHandlerMethodAdapter.handle(AbstractHandlerMethodAdapter.java:87)
	at org.springframework.web.servlet.DispatcherServlet.doDispatch(DispatcherServlet.java:1089)
	at org.springframework.web.servlet.DispatcherServlet.doService(DispatcherServlet.java:979)
	at org.springframework.web.servlet.FrameworkServlet.processRequest(FrameworkServlet.java:1014)
	at org.springframework.web.servlet.FrameworkServlet.doGet(FrameworkServlet.java:903)
	at jakarta.servlet.http.HttpServlet.service(HttpServlet.java:564)
	at org.springframework.web.servlet.FrameworkServlet.service(FrameworkServlet.java:885)
	at jakarta.servlet.http.HttpServlet.service(HttpServlet.java:658)
	at org.apache.catalina.core.ApplicationFilterChain.internalDoFilter(ApplicationFilterChain.java:195)
	at org.apache.catalina.core.ApplicationFilterChain.doFilter(ApplicationFilterChain.java:140)
	at org.apache.tomcat.websocket.server.WsFilter.doFilter(WsFilter.java:51)
	at org.apache.catalina.core.ApplicationFilterChain.internalDoFilter(ApplicationFilterChain.java:164)
	at org.apache.catalina.core.ApplicationFilterChain.doFilter(ApplicationFilterChain.java:140)
	at org.springframework.web.filter.CompositeFilter$VirtualFilterChain.doFilter(CompositeFilter.java:108)
	at org.springframework.security.web.FilterChainProxy.lambda$doFilterInternal$3(FilterChainProxy.java:231)
	at org.springframework.security.web.ObservationFilterChainDecorator$FilterObservation$SimpleFilterObservation.lambda$wrap$1(ObservationFilterChainDecorator.java:479)
	at org.springframework.security.web.ObservationFilterChainDecorator$AroundFilterObservation$SimpleAroundFilterObservation.lambda$wrap$1(ObservationFilterChainDecorator.java:340)
	at org.springframework.security.web.ObservationFilterChainDecorator.lambda$wrapSecured$0(ObservationFilterChainDecorator.java:82)
	at org.springframework.security.web.ObservationFilterChainDecorator$VirtualFilterChain.doFilter(ObservationFilterChainDecorator.java:128)
	at org.springframework.security.web.access.intercept.AuthorizationFilter.doFilter(AuthorizationFilter.java:100)
	at org.springframework.security.web.ObservationFilterChainDecorator$ObservationFilter.wrapFilter(ObservationFilterChainDecorator.java:240)
	at org.springframework.security.web.ObservationFilterChainDecorator$ObservationFilter.doFilter(ObservationFilterChainDecorator.java:227)
	at org.springframework.security.web.ObservationFilterChainDecorator$VirtualFilterChain.doFilter(ObservationFilterChainDecorator.java:137)
	at org.springframework.security.web.access.ExceptionTranslationFilter.doFilter(ExceptionTranslationFilter.java:126)
	at org.springframework.security.web.access.ExceptionTranslationFilter.doFilter(ExceptionTranslationFilter.java:120)
	at org.springframework.security.web.ObservationFilterChainDecorator$ObservationFilter.wrapFilter(ObservationFilterChainDecorator.java:240)
	at org.springframework.security.web.ObservationFilterChainDecorator$ObservationFilter.doFilter(ObservationFilterChainDecorator.java:227)
	at org.springframework.security.web.ObservationFilterChainDecorator$VirtualFilterChain.doFilter(ObservationFilterChainDecorator.java:137)
	at org.springframework.security.web.session.SessionManagementFilter.doFilter(SessionManagementFilter.java:131)
	at org.springframework.security.web.session.SessionManagementFilter.doFilter(SessionManagementFilter.java:85)
	at org.springframework.security.web.ObservationFilterChainDecorator$ObservationFilter.wrapFilter(ObservationFilterChainDecorator.java:240)
	at org.springframework.security.web.ObservationFilterChainDecorator$ObservationFilter.doFilter(ObservationFilterChainDecorator.java:227)
	at org.springframework.security.web.ObservationFilterChainDecorator$VirtualFilterChain.doFilter(ObservationFilterChainDecorator.java:137)
	at org.springframework.security.web.authentication.AnonymousAuthenticationFilter.doFilter(AnonymousAuthenticationFilter.java:100)
	at org.springframework.security.web.ObservationFilterChainDecorator$ObservationFilter.wrapFilter(ObservationFilterChainDecorator.java:240)
	at org.springframework.security.web.ObservationFilterChainDecorator$ObservationFilter.doFilter(ObservationFilterChainDecorator.java:227)
	at org.springframework.security.web.ObservationFilterChainDecorator$VirtualFilterChain.doFilter(ObservationFilterChainDecorator.java:137)
	at org.springframework.security.web.servletapi.SecurityContextHolderAwareRequestFilter.doFilter(SecurityContextHolderAwareRequestFilter.java:179)
	at org.springframework.security.web.ObservationFilterChainDecorator$ObservationFilter.wrapFilter(ObservationFilterChainDecorator.java:240)
	at org.springframework.security.web.ObservationFilterChainDecorator$ObservationFilter.doFilter(ObservationFilterChainDecorator.java:227)
	at org.springframework.security.web.ObservationFilterChainDecorator$VirtualFilterChain.doFilter(ObservationFilterChainDecorator.java:137)
	at org.springframework.security.web.savedrequest.RequestCacheAwareFilter.doFilter(RequestCacheAwareFilter.java:63)
	at org.springframework.security.web.ObservationFilterChainDecorator$ObservationFilter.wrapFilter(ObservationFilterChainDecorator.java:240)
	at org.springframework.security.web.ObservationFilterChainDecorator$ObservationFilter.doFilter(ObservationFilterChainDecorator.java:227)
	at org.springframework.security.web.ObservationFilterChainDecorator$VirtualFilterChain.doFilter(ObservationFilterChainDecorator.java:137)
	at com.aiservice.aireviewassistant.security.JwtAuthenticationFilter.doFilterInternal(JwtAuthenticationFilter.java:54)
	at org.springframework.web.filter.OncePerRequestFilter.doFilter(OncePerRequestFilter.java:116)
	at org.springframework.security.web.ObservationFilterChainDecorator$ObservationFilter.wrapFilter(ObservationFilterChainDecorator.java:240)
	at org.springframework.security.web.ObservationFilterChainDecorator$ObservationFilter.doFilter(ObservationFilterChainDecorator.java:227)
	at org.springframework.security.web.ObservationFilterChainDecorator$VirtualFilterChain.doFilter(ObservationFilterChainDecorator.java:137)
	at org.springframework.security.web.authentication.logout.LogoutFilter.doFilter(LogoutFilter.java:107)
	at org.springframework.security.web.authentication.logout.LogoutFilter.doFilter(LogoutFilter.java:93)
	at org.springframework.security.web.ObservationFilterChainDecorator$ObservationFilter.wrapFilter(ObservationFilterChainDecorator.java:240)
	at org.springframework.security.web.ObservationFilterChainDecorator$ObservationFilter.doFilter(ObservationFilterChainDecorator.java:227)
	at org.springframework.security.web.ObservationFilterChainDecorator$VirtualFilterChain.doFilter(ObservationFilterChainDecorator.java:137)
	at org.springframework.security.web.header.HeaderWriterFilter.doHeadersAfter(HeaderWriterFilter.java:90)
	at org.springframework.security.web.header.HeaderWriterFilter.doFilterInternal(HeaderWriterFilter.java:75)
	at org.springframework.web.filter.OncePerRequestFilter.doFilter(OncePerRequestFilter.java:116)
	at org.springframework.security.web.ObservationFilterChainDecorator$ObservationFilter.wrapFilter(ObservationFilterChainDecorator.java:240)
	at org.springframework.security.web.ObservationFilterChainDecorator$ObservationFilter.doFilter(ObservationFilterChainDecorator.java:227)
	at org.springframework.security.web.ObservationFilterChainDecorator$VirtualFilterChain.doFilter(ObservationFilterChainDecorator.java:137)
	at org.springframework.security.web.context.SecurityContextHolderFilter.doFilter(SecurityContextHolderFilter.java:82)
	at org.springframework.security.web.context.SecurityContextHolderFilter.doFilter(SecurityContextHolderFilter.java:69)
	at org.springframework.security.web.ObservationFilterChainDecorator$ObservationFilter.wrapFilter(ObservationFilterChainDecorator.java:240)
	at org.springframework.security.web.ObservationFilterChainDecorator$ObservationFilter.doFilter(ObservationFilterChainDecorator.java:227)
	at org.springframework.security.web.ObservationFilterChainDecorator$VirtualFilterChain.doFilter(ObservationFilterChainDecorator.java:137)
	at org.springframework.security.web.context.request.async.WebAsyncManagerIntegrationFilter.doFilterInternal(WebAsyncManagerIntegrationFilter.java:62)
	at org.springframework.web.filter.OncePerRequestFilter.doFilter(OncePerRequestFilter.java:116)
	at org.springframework.security.web.ObservationFilterChainDecorator$ObservationFilter.wrapFilter(ObservationFilterChainDecorator.java:240)
	at org.springframework.security.web.ObservationFilterChainDecorator$ObservationFilter.doFilter(ObservationFilterChainDecorator.java:227)
	at org.springframework.security.web.ObservationFilterChainDecorator$VirtualFilterChain.doFilter(ObservationFilterChainDecorator.java:137)
	at org.springframework.security.web.session.DisableEncodeUrlFilter.doFilterInternal(DisableEncodeUrlFilter.java:42)
	at org.springframework.web.filter.OncePerRequestFilter.doFilter(OncePerRequestFilter.java:116)
	at org.springframework.security.web.ObservationFilterChainDecorator$ObservationFilter.wrapFilter(ObservationFilterChainDecorator.java:240)
	at org.springframework.security.web.ObservationFilterChainDecorator$AroundFilterObservation$SimpleAroundFilterObservation.lambda$wrap$0(ObservationFilterChainDecorator.java:323)
	at org.springframework.security.web.ObservationFilterChainDecorator$ObservationFilter.doFilter(ObservationFilterChainDecorator.java:224)
	at org.springframework.security.web.ObservationFilterChainDecorator$VirtualFilterChain.doFilter(ObservationFilterChainDecorator.java:137)
	at org.springframework.security.web.FilterChainProxy.doFilterInternal(FilterChainProxy.java:233)
	at org.springframework.security.web.FilterChainProxy.doFilter(FilterChainProxy.java:191)
	at org.springframework.web.filter.CompositeFilter$VirtualFilterChain.doFilter(CompositeFilter.java:113)
	at org.springframework.web.servlet.handler.HandlerMappingIntrospector.lambda$createCacheFilter$3(HandlerMappingIntrospector.java:195)
	at org.springframework.web.filter.CompositeFilter$VirtualFilterChain.doFilter(CompositeFilter.java:113)
	at org.springframework.web.filter.CompositeFilter.doFilter(CompositeFilter.java:74)
	at org.springframework.security.config.annotation.web.configuration.WebMvcSecurityConfiguration$CompositeFilterChainProxy.doFilter(WebMvcSecurityConfiguration.java:230)
	at org.springframework.web.filter.DelegatingFilterProxy.invokeDelegate(DelegatingFilterProxy.java:352)
	at org.springframework.web.filter.DelegatingFilterProxy.doFilter(DelegatingFilterProxy.java:268)
	at org.apache.catalina.core.ApplicationFilterChain.internalDoFilter(ApplicationFilterChain.java:164)
	at org.apache.catalina.core.ApplicationFilterChain.doFilter(ApplicationFilterChain.java:140)
	at org.springframework.web.filter.RequestContextFilter.doFilterInternal(RequestContextFilter.java:100)
	at org.springframework.web.filter.OncePerRequestFilter.doFilter(OncePerRequestFilter.java:116)
	at org.apache.catalina.core.ApplicationFilterChain.internalDoFilter(ApplicationFilterChain.java:164)
	at org.apache.catalina.core.ApplicationFilterChain.doFilter(ApplicationFilterChain.java:140)
	at org.springframework.web.filter.FormContentFilter.doFilterInternal(FormContentFilter.java:93)
	at org.springframework.web.filter.OncePerRequestFilter.doFilter(OncePerRequestFilter.java:116)
	at org.apache.catalina.core.ApplicationFilterChain.internalDoFilter(ApplicationFilterChain.java:164)
	at org.apache.catalina.core.ApplicationFilterChain.doFilter(ApplicationFilterChain.java:140)
	at org.springframework.web.filter.ServerHttpObservationFilter.doFilterInternal(ServerHttpObservationFilter.java:113)
	at org.springframework.web.filter.OncePerRequestFilter.doFilter(OncePerRequestFilter.java:116)
	at org.apache.catalina.core.ApplicationFilterChain.internalDoFilter(ApplicationFilterChain.java:164)
	at org.apache.catalina.core.ApplicationFilterChain.doFilter(ApplicationFilterChain.java:140)
	at org.springframework.web.filter.CharacterEncodingFilter.doFilterInternal(CharacterEncodingFilter.java:201)
	at org.springframework.web.filter.OncePerRequestFilter.doFilter(OncePerRequestFilter.java:116)
	at org.apache.catalina.core.ApplicationFilterChain.internalDoFilter(ApplicationFilterChain.java:164)
	at org.apache.catalina.core.ApplicationFilterChain.doFilter(ApplicationFilterChain.java:140)
	at org.apache.catalina.core.StandardWrapperValve.invoke(StandardWrapperValve.java:167)
	at org.apache.catalina.core.StandardContextValve.invoke(StandardContextValve.java:90)
	at org.apache.catalina.authenticator.AuthenticatorBase.invoke(AuthenticatorBase.java:483)
	at org.apache.catalina.core.StandardHostValve.invoke(StandardHostValve.java:115)
	at org.apache.catalina.valves.ErrorReportValve.invoke(ErrorReportValve.java:93)
	at org.apache.catalina.core.StandardEngineValve.invoke(StandardEngineValve.java:74)
	at org.apache.catalina.connector.CoyoteAdapter.service(CoyoteAdapter.java:344)
	at org.apache.coyote.http11.Http11Processor.service(Http11Processor.java:384)
	at org.apache.coyote.AbstractProcessorLight.process(AbstractProcessorLight.java:63)
	at org.apache.coyote.AbstractProtocol$ConnectionHandler.process(AbstractProtocol.java:905)
	at org.apache.tomcat.util.net.NioEndpoint$SocketProcessor.doRun(NioEndpoint.java:1741)
	at org.apache.tomcat.util.net.SocketProcessorBase.run(SocketProcessorBase.java:52)
	at org.apache.tomcat.util.threads.ThreadPoolExecutor.runWorker(ThreadPoolExecutor.java:1190)
	at org.apache.tomcat.util.threads.ThreadPoolExecutor$Worker.run(ThreadPoolExecutor.java:659)
	at org.apache.tomcat.util.threads.TaskThread$WrappingRunnable.run(TaskThread.java:63)
	at java.base/java.lang.Thread.run(Thread.java:1570)
2026-08-29 15:06:11.808 [http-nio-8080-exec-9] ERROR c.a.a.e.GlobalExceptionHandler - 运行时异常: null
org.mybatis.spring.MyBatisSystemException: null
	at org.mybatis.spring.MyBatisExceptionTranslator.translateExceptionIfPossible(MyBatisExceptionTranslator.java:97)
	at org.mybatis.spring.SqlSessionTemplate$SqlSessionInterceptor.invoke(SqlSessionTemplate.java:439)
	at jdk.proxy2/jdk.proxy2.$Proxy110.selectList(Unknown Source)
	at org.mybatis.spring.SqlSessionTemplate.selectList(SqlSessionTemplate.java:224)
	at com.baomidou.mybatisplus.core.override.MybatisMapperMethod.executeForMany(MybatisMapperMethod.java:164)
	at com.baomidou.mybatisplus.core.override.MybatisMapperMethod.execute(MybatisMapperMethod.java:77)
	at com.baomidou.mybatisplus.core.override.MybatisMapperProxy$PlainMethodInvoker.invoke(MybatisMapperProxy.java:149)
	at com.baomidou.mybatisplus.core.override.MybatisMapperProxy.invoke(MybatisMapperProxy.java:90)
	at jdk.proxy2/jdk.proxy2.$Proxy120.selectList(Unknown Source)
	at com.baomidou.mybatisplus.extension.service.IService.list(IService.java:407)
	at java.base/jdk.internal.reflect.DirectMethodHandleAccessor.invoke(DirectMethodHandleAccessor.java:103)
	at java.base/java.lang.reflect.Method.invoke(Method.java:580)
	at org.springframework.aop.support.AopUtils.invokeJoinpointUsingReflection(AopUtils.java:355)
	at org.springframework.aop.framework.CglibAopProxy$DynamicAdvisedInterceptor.intercept(CglibAopProxy.java:716)
	at com.aiservice.aireviewassistant.service.impl.ConversationServiceImpl$$SpringCGLIB$$0.list(<generated>)
	at com.aiservice.aireviewassistant.controller.ConversationController.list(ConversationController.java:46)
	at java.base/jdk.internal.reflect.DirectMethodHandleAccessor.invoke(DirectMethodHandleAccessor.java:103)
	at java.base/java.lang.reflect.Method.invoke(Method.java:580)
	at org.springframework.web.method.support.InvocableHandlerMethod.doInvoke(InvocableHandlerMethod.java:255)
	at org.springframework.web.method.support.InvocableHandlerMethod.invokeForRequest(InvocableHandlerMethod.java:188)
	at org.springframework.web.servlet.mvc.method.annotation.ServletInvocableHandlerMethod.invokeAndHandle(ServletInvocableHandlerMethod.java:118)
	at org.springframework.web.servlet.mvc.method.annotation.RequestMappingHandlerAdapter.invokeHandlerMethod(RequestMappingHandlerAdapter.java:926)
	at org.springframework.web.servlet.mvc.method.annotation.RequestMappingHandlerAdapter.handleInternal(RequestMappingHandlerAdapter.java:831)
	at org.springframework.web.servlet.mvc.method.AbstractHandlerMethodAdapter.handle(AbstractHandlerMethodAdapter.java:87)
	at org.springframework.web.servlet.DispatcherServlet.doDispatch(DispatcherServlet.java:1089)
	at org.springframework.web.servlet.DispatcherServlet.doService(DispatcherServlet.java:979)
	at org.springframework.web.servlet.FrameworkServlet.processRequest(FrameworkServlet.java:1014)
	at org.springframework.web.servlet.FrameworkServlet.doGet(FrameworkServlet.java:903)
	at jakarta.servlet.http.HttpServlet.service(HttpServlet.java:564)
	at org.springframework.web.servlet.FrameworkServlet.service(FrameworkServlet.java:885)
	at jakarta.servlet.http.HttpServlet.service(HttpServlet.java:658)
	at org.apache.catalina.core.ApplicationFilterChain.internalDoFilter(ApplicationFilterChain.java:195)
	at org.apache.catalina.core.ApplicationFilterChain.doFilter(ApplicationFilterChain.java:140)
	at org.apache.tomcat.websocket.server.WsFilter.doFilter(WsFilter.java:51)
	at org.apache.catalina.core.ApplicationFilterChain.internalDoFilter(ApplicationFilterChain.java:164)
	at org.apache.catalina.core.ApplicationFilterChain.doFilter(ApplicationFilterChain.java:140)
	at org.springframework.web.filter.CompositeFilter$VirtualFilterChain.doFilter(CompositeFilter.java:108)
	at org.springframework.security.web.FilterChainProxy.lambda$doFilterInternal$3(FilterChainProxy.java:231)
	at org.springframework.security.web.ObservationFilterChainDecorator$FilterObservation$SimpleFilterObservation.lambda$wrap$1(ObservationFilterChainDecorator.java:479)
	at org.springframework.security.web.ObservationFilterChainDecorator$AroundFilterObservation$SimpleAroundFilterObservation.lambda$wrap$1(ObservationFilterChainDecorator.java:340)
	at org.springframework.security.web.ObservationFilterChainDecorator.lambda$wrapSecured$0(ObservationFilterChainDecorator.java:82)
	at org.springframework.security.web.ObservationFilterChainDecorator$VirtualFilterChain.doFilter(ObservationFilterChainDecorator.java:128)
	at org.springframework.security.web.access.intercept.AuthorizationFilter.doFilter(AuthorizationFilter.java:100)
	at org.springframework.security.web.ObservationFilterChainDecorator$ObservationFilter.wrapFilter(ObservationFilterChainDecorator.java:240)
	at org.springframework.security.web.ObservationFilterChainDecorator$ObservationFilter.doFilter(ObservationFilterChainDecorator.java:227)
	at org.springframework.security.web.ObservationFilterChainDecorator$VirtualFilterChain.doFilter(ObservationFilterChainDecorator.java:137)
	at org.springframework.security.web.access.ExceptionTranslationFilter.doFilter(ExceptionTranslationFilter.java:126)
	at org.springframework.security.web.access.ExceptionTranslationFilter.doFilter(ExceptionTranslationFilter.java:120)
	at org.springframework.security.web.ObservationFilterChainDecorator$ObservationFilter.wrapFilter(ObservationFilterChainDecorator.java:240)
	at org.springframework.security.web.ObservationFilterChainDecorator$ObservationFilter.doFilter(ObservationFilterChainDecorator.java:227)
	at org.springframework.security.web.ObservationFilterChainDecorator$VirtualFilterChain.doFilter(ObservationFilterChainDecorator.java:137)
	at org.springframework.security.web.session.SessionManagementFilter.doFilter(SessionManagementFilter.java:131)
	at org.springframework.security.web.session.SessionManagementFilter.doFilter(SessionManagementFilter.java:85)
	at org.springframework.security.web.ObservationFilterChainDecorator$ObservationFilter.wrapFilter(ObservationFilterChainDecorator.java:240)
	at org.springframework.security.web.ObservationFilterChainDecorator$ObservationFilter.doFilter(ObservationFilterChainDecorator.java:227)
	at org.springframework.security.web.ObservationFilterChainDecorator$VirtualFilterChain.doFilter(ObservationFilterChainDecorator.java:137)
	at org.springframework.security.web.authentication.AnonymousAuthenticationFilter.doFilter(AnonymousAuthenticationFilter.java:100)
	at org.springframework.security.web.ObservationFilterChainDecorator$ObservationFilter.wrapFilter(ObservationFilterChainDecorator.java:240)
	at org.springframework.security.web.ObservationFilterChainDecorator$ObservationFilter.doFilter(ObservationFilterChainDecorator.java:227)
	at org.springframework.security.web.ObservationFilterChainDecorator$VirtualFilterChain.doFilter(ObservationFilterChainDecorator.java:137)
	at org.springframework.security.web.servletapi.SecurityContextHolderAwareRequestFilter.doFilter(SecurityContextHolderAwareRequestFilter.java:179)
	at org.springframework.security.web.ObservationFilterChainDecorator$ObservationFilter.wrapFilter(ObservationFilterChainDecorator.java:240)
	at org.springframework.security.web.ObservationFilterChainDecorator$ObservationFilter.doFilter(ObservationFilterChainDecorator.java:227)
	at org.springframework.security.web.ObservationFilterChainDecorator$VirtualFilterChain.doFilter(ObservationFilterChainDecorator.java:137)
	at org.springframework.security.web.savedrequest.RequestCacheAwareFilter.doFilter(RequestCacheAwareFilter.java:63)
	at org.springframework.security.web.ObservationFilterChainDecorator$ObservationFilter.wrapFilter(ObservationFilterChainDecorator.java:240)
	at org.springframework.security.web.ObservationFilterChainDecorator$ObservationFilter.doFilter(ObservationFilterChainDecorator.java:227)
	at org.springframework.security.web.ObservationFilterChainDecorator$VirtualFilterChain.doFilter(ObservationFilterChainDecorator.java:137)
	at com.aiservice.aireviewassistant.security.JwtAuthenticationFilter.doFilterInternal(JwtAuthenticationFilter.java:54)
	at org.springframework.web.filter.OncePerRequestFilter.doFilter(OncePerRequestFilter.java:116)
	at org.springframework.security.web.ObservationFilterChainDecorator$ObservationFilter.wrapFilter(ObservationFilterChainDecorator.java:240)
	at org.springframework.security.web.ObservationFilterChainDecorator$ObservationFilter.doFilter(ObservationFilterChainDecorator.java:227)
	at org.springframework.security.web.ObservationFilterChainDecorator$VirtualFilterChain.doFilter(ObservationFilterChainDecorator.java:137)
	at org.springframework.security.web.authentication.logout.LogoutFilter.doFilter(LogoutFilter.java:107)
	at org.springframework.security.web.authentication.logout.LogoutFilter.doFilter(LogoutFilter.java:93)
	at org.springframework.security.web.ObservationFilterChainDecorator$ObservationFilter.wrapFilter(ObservationFilterChainDecorator.java:240)
	at org.springframework.security.web.ObservationFilterChainDecorator$ObservationFilter.doFilter(ObservationFilterChainDecorator.java:227)
	at org.springframework.security.web.ObservationFilterChainDecorator$VirtualFilterChain.doFilter(ObservationFilterChainDecorator.java:137)
	at org.springframework.security.web.header.HeaderWriterFilter.doHeadersAfter(HeaderWriterFilter.java:90)
	at org.springframework.security.web.header.HeaderWriterFilter.doFilterInternal(HeaderWriterFilter.java:75)
	at org.springframework.web.filter.OncePerRequestFilter.doFilter(OncePerRequestFilter.java:116)
	at org.springframework.security.web.ObservationFilterChainDecorator$ObservationFilter.wrapFilter(ObservationFilterChainDecorator.java:240)
	at org.springframework.security.web.ObservationFilterChainDecorator$ObservationFilter.doFilter(ObservationFilterChainDecorator.java:227)
	at org.springframework.security.web.ObservationFilterChainDecorator$VirtualFilterChain.doFilter(ObservationFilterChainDecorator.java:137)
	at org.springframework.security.web.context.SecurityContextHolderFilter.doFilter(SecurityContextHolderFilter.java:82)
	at org.springframework.security.web.context.SecurityContextHolderFilter.doFilter(SecurityContextHolderFilter.java:69)
	at org.springframework.security.web.ObservationFilterChainDecorator$ObservationFilter.wrapFilter(ObservationFilterChainDecorator.java:240)
	at org.springframework.security.web.ObservationFilterChainDecorator$ObservationFilter.doFilter(ObservationFilterChainDecorator.java:227)
	at org.springframework.security.web.ObservationFilterChainDecorator$VirtualFilterChain.doFilter(ObservationFilterChainDecorator.java:137)
	at org.springframework.security.web.context.request.async.WebAsyncManagerIntegrationFilter.doFilterInternal(WebAsyncManagerIntegrationFilter.java:62)
	at org.springframework.web.filter.OncePerRequestFilter.doFilter(OncePerRequestFilter.java:116)
	at org.springframework.security.web.ObservationFilterChainDecorator$ObservationFilter.wrapFilter(ObservationFilterChainDecorator.java:240)
	at org.springframework.security.web.ObservationFilterChainDecorator$ObservationFilter.doFilter(ObservationFilterChainDecorator.java:227)
	at org.springframework.security.web.ObservationFilterChainDecorator$VirtualFilterChain.doFilter(ObservationFilterChainDecorator.java:137)
	at org.springframework.security.web.session.DisableEncodeUrlFilter.doFilterInternal(DisableEncodeUrlFilter.java:42)
	at org.springframework.web.filter.OncePerRequestFilter.doFilter(OncePerRequestFilter.java:116)
	at org.springframework.security.web.ObservationFilterChainDecorator$ObservationFilter.wrapFilter(ObservationFilterChainDecorator.java:240)
	at org.springframework.security.web.ObservationFilterChainDecorator$AroundFilterObservation$SimpleAroundFilterObservation.lambda$wrap$0(ObservationFilterChainDecorator.java:323)
	at org.springframework.security.web.ObservationFilterChainDecorator$ObservationFilter.doFilter(ObservationFilterChainDecorator.java:224)
	at org.springframework.security.web.ObservationFilterChainDecorator$VirtualFilterChain.doFilter(ObservationFilterChainDecorator.java:137)
	at org.springframework.security.web.FilterChainProxy.doFilterInternal(FilterChainProxy.java:233)
	at org.springframework.security.web.FilterChainProxy.doFilter(FilterChainProxy.java:191)
	at org.springframework.web.filter.CompositeFilter$VirtualFilterChain.doFilter(CompositeFilter.java:113)
	at org.springframework.web.servlet.handler.HandlerMappingIntrospector.lambda$createCacheFilter$3(HandlerMappingIntrospector.java:195)
	at org.springframework.web.filter.CompositeFilter$VirtualFilterChain.doFilter(CompositeFilter.java:113)
	at org.springframework.web.filter.CompositeFilter.doFilter(CompositeFilter.java:74)
	at org.springframework.security.config.annotation.web.configuration.WebMvcSecurityConfiguration$CompositeFilterChainProxy.doFilter(WebMvcSecurityConfiguration.java:230)
	at org.springframework.web.filter.DelegatingFilterProxy.invokeDelegate(DelegatingFilterProxy.java:352)
	at org.springframework.web.filter.DelegatingFilterProxy.doFilter(DelegatingFilterProxy.java:268)
	at org.apache.catalina.core.ApplicationFilterChain.internalDoFilter(ApplicationFilterChain.java:164)
	at org.apache.catalina.core.ApplicationFilterChain.doFilter(ApplicationFilterChain.java:140)
	at org.springframework.web.filter.RequestContextFilter.doFilterInternal(RequestContextFilter.java:100)
	at org.springframework.web.filter.OncePerRequestFilter.doFilter(OncePerRequestFilter.java:116)
	at org.apache.catalina.core.ApplicationFilterChain.internalDoFilter(ApplicationFilterChain.java:164)
	at org.apache.catalina.core.ApplicationFilterChain.doFilter(ApplicationFilterChain.java:140)
	at org.springframework.web.filter.FormContentFilter.doFilterInternal(FormContentFilter.java:93)
	at org.springframework.web.filter.OncePerRequestFilter.doFilter(OncePerRequestFilter.java:116)
	at org.apache.catalina.core.ApplicationFilterChain.internalDoFilter(ApplicationFilterChain.java:164)
	at org.apache.catalina.core.ApplicationFilterChain.doFilter(ApplicationFilterChain.java:140)
	at org.springframework.web.filter.ServerHttpObservationFilter.doFilterInternal(ServerHttpObservationFilter.java:113)
	at org.springframework.web.filter.OncePerRequestFilter.doFilter(OncePerRequestFilter.java:116)
	at org.apache.catalina.core.ApplicationFilterChain.internalDoFilter(ApplicationFilterChain.java:164)
	at org.apache.catalina.core.ApplicationFilterChain.doFilter(ApplicationFilterChain.java:140)
	at org.springframework.web.filter.CharacterEncodingFilter.doFilterInternal(CharacterEncodingFilter.java:201)
	at org.springframework.web.filter.OncePerRequestFilter.doFilter(OncePerRequestFilter.java:116)
	at org.apache.catalina.core.ApplicationFilterChain.internalDoFilter(ApplicationFilterChain.java:164)
	at org.apache.catalina.core.ApplicationFilterChain.doFilter(ApplicationFilterChain.java:140)
	at org.apache.catalina.core.StandardWrapperValve.invoke(StandardWrapperValve.java:167)
	at org.apache.catalina.core.StandardContextValve.invoke(StandardContextValve.java:90)
	at org.apache.catalina.authenticator.AuthenticatorBase.invoke(AuthenticatorBase.java:483)
	at org.apache.catalina.core.StandardHostValve.invoke(StandardHostValve.java:115)
	at org.apache.catalina.valves.ErrorReportValve.invoke(ErrorReportValve.java:93)
	at org.apache.catalina.core.StandardEngineValve.invoke(StandardEngineValve.java:74)
	at org.apache.catalina.connector.CoyoteAdapter.service(CoyoteAdapter.java:344)
	at org.apache.coyote.http11.Http11Processor.service(Http11Processor.java:384)
	at org.apache.coyote.AbstractProcessorLight.process(AbstractProcessorLight.java:63)
	at org.apache.coyote.AbstractProtocol$ConnectionHandler.process(AbstractProtocol.java:905)
	at org.apache.tomcat.util.net.NioEndpoint$SocketProcessor.doRun(NioEndpoint.java:1741)
	at org.apache.tomcat.util.net.SocketProcessorBase.run(SocketProcessorBase.java:52)
	at org.apache.tomcat.util.threads.ThreadPoolExecutor.runWorker(ThreadPoolExecutor.java:1190)
	at org.apache.tomcat.util.threads.ThreadPoolExecutor$Worker.run(ThreadPoolExecutor.java:659)
	at org.apache.tomcat.util.threads.TaskThread$WrappingRunnable.run(TaskThread.java:63)
	at java.base/java.lang.Thread.run(Thread.java:1570)
Caused by: org.apache.ibatis.exceptions.PersistenceException: 
### Error querying database.  Cause: org.springframework.jdbc.CannotGetJdbcConnectionException: Failed to obtain JDBC Connection
### The error may exist in com/aiservice/aireviewassistant/mapper/ConversationMapper.java (best guess)
### The error may involve com.aiservice.aireviewassistant.mapper.ConversationMapper.selectList
### The error occurred while executing a query
### Cause: org.springframework.jdbc.CannotGetJdbcConnectionException: Failed to obtain JDBC Connection
	at org.apache.ibatis.exceptions.ExceptionFactory.wrapException(ExceptionFactory.java:30)
	at org.apache.ibatis.session.defaults.DefaultSqlSession.selectList(DefaultSqlSession.java:156)
	at org.apache.ibatis.session.defaults.DefaultSqlSession.selectList(DefaultSqlSession.java:147)
	at org.apache.ibatis.session.defaults.DefaultSqlSession.selectList(DefaultSqlSession.java:142)
	at java.base/jdk.internal.reflect.DirectMethodHandleAccessor.invoke(DirectMethodHandleAccessor.java:103)
	at java.base/java.lang.reflect.Method.invoke(Method.java:580)
	at org.mybatis.spring.SqlSessionTemplate$SqlSessionInterceptor.invoke(SqlSessionTemplate.java:425)
	... 141 common frames omitted
Caused by: org.springframework.jdbc.CannotGetJdbcConnectionException: Failed to obtain JDBC Connection
	at org.springframework.jdbc.datasource.DataSourceUtils.getConnection(DataSourceUtils.java:84)
	at org.mybatis.spring.transaction.SpringManagedTransaction.openConnection(SpringManagedTransaction.java:80)
	at org.mybatis.spring.transaction.SpringManagedTransaction.getConnection(SpringManagedTransaction.java:67)
	at org.apache.ibatis.executor.BaseExecutor.getConnection(BaseExecutor.java:348)
	at org.apache.ibatis.executor.SimpleExecutor.prepareStatement(SimpleExecutor.java:89)
	at org.apache.ibatis.executor.SimpleExecutor.doQuery(SimpleExecutor.java:64)
	at org.apache.ibatis.executor.BaseExecutor.queryFromDatabase(BaseExecutor.java:336)
	at org.apache.ibatis.executor.BaseExecutor.query(BaseExecutor.java:158)
	at org.apache.ibatis.executor.BaseExecutor.query(BaseExecutor.java:137)
	at org.apache.ibatis.session.defaults.DefaultSqlSession.selectList(DefaultSqlSession.java:154)
	... 146 common frames omitted
Caused by: org.postgresql.util.PSQLException: FATAL: role "${DB_USERNAME}" does not exist
	at org.postgresql.core.v3.QueryExecutorImpl.receiveErrorResponse(QueryExecutorImpl.java:2713)
	at org.postgresql.core.v3.QueryExecutorImpl.readStartupMessages(QueryExecutorImpl.java:2825)
	at org.postgresql.core.v3.QueryExecutorImpl.<init>(QueryExecutorImpl.java:175)
	at org.postgresql.core.v3.ConnectionFactoryImpl.openConnectionImpl(ConnectionFactoryImpl.java:313)
	at org.postgresql.core.ConnectionFactory.openConnection(ConnectionFactory.java:54)
	at org.postgresql.jdbc.PgConnection.<init>(PgConnection.java:263)
	at org.postgresql.Driver.makeConnection(Driver.java:443)
	at org.postgresql.Driver.connect(Driver.java:297)
	at com.zaxxer.hikari.util.DriverDataSource.getConnection(DriverDataSource.java:138)
	at com.zaxxer.hikari.pool.PoolBase.newConnection(PoolBase.java:359)
	at com.zaxxer.hikari.pool.PoolBase.newPoolEntry(PoolBase.java:201)
	at com.zaxxer.hikari.pool.HikariPool.createPoolEntry(HikariPool.java:470)
	at com.zaxxer.hikari.pool.HikariPool.checkFailFast(HikariPool.java:561)
	at com.zaxxer.hikari.pool.HikariPool.<init>(HikariPool.java:100)
	at com.zaxxer.hikari.HikariDataSource.getConnection(HikariDataSource.java:112)
	at org.springframework.jdbc.datasource.DataSourceUtils.fetchConnection(DataSourceUtils.java:160)
	at org.springframework.jdbc.datasource.DataSourceUtils.doGetConnection(DataSourceUtils.java:118)
	at org.springframework.jdbc.datasource.DataSourceUtils.getConnection(DataSourceUtils.java:81)
	... 155 common frames omitted
2026-08-29 15:08:15.089 [http-nio-8080-exec-5] ERROR com.zaxxer.hikari.pool.HikariPool - HikariPool-1 - Exception during pool initialization.
org.postgresql.util.PSQLException: FATAL: role "${DB_USERNAME}" does not exist
	at org.postgresql.core.v3.QueryExecutorImpl.receiveErrorResponse(QueryExecutorImpl.java:2713)
	at org.postgresql.core.v3.QueryExecutorImpl.readStartupMessages(QueryExecutorImpl.java:2825)
	at org.postgresql.core.v3.QueryExecutorImpl.<init>(QueryExecutorImpl.java:175)
	at org.postgresql.core.v3.ConnectionFactoryImpl.openConnectionImpl(ConnectionFactoryImpl.java:313)
	at org.postgresql.core.ConnectionFactory.openConnection(ConnectionFactory.java:54)
	at org.postgresql.jdbc.PgConnection.<init>(PgConnection.java:263)
	at org.postgresql.Driver.makeConnection(Driver.java:443)
	at org.postgresql.Driver.connect(Driver.java:297)
	at com.zaxxer.hikari.util.DriverDataSource.getConnection(DriverDataSource.java:138)
	at com.zaxxer.hikari.pool.PoolBase.newConnection(PoolBase.java:359)
	at com.zaxxer.hikari.pool.PoolBase.newPoolEntry(PoolBase.java:201)
	at com.zaxxer.hikari.pool.HikariPool.createPoolEntry(HikariPool.java:470)
	at com.zaxxer.hikari.pool.HikariPool.checkFailFast(HikariPool.java:561)
	at com.zaxxer.hikari.pool.HikariPool.<init>(HikariPool.java:100)
	at com.zaxxer.hikari.HikariDataSource.getConnection(HikariDataSource.java:112)
	at org.springframework.jdbc.datasource.DataSourceUtils.fetchConnection(DataSourceUtils.java:160)
	at org.springframework.jdbc.datasource.DataSourceUtils.doGetConnection(DataSourceUtils.java:118)
	at org.springframework.jdbc.datasource.DataSourceUtils.getConnection(DataSourceUtils.java:81)
	at org.mybatis.spring.transaction.SpringManagedTransaction.openConnection(SpringManagedTransaction.java:80)
	at org.mybatis.spring.transaction.SpringManagedTransaction.getConnection(SpringManagedTransaction.java:67)
	at org.apache.ibatis.executor.BaseExecutor.getConnection(BaseExecutor.java:348)
	at org.apache.ibatis.executor.SimpleExecutor.prepareStatement(SimpleExecutor.java:89)
	at org.apache.ibatis.executor.SimpleExecutor.doQuery(SimpleExecutor.java:64)
	at org.apache.ibatis.executor.BaseExecutor.queryFromDatabase(BaseExecutor.java:336)
	at org.apache.ibatis.executor.BaseExecutor.query(BaseExecutor.java:158)
	at org.apache.ibatis.executor.BaseExecutor.query(BaseExecutor.java:137)
	at org.apache.ibatis.session.defaults.DefaultSqlSession.selectList(DefaultSqlSession.java:154)
	at org.apache.ibatis.session.defaults.DefaultSqlSession.selectList(DefaultSqlSession.java:147)
	at org.apache.ibatis.session.defaults.DefaultSqlSession.selectList(DefaultSqlSession.java:142)
	at java.base/jdk.internal.reflect.DirectMethodHandleAccessor.invoke(DirectMethodHandleAccessor.java:103)
	at java.base/java.lang.reflect.Method.invoke(Method.java:580)
	at org.mybatis.spring.SqlSessionTemplate$SqlSessionInterceptor.invoke(SqlSessionTemplate.java:425)
	at jdk.proxy2/jdk.proxy2.$Proxy110.selectList(Unknown Source)
	at org.mybatis.spring.SqlSessionTemplate.selectList(SqlSessionTemplate.java:224)
	at com.baomidou.mybatisplus.core.override.MybatisMapperMethod.executeForMany(MybatisMapperMethod.java:164)
	at com.baomidou.mybatisplus.core.override.MybatisMapperMethod.execute(MybatisMapperMethod.java:77)
	at com.baomidou.mybatisplus.core.override.MybatisMapperProxy$PlainMethodInvoker.invoke(MybatisMapperProxy.java:149)
	at com.baomidou.mybatisplus.core.override.MybatisMapperProxy.invoke(MybatisMapperProxy.java:90)
	at jdk.proxy2/jdk.proxy2.$Proxy125.selectList(Unknown Source)
	at com.baomidou.mybatisplus.core.mapper.BaseMapper.selectOne(BaseMapper.java:223)
	at java.base/java.lang.invoke.MethodHandle.invokeWithArguments(MethodHandle.java:733)
	at com.baomidou.mybatisplus.core.override.MybatisMapperProxy$DefaultMethodInvoker.invoke(MybatisMapperProxy.java:163)
	at com.baomidou.mybatisplus.core.override.MybatisMapperProxy.invoke(MybatisMapperProxy.java:90)
	at jdk.proxy2/jdk.proxy2.$Proxy125.selectOne(Unknown Source)
	at com.baomidou.mybatisplus.core.mapper.BaseMapper.selectOne(BaseMapper.java:212)
	at java.base/java.lang.invoke.MethodHandle.invokeWithArguments(MethodHandle.java:733)
	at com.baomidou.mybatisplus.core.override.MybatisMapperProxy$DefaultMethodInvoker.invoke(MybatisMapperProxy.java:163)
	at com.baomidou.mybatisplus.core.override.MybatisMapperProxy.invoke(MybatisMapperProxy.java:90)
	at jdk.proxy2/jdk.proxy2.$Proxy125.selectOne(Unknown Source)
	at com.baomidou.mybatisplus.extension.conditions.query.ChainQuery.lambda$one$cd9f9c92$1(ChainQuery.java:59)
	at com.baomidou.mybatisplus.extension.conditions.ChainWrapper.execute(ChainWrapper.java:63)
	at com.baomidou.mybatisplus.extension.conditions.query.ChainQuery.one(ChainQuery.java:59)
	at com.aiservice.aireviewassistant.service.impl.AppUserServiceImpl.findByUsername(AppUserServiceImpl.java:44)
	at java.base/jdk.internal.reflect.DirectMethodHandleAccessor.invoke(DirectMethodHandleAccessor.java:103)
	at java.base/java.lang.reflect.Method.invoke(Method.java:580)
	at org.springframework.aop.support.AopUtils.invokeJoinpointUsingReflection(AopUtils.java:355)
	at org.springframework.aop.framework.CglibAopProxy$DynamicAdvisedInterceptor.intercept(CglibAopProxy.java:716)
	at com.aiservice.aireviewassistant.service.impl.AppUserServiceImpl$$SpringCGLIB$$0.findByUsername(<generated>)
	at com.aiservice.aireviewassistant.controller.AuthController.login(AuthController.java:46)
	at java.base/jdk.internal.reflect.DirectMethodHandleAccessor.invoke(DirectMethodHandleAccessor.java:103)
	at java.base/java.lang.reflect.Method.invoke(Method.java:580)
	at org.springframework.aop.support.AopUtils.invokeJoinpointUsingReflection(AopUtils.java:355)
	at org.springframework.aop.framework.ReflectiveMethodInvocation.invokeJoinpoint(ReflectiveMethodInvocation.java:196)
	at org.springframework.aop.framework.ReflectiveMethodInvocation.proceed(ReflectiveMethodInvocation.java:163)
	at org.springframework.aop.framework.CglibAopProxy$CglibMethodInvocation.proceed(CglibAopProxy.java:768)
	at org.springframework.validation.beanvalidation.MethodValidationInterceptor.invoke(MethodValidationInterceptor.java:174)
	at org.springframework.aop.framework.ReflectiveMethodInvocation.proceed(ReflectiveMethodInvocation.java:184)
	at org.springframework.aop.framework.CglibAopProxy$CglibMethodInvocation.proceed(CglibAopProxy.java:768)
	at org.springframework.aop.framework.CglibAopProxy$DynamicAdvisedInterceptor.intercept(CglibAopProxy.java:720)
	at com.aiservice.aireviewassistant.controller.AuthController$$SpringCGLIB$$0.login(<generated>)
	at java.base/jdk.internal.reflect.DirectMethodHandleAccessor.invoke(DirectMethodHandleAccessor.java:103)
	at java.base/java.lang.reflect.Method.invoke(Method.java:580)
	at org.springframework.web.method.support.InvocableHandlerMethod.doInvoke(InvocableHandlerMethod.java:255)
	at org.springframework.web.method.support.InvocableHandlerMethod.invokeForRequest(InvocableHandlerMethod.java:188)
	at org.springframework.web.servlet.mvc.method.annotation.ServletInvocableHandlerMethod.invokeAndHandle(ServletInvocableHandlerMethod.java:118)
	at org.springframework.web.servlet.mvc.method.annotation.RequestMappingHandlerAdapter.invokeHandlerMethod(RequestMappingHandlerAdapter.java:926)
	at org.springframework.web.servlet.mvc.method.annotation.RequestMappingHandlerAdapter.handleInternal(RequestMappingHandlerAdapter.java:831)
	at org.springframework.web.servlet.mvc.method.AbstractHandlerMethodAdapter.handle(AbstractHandlerMethodAdapter.java:87)
	at org.springframework.web.servlet.DispatcherServlet.doDispatch(DispatcherServlet.java:1089)
	at org.springframework.web.servlet.DispatcherServlet.doService(DispatcherServlet.java:979)
	at org.springframework.web.servlet.FrameworkServlet.processRequest(FrameworkServlet.java:1014)
	at org.springframework.web.servlet.FrameworkServlet.doPost(FrameworkServlet.java:914)
	at jakarta.servlet.http.HttpServlet.service(HttpServlet.java:590)
	at org.springframework.web.servlet.FrameworkServlet.service(FrameworkServlet.java:885)
	at jakarta.servlet.http.HttpServlet.service(HttpServlet.java:658)
	at org.apache.catalina.core.ApplicationFilterChain.internalDoFilter(ApplicationFilterChain.java:195)
	at org.apache.catalina.core.ApplicationFilterChain.doFilter(ApplicationFilterChain.java:140)
	at org.apache.tomcat.websocket.server.WsFilter.doFilter(WsFilter.java:51)
	at org.apache.catalina.core.ApplicationFilterChain.internalDoFilter(ApplicationFilterChain.java:164)
	at org.apache.catalina.core.ApplicationFilterChain.doFilter(ApplicationFilterChain.java:140)
	at org.springframework.web.filter.CompositeFilter$VirtualFilterChain.doFilter(CompositeFilter.java:108)
	at org.springframework.security.web.FilterChainProxy.lambda$doFilterInternal$3(FilterChainProxy.java:231)
	at org.springframework.security.web.ObservationFilterChainDecorator$FilterObservation$SimpleFilterObservation.lambda$wrap$1(ObservationFilterChainDecorator.java:479)
	at org.springframework.security.web.ObservationFilterChainDecorator$AroundFilterObservation$SimpleAroundFilterObservation.lambda$wrap$1(ObservationFilterChainDecorator.java:340)
	at org.springframework.security.web.ObservationFilterChainDecorator.lambda$wrapSecured$0(ObservationFilterChainDecorator.java:82)
	at org.springframework.security.web.ObservationFilterChainDecorator$VirtualFilterChain.doFilter(ObservationFilterChainDecorator.java:128)
	at org.springframework.security.web.access.intercept.AuthorizationFilter.doFilter(AuthorizationFilter.java:100)
	at org.springframework.security.web.ObservationFilterChainDecorator$ObservationFilter.wrapFilter(ObservationFilterChainDecorator.java:240)
	at org.springframework.security.web.ObservationFilterChainDecorator$ObservationFilter.doFilter(ObservationFilterChainDecorator.java:227)
	at org.springframework.security.web.ObservationFilterChainDecorator$VirtualFilterChain.doFilter(ObservationFilterChainDecorator.java:137)
	at org.springframework.security.web.access.ExceptionTranslationFilter.doFilter(ExceptionTranslationFilter.java:126)
	at org.springframework.security.web.access.ExceptionTranslationFilter.doFilter(ExceptionTranslationFilter.java:120)
	at org.springframework.security.web.ObservationFilterChainDecorator$ObservationFilter.wrapFilter(ObservationFilterChainDecorator.java:240)
	at org.springframework.security.web.ObservationFilterChainDecorator$ObservationFilter.doFilter(ObservationFilterChainDecorator.java:227)
	at org.springframework.security.web.ObservationFilterChainDecorator$VirtualFilterChain.doFilter(ObservationFilterChainDecorator.java:137)
	at org.springframework.security.web.session.SessionManagementFilter.doFilter(SessionManagementFilter.java:131)
	at org.springframework.security.web.session.SessionManagementFilter.doFilter(SessionManagementFilter.java:85)
	at org.springframework.security.web.ObservationFilterChainDecorator$ObservationFilter.wrapFilter(ObservationFilterChainDecorator.java:240)
	at org.springframework.security.web.ObservationFilterChainDecorator$ObservationFilter.doFilter(ObservationFilterChainDecorator.java:227)
	at org.springframework.security.web.ObservationFilterChainDecorator$VirtualFilterChain.doFilter(ObservationFilterChainDecorator.java:137)
	at org.springframework.security.web.authentication.AnonymousAuthenticationFilter.doFilter(AnonymousAuthenticationFilter.java:100)
	at org.springframework.security.web.ObservationFilterChainDecorator$ObservationFilter.wrapFilter(ObservationFilterChainDecorator.java:240)
	at org.springframework.security.web.ObservationFilterChainDecorator$ObservationFilter.doFilter(ObservationFilterChainDecorator.java:227)
	at org.springframework.security.web.ObservationFilterChainDecorator$VirtualFilterChain.doFilter(ObservationFilterChainDecorator.java:137)
	at org.springframework.security.web.servletapi.SecurityContextHolderAwareRequestFilter.doFilter(SecurityContextHolderAwareRequestFilter.java:179)
	at org.springframework.security.web.ObservationFilterChainDecorator$ObservationFilter.wrapFilter(ObservationFilterChainDecorator.java:240)
	at org.springframework.security.web.ObservationFilterChainDecorator$ObservationFilter.doFilter(ObservationFilterChainDecorator.java:227)
	at org.springframework.security.web.ObservationFilterChainDecorator$VirtualFilterChain.doFilter(ObservationFilterChainDecorator.java:137)
	at org.springframework.security.web.savedrequest.RequestCacheAwareFilter.doFilter(RequestCacheAwareFilter.java:63)
	at org.springframework.security.web.ObservationFilterChainDecorator$ObservationFilter.wrapFilter(ObservationFilterChainDecorator.java:240)
	at org.springframework.security.web.ObservationFilterChainDecorator$ObservationFilter.doFilter(ObservationFilterChainDecorator.java:227)
	at org.springframework.security.web.ObservationFilterChainDecorator$VirtualFilterChain.doFilter(ObservationFilterChainDecorator.java:137)
	at com.aiservice.aireviewassistant.security.JwtAuthenticationFilter.doFilterInternal(JwtAuthenticationFilter.java:54)
	at org.springframework.web.filter.OncePerRequestFilter.doFilter(OncePerRequestFilter.java:116)
	at org.springframework.security.web.ObservationFilterChainDecorator$ObservationFilter.wrapFilter(ObservationFilterChainDecorator.java:240)
	at org.springframework.security.web.ObservationFilterChainDecorator$ObservationFilter.doFilter(ObservationFilterChainDecorator.java:227)
	at org.springframework.security.web.ObservationFilterChainDecorator$VirtualFilterChain.doFilter(ObservationFilterChainDecorator.java:137)
	at org.springframework.security.web.authentication.logout.LogoutFilter.doFilter(LogoutFilter.java:107)
	at org.springframework.security.web.authentication.logout.LogoutFilter.doFilter(LogoutFilter.java:93)
	at org.springframework.security.web.ObservationFilterChainDecorator$ObservationFilter.wrapFilter(ObservationFilterChainDecorator.java:240)
	at org.springframework.security.web.ObservationFilterChainDecorator$ObservationFilter.doFilter(ObservationFilterChainDecorator.java:227)
	at org.springframework.security.web.ObservationFilterChainDecorator$VirtualFilterChain.doFilter(ObservationFilterChainDecorator.java:137)
	at org.springframework.security.web.header.HeaderWriterFilter.doHeadersAfter(HeaderWriterFilter.java:90)
	at org.springframework.security.web.header.HeaderWriterFilter.doFilterInternal(HeaderWriterFilter.java:75)
	at org.springframework.web.filter.OncePerRequestFilter.doFilter(OncePerRequestFilter.java:116)
	at org.springframework.security.web.ObservationFilterChainDecorator$ObservationFilter.wrapFilter(ObservationFilterChainDecorator.java:240)
	at org.springframework.security.web.ObservationFilterChainDecorator$ObservationFilter.doFilter(ObservationFilterChainDecorator.java:227)
	at org.springframework.security.web.ObservationFilterChainDecorator$VirtualFilterChain.doFilter(ObservationFilterChainDecorator.java:137)
	at org.springframework.security.web.context.SecurityContextHolderFilter.doFilter(SecurityContextHolderFilter.java:82)
	at org.springframework.security.web.context.SecurityContextHolderFilter.doFilter(SecurityContextHolderFilter.java:69)
	at org.springframework.security.web.ObservationFilterChainDecorator$ObservationFilter.wrapFilter(ObservationFilterChainDecorator.java:240)
	at org.springframework.security.web.ObservationFilterChainDecorator$ObservationFilter.doFilter(ObservationFilterChainDecorator.java:227)
	at org.springframework.security.web.ObservationFilterChainDecorator$VirtualFilterChain.doFilter(ObservationFilterChainDecorator.java:137)
	at org.springframework.security.web.context.request.async.WebAsyncManagerIntegrationFilter.doFilterInternal(WebAsyncManagerIntegrationFilter.java:62)
	at org.springframework.web.filter.OncePerRequestFilter.doFilter(OncePerRequestFilter.java:116)
	at org.springframework.security.web.ObservationFilterChainDecorator$ObservationFilter.wrapFilter(ObservationFilterChainDecorator.java:240)
	at org.springframework.security.web.ObservationFilterChainDecorator$ObservationFilter.doFilter(ObservationFilterChainDecorator.java:227)
	at org.springframework.security.web.ObservationFilterChainDecorator$VirtualFilterChain.doFilter(ObservationFilterChainDecorator.java:137)
	at org.springframework.security.web.session.DisableEncodeUrlFilter.doFilterInternal(DisableEncodeUrlFilter.java:42)
	at org.springframework.web.filter.OncePerRequestFilter.doFilter(OncePerRequestFilter.java:116)
	at org.springframework.security.web.ObservationFilterChainDecorator$ObservationFilter.wrapFilter(ObservationFilterChainDecorator.java:240)
	at org.springframework.security.web.ObservationFilterChainDecorator$AroundFilterObservation$SimpleAroundFilterObservation.lambda$wrap$0(ObservationFilterChainDecorator.java:323)
	at org.springframework.security.web.ObservationFilterChainDecorator$ObservationFilter.doFilter(ObservationFilterChainDecorator.java:224)
	at org.springframework.security.web.ObservationFilterChainDecorator$VirtualFilterChain.doFilter(ObservationFilterChainDecorator.java:137)
	at org.springframework.security.web.FilterChainProxy.doFilterInternal(FilterChainProxy.java:233)
	at org.springframework.security.web.FilterChainProxy.doFilter(FilterChainProxy.java:191)
	at org.springframework.web.filter.CompositeFilter$VirtualFilterChain.doFilter(CompositeFilter.java:113)
	at org.springframework.web.servlet.handler.HandlerMappingIntrospector.lambda$createCacheFilter$3(HandlerMappingIntrospector.java:195)
	at org.springframework.web.filter.CompositeFilter$VirtualFilterChain.doFilter(CompositeFilter.java:113)
	at org.springframework.web.filter.CompositeFilter.doFilter(CompositeFilter.java:74)
	at org.springframework.security.config.annotation.web.configuration.WebMvcSecurityConfiguration$CompositeFilterChainProxy.doFilter(WebMvcSecurityConfiguration.java:230)
	at org.springframework.web.filter.DelegatingFilterProxy.invokeDelegate(DelegatingFilterProxy.java:352)
	at org.springframework.web.filter.DelegatingFilterProxy.doFilter(DelegatingFilterProxy.java:268)
	at org.apache.catalina.core.ApplicationFilterChain.internalDoFilter(ApplicationFilterChain.java:164)
	at org.apache.catalina.core.ApplicationFilterChain.doFilter(ApplicationFilterChain.java:140)
	at org.springframework.web.filter.RequestContextFilter.doFilterInternal(RequestContextFilter.java:100)
	at org.springframework.web.filter.OncePerRequestFilter.doFilter(OncePerRequestFilter.java:116)
	at org.apache.catalina.core.ApplicationFilterChain.internalDoFilter(ApplicationFilterChain.java:164)
	at org.apache.catalina.core.ApplicationFilterChain.doFilter(ApplicationFilterChain.java:140)
	at org.springframework.web.filter.FormContentFilter.doFilterInternal(FormContentFilter.java:93)
	at org.springframework.web.filter.OncePerRequestFilter.doFilter(OncePerRequestFilter.java:116)
	at org.apache.catalina.core.ApplicationFilterChain.internalDoFilter(ApplicationFilterChain.java:164)
	at org.apache.catalina.core.ApplicationFilterChain.doFilter(ApplicationFilterChain.java:140)
	at org.springframework.web.filter.ServerHttpObservationFilter.doFilterInternal(ServerHttpObservationFilter.java:113)
	at org.springframework.web.filter.OncePerRequestFilter.doFilter(OncePerRequestFilter.java:116)
	at org.apache.catalina.core.ApplicationFilterChain.internalDoFilter(ApplicationFilterChain.java:164)
	at org.apache.catalina.core.ApplicationFilterChain.doFilter(ApplicationFilterChain.java:140)
	at org.springframework.web.filter.CharacterEncodingFilter.doFilterInternal(CharacterEncodingFilter.java:201)
	at org.springframework.web.filter.OncePerRequestFilter.doFilter(OncePerRequestFilter.java:116)
	at org.apache.catalina.core.ApplicationFilterChain.internalDoFilter(ApplicationFilterChain.java:164)
	at org.apache.catalina.core.ApplicationFilterChain.doFilter(ApplicationFilterChain.java:140)
	at org.apache.catalina.core.StandardWrapperValve.invoke(StandardWrapperValve.java:167)
	at org.apache.catalina.core.StandardContextValve.invoke(StandardContextValve.java:90)
	at org.apache.catalina.authenticator.AuthenticatorBase.invoke(AuthenticatorBase.java:483)
	at org.apache.catalina.core.StandardHostValve.invoke(StandardHostValve.java:115)
	at org.apache.catalina.valves.ErrorReportValve.invoke(ErrorReportValve.java:93)
	at org.apache.catalina.core.StandardEngineValve.invoke(StandardEngineValve.java:74)
	at org.apache.catalina.connector.CoyoteAdapter.service(CoyoteAdapter.java:344)
	at org.apache.coyote.http11.Http11Processor.service(Http11Processor.java:384)
	at org.apache.coyote.AbstractProcessorLight.process(AbstractProcessorLight.java:63)
	at org.apache.coyote.AbstractProtocol$ConnectionHandler.process(AbstractProtocol.java:905)
	at org.apache.tomcat.util.net.NioEndpoint$SocketProcessor.doRun(NioEndpoint.java:1741)
	at org.apache.tomcat.util.net.SocketProcessorBase.run(SocketProcessorBase.java:52)
	at org.apache.tomcat.util.threads.ThreadPoolExecutor.runWorker(ThreadPoolExecutor.java:1190)
	at org.apache.tomcat.util.threads.ThreadPoolExecutor$Worker.run(ThreadPoolExecutor.java:659)
	at org.apache.tomcat.util.threads.TaskThread$WrappingRunnable.run(TaskThread.java:63)
	at java.base/java.lang.Thread.run(Thread.java:1570)
2026-08-29 15:08:15.094 [http-nio-8080-exec-5] ERROR c.a.a.e.GlobalExceptionHandler - 运行时异常: null
org.mybatis.spring.MyBatisSystemException: null
	at org.mybatis.spring.MyBatisExceptionTranslator.translateExceptionIfPossible(MyBatisExceptionTranslator.java:97)
	at org.mybatis.spring.SqlSessionTemplate$SqlSessionInterceptor.invoke(SqlSessionTemplate.java:439)
	at jdk.proxy2/jdk.proxy2.$Proxy110.selectList(Unknown Source)
	at org.mybatis.spring.SqlSessionTemplate.selectList(SqlSessionTemplate.java:224)
	at com.baomidou.mybatisplus.core.override.MybatisMapperMethod.executeForMany(MybatisMapperMethod.java:164)
	at com.baomidou.mybatisplus.core.override.MybatisMapperMethod.execute(MybatisMapperMethod.java:77)
	at com.baomidou.mybatisplus.core.override.MybatisMapperProxy$PlainMethodInvoker.invoke(MybatisMapperProxy.java:149)
	at com.baomidou.mybatisplus.core.override.MybatisMapperProxy.invoke(MybatisMapperProxy.java:90)
	at jdk.proxy2/jdk.proxy2.$Proxy125.selectList(Unknown Source)
	at com.baomidou.mybatisplus.core.mapper.BaseMapper.selectOne(BaseMapper.java:223)
	at java.base/java.lang.invoke.MethodHandle.invokeWithArguments(MethodHandle.java:733)
	at com.baomidou.mybatisplus.core.override.MybatisMapperProxy$DefaultMethodInvoker.invoke(MybatisMapperProxy.java:163)
	at com.baomidou.mybatisplus.core.override.MybatisMapperProxy.invoke(MybatisMapperProxy.java:90)
	at jdk.proxy2/jdk.proxy2.$Proxy125.selectOne(Unknown Source)
	at com.baomidou.mybatisplus.core.mapper.BaseMapper.selectOne(BaseMapper.java:212)
	at java.base/java.lang.invoke.MethodHandle.invokeWithArguments(MethodHandle.java:733)
	at com.baomidou.mybatisplus.core.override.MybatisMapperProxy$DefaultMethodInvoker.invoke(MybatisMapperProxy.java:163)
	at com.baomidou.mybatisplus.core.override.MybatisMapperProxy.invoke(MybatisMapperProxy.java:90)
	at jdk.proxy2/jdk.proxy2.$Proxy125.selectOne(Unknown Source)
	at com.baomidou.mybatisplus.extension.conditions.query.ChainQuery.lambda$one$cd9f9c92$1(ChainQuery.java:59)
	at com.baomidou.mybatisplus.extension.conditions.ChainWrapper.execute(ChainWrapper.java:63)
	at com.baomidou.mybatisplus.extension.conditions.query.ChainQuery.one(ChainQuery.java:59)
	at com.aiservice.aireviewassistant.service.impl.AppUserServiceImpl.findByUsername(AppUserServiceImpl.java:44)
	at java.base/jdk.internal.reflect.DirectMethodHandleAccessor.invoke(DirectMethodHandleAccessor.java:103)
	at java.base/java.lang.reflect.Method.invoke(Method.java:580)
	at org.springframework.aop.support.AopUtils.invokeJoinpointUsingReflection(AopUtils.java:355)
	at org.springframework.aop.framework.CglibAopProxy$DynamicAdvisedInterceptor.intercept(CglibAopProxy.java:716)
	at com.aiservice.aireviewassistant.service.impl.AppUserServiceImpl$$SpringCGLIB$$0.findByUsername(<generated>)
	at com.aiservice.aireviewassistant.controller.AuthController.login(AuthController.java:46)
	at java.base/jdk.internal.reflect.DirectMethodHandleAccessor.invoke(DirectMethodHandleAccessor.java:103)
	at java.base/java.lang.reflect.Method.invoke(Method.java:580)
	at org.springframework.aop.support.AopUtils.invokeJoinpointUsingReflection(AopUtils.java:355)
	at org.springframework.aop.framework.ReflectiveMethodInvocation.invokeJoinpoint(ReflectiveMethodInvocation.java:196)
	at org.springframework.aop.framework.ReflectiveMethodInvocation.proceed(ReflectiveMethodInvocation.java:163)
	at org.springframework.aop.framework.CglibAopProxy$CglibMethodInvocation.proceed(CglibAopProxy.java:768)
	at org.springframework.validation.beanvalidation.MethodValidationInterceptor.invoke(MethodValidationInterceptor.java:174)
	at org.springframework.aop.framework.ReflectiveMethodInvocation.proceed(ReflectiveMethodInvocation.java:184)
	at org.springframework.aop.framework.CglibAopProxy$CglibMethodInvocation.proceed(CglibAopProxy.java:768)
	at org.springframework.aop.framework.CglibAopProxy$DynamicAdvisedInterceptor.intercept(CglibAopProxy.java:720)
	at com.aiservice.aireviewassistant.controller.AuthController$$SpringCGLIB$$0.login(<generated>)
	at java.base/jdk.internal.reflect.DirectMethodHandleAccessor.invoke(DirectMethodHandleAccessor.java:103)
	at java.base/java.lang.reflect.Method.invoke(Method.java:580)
	at org.springframework.web.method.support.InvocableHandlerMethod.doInvoke(InvocableHandlerMethod.java:255)
	at org.springframework.web.method.support.InvocableHandlerMethod.invokeForRequest(InvocableHandlerMethod.java:188)
	at org.springframework.web.servlet.mvc.method.annotation.ServletInvocableHandlerMethod.invokeAndHandle(ServletInvocableHandlerMethod.java:118)
	at org.springframework.web.servlet.mvc.method.annotation.RequestMappingHandlerAdapter.invokeHandlerMethod(RequestMappingHandlerAdapter.java:926)
	at org.springframework.web.servlet.mvc.method.annotation.RequestMappingHandlerAdapter.handleInternal(RequestMappingHandlerAdapter.java:831)
	at org.springframework.web.servlet.mvc.method.AbstractHandlerMethodAdapter.handle(AbstractHandlerMethodAdapter.java:87)
	at org.springframework.web.servlet.DispatcherServlet.doDispatch(DispatcherServlet.java:1089)
	at org.springframework.web.servlet.DispatcherServlet.doService(DispatcherServlet.java:979)
	at org.springframework.web.servlet.FrameworkServlet.processRequest(FrameworkServlet.java:1014)
	at org.springframework.web.servlet.FrameworkServlet.doPost(FrameworkServlet.java:914)
	at jakarta.servlet.http.HttpServlet.service(HttpServlet.java:590)
	at org.springframework.web.servlet.FrameworkServlet.service(FrameworkServlet.java:885)
	at jakarta.servlet.http.HttpServlet.service(HttpServlet.java:658)
	at org.apache.catalina.core.ApplicationFilterChain.internalDoFilter(ApplicationFilterChain.java:195)
	at org.apache.catalina.core.ApplicationFilterChain.doFilter(ApplicationFilterChain.java:140)
	at org.apache.tomcat.websocket.server.WsFilter.doFilter(WsFilter.java:51)
	at org.apache.catalina.core.ApplicationFilterChain.internalDoFilter(ApplicationFilterChain.java:164)
	at org.apache.catalina.core.ApplicationFilterChain.doFilter(ApplicationFilterChain.java:140)
	at org.springframework.web.filter.CompositeFilter$VirtualFilterChain.doFilter(CompositeFilter.java:108)
	at org.springframework.security.web.FilterChainProxy.lambda$doFilterInternal$3(FilterChainProxy.java:231)
	at org.springframework.security.web.ObservationFilterChainDecorator$FilterObservation$SimpleFilterObservation.lambda$wrap$1(ObservationFilterChainDecorator.java:479)
	at org.springframework.security.web.ObservationFilterChainDecorator$AroundFilterObservation$SimpleAroundFilterObservation.lambda$wrap$1(ObservationFilterChainDecorator.java:340)
	at org.springframework.security.web.ObservationFilterChainDecorator.lambda$wrapSecured$0(ObservationFilterChainDecorator.java:82)
	at org.springframework.security.web.ObservationFilterChainDecorator$VirtualFilterChain.doFilter(ObservationFilterChainDecorator.java:128)
	at org.springframework.security.web.access.intercept.AuthorizationFilter.doFilter(AuthorizationFilter.java:100)
	at org.springframework.security.web.ObservationFilterChainDecorator$ObservationFilter.wrapFilter(ObservationFilterChainDecorator.java:240)
	at org.springframework.security.web.ObservationFilterChainDecorator$ObservationFilter.doFilter(ObservationFilterChainDecorator.java:227)
	at org.springframework.security.web.ObservationFilterChainDecorator$VirtualFilterChain.doFilter(ObservationFilterChainDecorator.java:137)
	at org.springframework.security.web.access.ExceptionTranslationFilter.doFilter(ExceptionTranslationFilter.java:126)
	at org.springframework.security.web.access.ExceptionTranslationFilter.doFilter(ExceptionTranslationFilter.java:120)
	at org.springframework.security.web.ObservationFilterChainDecorator$ObservationFilter.wrapFilter(ObservationFilterChainDecorator.java:240)
	at org.springframework.security.web.ObservationFilterChainDecorator$ObservationFilter.doFilter(ObservationFilterChainDecorator.java:227)
	at org.springframework.security.web.ObservationFilterChainDecorator$VirtualFilterChain.doFilter(ObservationFilterChainDecorator.java:137)
	at org.springframework.security.web.session.SessionManagementFilter.doFilter(SessionManagementFilter.java:131)
	at org.springframework.security.web.session.SessionManagementFilter.doFilter(SessionManagementFilter.java:85)
	at org.springframework.security.web.ObservationFilterChainDecorator$ObservationFilter.wrapFilter(ObservationFilterChainDecorator.java:240)
	at org.springframework.security.web.ObservationFilterChainDecorator$ObservationFilter.doFilter(ObservationFilterChainDecorator.java:227)
	at org.springframework.security.web.ObservationFilterChainDecorator$VirtualFilterChain.doFilter(ObservationFilterChainDecorator.java:137)
	at org.springframework.security.web.authentication.AnonymousAuthenticationFilter.doFilter(AnonymousAuthenticationFilter.java:100)
	at org.springframework.security.web.ObservationFilterChainDecorator$ObservationFilter.wrapFilter(ObservationFilterChainDecorator.java:240)
	at org.springframework.security.web.ObservationFilterChainDecorator$ObservationFilter.doFilter(ObservationFilterChainDecorator.java:227)
	at org.springframework.security.web.ObservationFilterChainDecorator$VirtualFilterChain.doFilter(ObservationFilterChainDecorator.java:137)
	at org.springframework.security.web.servletapi.SecurityContextHolderAwareRequestFilter.doFilter(SecurityContextHolderAwareRequestFilter.java:179)
	at org.springframework.security.web.ObservationFilterChainDecorator$ObservationFilter.wrapFilter(ObservationFilterChainDecorator.java:240)
	at org.springframework.security.web.ObservationFilterChainDecorator$ObservationFilter.doFilter(ObservationFilterChainDecorator.java:227)
	at org.springframework.security.web.ObservationFilterChainDecorator$VirtualFilterChain.doFilter(ObservationFilterChainDecorator.java:137)
	at org.springframework.security.web.savedrequest.RequestCacheAwareFilter.doFilter(RequestCacheAwareFilter.java:63)
	at org.springframework.security.web.ObservationFilterChainDecorator$ObservationFilter.wrapFilter(ObservationFilterChainDecorator.java:240)
	at org.springframework.security.web.ObservationFilterChainDecorator$ObservationFilter.doFilter(ObservationFilterChainDecorator.java:227)
	at org.springframework.security.web.ObservationFilterChainDecorator$VirtualFilterChain.doFilter(ObservationFilterChainDecorator.java:137)
	at com.aiservice.aireviewassistant.security.JwtAuthenticationFilter.doFilterInternal(JwtAuthenticationFilter.java:54)
	at org.springframework.web.filter.OncePerRequestFilter.doFilter(OncePerRequestFilter.java:116)
	at org.springframework.security.web.ObservationFilterChainDecorator$ObservationFilter.wrapFilter(ObservationFilterChainDecorator.java:240)
	at org.springframework.security.web.ObservationFilterChainDecorator$ObservationFilter.doFilter(ObservationFilterChainDecorator.java:227)
	at org.springframework.security.web.ObservationFilterChainDecorator$VirtualFilterChain.doFilter(ObservationFilterChainDecorator.java:137)
	at org.springframework.security.web.authentication.logout.LogoutFilter.doFilter(LogoutFilter.java:107)
	at org.springframework.security.web.authentication.logout.LogoutFilter.doFilter(LogoutFilter.java:93)
	at org.springframework.security.web.ObservationFilterChainDecorator$ObservationFilter.wrapFilter(ObservationFilterChainDecorator.java:240)
	at org.springframework.security.web.ObservationFilterChainDecorator$ObservationFilter.doFilter(ObservationFilterChainDecorator.java:227)
	at org.springframework.security.web.ObservationFilterChainDecorator$VirtualFilterChain.doFilter(ObservationFilterChainDecorator.java:137)
	at org.springframework.security.web.header.HeaderWriterFilter.doHeadersAfter(HeaderWriterFilter.java:90)
	at org.springframework.security.web.header.HeaderWriterFilter.doFilterInternal(HeaderWriterFilter.java:75)
	at org.springframework.web.filter.OncePerRequestFilter.doFilter(OncePerRequestFilter.java:116)
	at org.springframework.security.web.ObservationFilterChainDecorator$ObservationFilter.wrapFilter(ObservationFilterChainDecorator.java:240)
	at org.springframework.security.web.ObservationFilterChainDecorator$ObservationFilter.doFilter(ObservationFilterChainDecorator.java:227)
	at org.springframework.security.web.ObservationFilterChainDecorator$VirtualFilterChain.doFilter(ObservationFilterChainDecorator.java:137)
	at org.springframework.security.web.context.SecurityContextHolderFilter.doFilter(SecurityContextHolderFilter.java:82)
	at org.springframework.security.web.context.SecurityContextHolderFilter.doFilter(SecurityContextHolderFilter.java:69)
	at org.springframework.security.web.ObservationFilterChainDecorator$ObservationFilter.wrapFilter(ObservationFilterChainDecorator.java:240)
	at org.springframework.security.web.ObservationFilterChainDecorator$ObservationFilter.doFilter(ObservationFilterChainDecorator.java:227)
	at org.springframework.security.web.ObservationFilterChainDecorator$VirtualFilterChain.doFilter(ObservationFilterChainDecorator.java:137)
	at org.springframework.security.web.context.request.async.WebAsyncManagerIntegrationFilter.doFilterInternal(WebAsyncManagerIntegrationFilter.java:62)
	at org.springframework.web.filter.OncePerRequestFilter.doFilter(OncePerRequestFilter.java:116)
	at org.springframework.security.web.ObservationFilterChainDecorator$ObservationFilter.wrapFilter(ObservationFilterChainDecorator.java:240)
	at org.springframework.security.web.ObservationFilterChainDecorator$ObservationFilter.doFilter(ObservationFilterChainDecorator.java:227)
	at org.springframework.security.web.ObservationFilterChainDecorator$VirtualFilterChain.doFilter(ObservationFilterChainDecorator.java:137)
	at org.springframework.security.web.session.DisableEncodeUrlFilter.doFilterInternal(DisableEncodeUrlFilter.java:42)
	at org.springframework.web.filter.OncePerRequestFilter.doFilter(OncePerRequestFilter.java:116)
	at org.springframework.security.web.ObservationFilterChainDecorator$ObservationFilter.wrapFilter(ObservationFilterChainDecorator.java:240)
	at org.springframework.security.web.ObservationFilterChainDecorator$AroundFilterObservation$SimpleAroundFilterObservation.lambda$wrap$0(ObservationFilterChainDecorator.java:323)
	at org.springframework.security.web.ObservationFilterChainDecorator$ObservationFilter.doFilter(ObservationFilterChainDecorator.java:224)
	at org.springframework.security.web.ObservationFilterChainDecorator$VirtualFilterChain.doFilter(ObservationFilterChainDecorator.java:137)
	at org.springframework.security.web.FilterChainProxy.doFilterInternal(FilterChainProxy.java:233)
	at org.springframework.security.web.FilterChainProxy.doFilter(FilterChainProxy.java:191)
	at org.springframework.web.filter.CompositeFilter$VirtualFilterChain.doFilter(CompositeFilter.java:113)
	at org.springframework.web.servlet.handler.HandlerMappingIntrospector.lambda$createCacheFilter$3(HandlerMappingIntrospector.java:195)
	at org.springframework.web.filter.CompositeFilter$VirtualFilterChain.doFilter(CompositeFilter.java:113)
	at org.springframework.web.filter.CompositeFilter.doFilter(CompositeFilter.java:74)
	at org.springframework.security.config.annotation.web.configuration.WebMvcSecurityConfiguration$CompositeFilterChainProxy.doFilter(WebMvcSecurityConfiguration.java:230)
	at org.springframework.web.filter.DelegatingFilterProxy.invokeDelegate(DelegatingFilterProxy.java:352)
	at org.springframework.web.filter.DelegatingFilterProxy.doFilter(DelegatingFilterProxy.java:268)
	at org.apache.catalina.core.ApplicationFilterChain.internalDoFilter(ApplicationFilterChain.java:164)
	at org.apache.catalina.core.ApplicationFilterChain.doFilter(ApplicationFilterChain.java:140)
	at org.springframework.web.filter.RequestContextFilter.doFilterInternal(RequestContextFilter.java:100)
	at org.springframework.web.filter.OncePerRequestFilter.doFilter(OncePerRequestFilter.java:116)
	at org.apache.catalina.core.ApplicationFilterChain.internalDoFilter(ApplicationFilterChain.java:164)
	at org.apache.catalina.core.ApplicationFilterChain.doFilter(ApplicationFilterChain.java:140)
	at org.springframework.web.filter.FormContentFilter.doFilterInternal(FormContentFilter.java:93)
	at org.springframework.web.filter.OncePerRequestFilter.doFilter(OncePerRequestFilter.java:116)
	at org.apache.catalina.core.ApplicationFilterChain.internalDoFilter(ApplicationFilterChain.java:164)
	at org.apache.catalina.core.ApplicationFilterChain.doFilter(ApplicationFilterChain.java:140)
	at org.springframework.web.filter.ServerHttpObservationFilter.doFilterInternal(ServerHttpObservationFilter.java:113)
	at org.springframework.web.filter.OncePerRequestFilter.doFilter(OncePerRequestFilter.java:116)
	at org.apache.catalina.core.ApplicationFilterChain.internalDoFilter(ApplicationFilterChain.java:164)
	at org.apache.catalina.core.ApplicationFilterChain.doFilter(ApplicationFilterChain.java:140)
	at org.springframework.web.filter.CharacterEncodingFilter.doFilterInternal(CharacterEncodingFilter.java:201)
	at org.springframework.web.filter.OncePerRequestFilter.doFilter(OncePerRequestFilter.java:116)
	at org.apache.catalina.core.ApplicationFilterChain.internalDoFilter(ApplicationFilterChain.java:164)
	at org.apache.catalina.core.ApplicationFilterChain.doFilter(ApplicationFilterChain.java:140)
	at org.apache.catalina.core.StandardWrapperValve.invoke(StandardWrapperValve.java:167)
	at org.apache.catalina.core.StandardContextValve.invoke(StandardContextValve.java:90)
	at org.apache.catalina.authenticator.AuthenticatorBase.invoke(AuthenticatorBase.java:483)
	at org.apache.catalina.core.StandardHostValve.invoke(StandardHostValve.java:115)
	at org.apache.catalina.valves.ErrorReportValve.invoke(ErrorReportValve.java:93)
	at org.apache.catalina.core.StandardEngineValve.invoke(StandardEngineValve.java:74)
	at org.apache.catalina.connector.CoyoteAdapter.service(CoyoteAdapter.java:344)
	at org.apache.coyote.http11.Http11Processor.service(Http11Processor.java:384)
	at org.apache.coyote.AbstractProcessorLight.process(AbstractProcessorLight.java:63)
	at org.apache.coyote.AbstractProtocol$ConnectionHandler.process(AbstractProtocol.java:905)
	at org.apache.tomcat.util.net.NioEndpoint$SocketProcessor.doRun(NioEndpoint.java:1741)
	at org.apache.tomcat.util.net.SocketProcessorBase.run(SocketProcessorBase.java:52)
	at org.apache.tomcat.util.threads.ThreadPoolExecutor.runWorker(ThreadPoolExecutor.java:1190)
	at org.apache.tomcat.util.threads.ThreadPoolExecutor$Worker.run(ThreadPoolExecutor.java:659)
	at org.apache.tomcat.util.threads.TaskThread$WrappingRunnable.run(TaskThread.java:63)
	at java.base/java.lang.Thread.run(Thread.java:1570)
Caused by: org.apache.ibatis.exceptions.PersistenceException: 
### Error querying database.  Cause: org.springframework.jdbc.CannotGetJdbcConnectionException: Failed to obtain JDBC Connection
### The error may exist in com/aiservice/aireviewassistant/mapper/AppUserMapper.java (best guess)
### The error may involve com.aiservice.aireviewassistant.mapper.AppUserMapper.selectList
### The error occurred while executing a query
### Cause: org.springframework.jdbc.CannotGetJdbcConnectionException: Failed to obtain JDBC Connection
	at org.apache.ibatis.exceptions.ExceptionFactory.wrapException(ExceptionFactory.java:30)
	at org.apache.ibatis.session.defaults.DefaultSqlSession.selectList(DefaultSqlSession.java:156)
	at org.apache.ibatis.session.defaults.DefaultSqlSession.selectList(DefaultSqlSession.java:147)
	at org.apache.ibatis.session.defaults.DefaultSqlSession.selectList(DefaultSqlSession.java:142)
	at java.base/jdk.internal.reflect.DirectMethodHandleAccessor.invoke(DirectMethodHandleAccessor.java:103)
	at java.base/java.lang.reflect.Method.invoke(Method.java:580)
	at org.mybatis.spring.SqlSessionTemplate$SqlSessionInterceptor.invoke(SqlSessionTemplate.java:425)
	... 165 common frames omitted
Caused by: org.springframework.jdbc.CannotGetJdbcConnectionException: Failed to obtain JDBC Connection
	at org.springframework.jdbc.datasource.DataSourceUtils.getConnection(DataSourceUtils.java:84)
	at org.mybatis.spring.transaction.SpringManagedTransaction.openConnection(SpringManagedTransaction.java:80)
	at org.mybatis.spring.transaction.SpringManagedTransaction.getConnection(SpringManagedTransaction.java:67)
	at org.apache.ibatis.executor.BaseExecutor.getConnection(BaseExecutor.java:348)
	at org.apache.ibatis.executor.SimpleExecutor.prepareStatement(SimpleExecutor.java:89)
	at org.apache.ibatis.executor.SimpleExecutor.doQuery(SimpleExecutor.java:64)
	at org.apache.ibatis.executor.BaseExecutor.queryFromDatabase(BaseExecutor.java:336)
	at org.apache.ibatis.executor.BaseExecutor.query(BaseExecutor.java:158)
	at org.apache.ibatis.executor.BaseExecutor.query(BaseExecutor.java:137)
	at org.apache.ibatis.session.defaults.DefaultSqlSession.selectList(DefaultSqlSession.java:154)
	... 170 common frames omitted
Caused by: org.postgresql.util.PSQLException: FATAL: role "${DB_USERNAME}" does not exist
	at org.postgresql.core.v3.QueryExecutorImpl.receiveErrorResponse(QueryExecutorImpl.java:2713)
	at org.postgresql.core.v3.QueryExecutorImpl.readStartupMessages(QueryExecutorImpl.java:2825)
	at org.postgresql.core.v3.QueryExecutorImpl.<init>(QueryExecutorImpl.java:175)
	at org.postgresql.core.v3.ConnectionFactoryImpl.openConnectionImpl(ConnectionFactoryImpl.java:313)
	at org.postgresql.core.ConnectionFactory.openConnection(ConnectionFactory.java:54)
	at org.postgresql.jdbc.PgConnection.<init>(PgConnection.java:263)
	at org.postgresql.Driver.makeConnection(Driver.java:443)
	at org.postgresql.Driver.connect(Driver.java:297)
	at com.zaxxer.hikari.util.DriverDataSource.getConnection(DriverDataSource.java:138)
	at com.zaxxer.hikari.pool.PoolBase.newConnection(PoolBase.java:359)
	at com.zaxxer.hikari.pool.PoolBase.newPoolEntry(PoolBase.java:201)
	at com.zaxxer.hikari.pool.HikariPool.createPoolEntry(HikariPool.java:470)
	at com.zaxxer.hikari.pool.HikariPool.checkFailFast(HikariPool.java:561)
	at com.zaxxer.hikari.pool.HikariPool.<init>(HikariPool.java:100)
	at com.zaxxer.hikari.HikariDataSource.getConnection(HikariDataSource.java:112)
	at org.springframework.jdbc.datasource.DataSourceUtils.fetchConnection(DataSourceUtils.java:160)
	at org.springframework.jdbc.datasource.DataSourceUtils.doGetConnection(DataSourceUtils.java:118)
	at org.springframework.jdbc.datasource.DataSourceUtils.getConnection(DataSourceUtils.java:81)
	... 179 common frames omitted
2026-08-29 15:08:46.681 [background-preinit] INFO  o.h.validator.internal.util.Version - HV000001: Hibernate Validator 8.0.1.Final
2026-08-29 15:08:46.744 [main] INFO  c.a.a.AiReviewAssistantApplication - Starting AiReviewAssistantApplication v0.0.1-SNAPSHOT using Java 22.0.1 with PID 3260 (/Users/h3rtz/Desktop/ai-review-assistant/target/ai-review-assistant-0.0.1-SNAPSHOT.jar started by h3rtz in /Users/h3rtz/Desktop/ai-review-assistant)
2026-08-29 15:08:46.744 [main] DEBUG c.a.a.AiReviewAssistantApplication - Running with Spring Boot v3.2.10, Spring v6.1.13
2026-08-29 15:08:46.744 [main] INFO  c.a.a.AiReviewAssistantApplication - No active profile set, falling back to 1 default profile: "default"
2026-08-29 15:08:48.220 [main] INFO  o.s.b.w.e.tomcat.TomcatWebServer - Tomcat initialized with port 8080 (http)
2026-08-29 15:08:48.226 [main] INFO  o.a.coyote.http11.Http11NioProtocol - Initializing ProtocolHandler ["http-nio-8080"]
2026-08-29 15:08:48.228 [main] INFO  o.a.catalina.core.StandardService - Starting service [Tomcat]
2026-08-29 15:08:48.228 [main] INFO  o.a.catalina.core.StandardEngine - Starting Servlet engine: [Apache Tomcat/10.1.30]
2026-08-29 15:08:48.246 [main] INFO  o.a.c.c.C.[Tomcat].[localhost].[/] - Initializing Spring embedded WebApplicationContext
2026-08-29 15:08:48.246 [main] INFO  o.s.b.w.s.c.ServletWebServerApplicationContext - Root WebApplicationContext: initialization completed in 1473 ms
2026-08-29 15:08:48.718 [main] INFO  o.s.a.v.pgvector.PgVectorStore - Using the vector table name: vector_store. Is empty: false
2026-08-29 15:08:48.720 [main] INFO  o.s.a.v.pgvector.PgVectorStore - Initializing PGVectorStore schema for table: vector_store in schema: public
2026-08-29 15:08:48.720 [main] INFO  o.s.a.v.pgvector.PgVectorStore - vectorTableValidationsEnabled false
2026-08-29 15:08:48.723 [main] INFO  com.zaxxer.hikari.HikariDataSource - HikariPool-1 - Starting...
2026-08-29 15:08:48.806 [main] INFO  com.zaxxer.hikari.pool.HikariPool - HikariPool-1 - Added connection org.postgresql.jdbc.PgConnection@49c38db9
2026-08-29 15:08:48.807 [main] INFO  com.zaxxer.hikari.HikariDataSource - HikariPool-1 - Start completed.
2026-08-29 15:08:48.817 [main] WARN  c.zaxxer.hikari.pool.ProxyConnection - HikariPool-1 - Connection org.postgresql.jdbc.PgConnection@49c38db9 marked as broken because of SQLSTATE(0A000), ErrorCode(0)
org.postgresql.util.PSQLException: ERROR: extension "vector" is not available
  Detail: Could not open extension control file "/opt/homebrew/opt/postgresql@16/share/postgresql@16/extension/vector.control": No such file or directory.
  Hint: The extension must first be installed on the system where PostgreSQL is running.
	at org.postgresql.core.v3.QueryExecutorImpl.receiveErrorResponse(QueryExecutorImpl.java:2713)
	at org.postgresql.core.v3.QueryExecutorImpl.processResults(QueryExecutorImpl.java:2401)
	at org.postgresql.core.v3.QueryExecutorImpl.execute(QueryExecutorImpl.java:368)
	at org.postgresql.jdbc.PgStatement.executeInternal(PgStatement.java:498)
	at org.postgresql.jdbc.PgStatement.execute(PgStatement.java:415)
	at org.postgresql.jdbc.PgStatement.executeWithFlags(PgStatement.java:335)
	at org.postgresql.jdbc.PgStatement.executeCachedSql(PgStatement.java:321)
	at org.postgresql.jdbc.PgStatement.executeWithFlags(PgStatement.java:297)
	at org.postgresql.jdbc.PgStatement.execute(PgStatement.java:292)
	at com.zaxxer.hikari.pool.ProxyStatement.execute(ProxyStatement.java:94)
	at com.zaxxer.hikari.pool.HikariProxyStatement.execute(HikariProxyStatement.java)
	at org.springframework.jdbc.core.JdbcTemplate$1ExecuteStatementCallback.doInStatement(JdbcTemplate.java:435)
	at org.springframework.jdbc.core.JdbcTemplate.execute(JdbcTemplate.java:393)
	at org.springframework.jdbc.core.JdbcTemplate.execute(JdbcTemplate.java:444)
	at org.springframework.ai.vectorstore.pgvector.PgVectorStore.afterPropertiesSet(PgVectorStore.java:421)
	at org.springframework.beans.factory.support.AbstractAutowireCapableBeanFactory.invokeInitMethods(AbstractAutowireCapableBeanFactory.java:1853)
	at org.springframework.beans.factory.support.AbstractAutowireCapableBeanFactory.initializeBean(AbstractAutowireCapableBeanFactory.java:1802)
	at org.springframework.beans.factory.support.AbstractAutowireCapableBeanFactory.doCreateBean(AbstractAutowireCapableBeanFactory.java:600)
	at org.springframework.beans.factory.support.AbstractAutowireCapableBeanFactory.createBean(AbstractAutowireCapableBeanFactory.java:522)
	at org.springframework.beans.factory.support.AbstractBeanFactory.lambda$doGetBean$0(AbstractBeanFactory.java:337)
	at org.springframework.beans.factory.support.DefaultSingletonBeanRegistry.getSingleton(DefaultSingletonBeanRegistry.java:234)
	at org.springframework.beans.factory.support.AbstractBeanFactory.doGetBean(AbstractBeanFactory.java:335)
	at org.springframework.beans.factory.support.AbstractBeanFactory.getBean(AbstractBeanFactory.java:200)
	at org.springframework.beans.factory.config.DependencyDescriptor.resolveCandidate(DependencyDescriptor.java:254)
	at org.springframework.beans.factory.support.DefaultListableBeanFactory.doResolveDependency(DefaultListableBeanFactory.java:1443)
	at org.springframework.beans.factory.support.DefaultListableBeanFactory.resolveDependency(DefaultListableBeanFactory.java:1353)
	at org.springframework.beans.factory.support.ConstructorResolver.resolveAutowiredArgument(ConstructorResolver.java:904)
	at org.springframework.beans.factory.support.ConstructorResolver.createArgumentArray(ConstructorResolver.java:782)
	at org.springframework.beans.factory.support.ConstructorResolver.autowireConstructor(ConstructorResolver.java:237)
	at org.springframework.beans.factory.support.AbstractAutowireCapableBeanFactory.autowireConstructor(AbstractAutowireCapableBeanFactory.java:1375)
	at org.springframework.beans.factory.support.AbstractAutowireCapableBeanFactory.createBeanInstance(AbstractAutowireCapableBeanFactory.java:1212)
	at org.springframework.beans.factory.support.AbstractAutowireCapableBeanFactory.doCreateBean(AbstractAutowireCapableBeanFactory.java:562)
	at org.springframework.beans.factory.support.AbstractAutowireCapableBeanFactory.createBean(AbstractAutowireCapableBeanFactory.java:522)
	at org.springframework.beans.factory.support.AbstractBeanFactory.lambda$doGetBean$0(AbstractBeanFactory.java:337)
	at org.springframework.beans.factory.support.DefaultSingletonBeanRegistry.getSingleton(DefaultSingletonBeanRegistry.java:234)
	at org.springframework.beans.factory.support.AbstractBeanFactory.doGetBean(AbstractBeanFactory.java:335)
	at org.springframework.beans.factory.support.AbstractBeanFactory.getBean(AbstractBeanFactory.java:200)
	at org.springframework.beans.factory.config.DependencyDescriptor.resolveCandidate(DependencyDescriptor.java:254)
	at org.springframework.beans.factory.support.DefaultListableBeanFactory.doResolveDependency(DefaultListableBeanFactory.java:1443)
	at org.springframework.beans.factory.support.DefaultListableBeanFactory.resolveDependency(DefaultListableBeanFactory.java:1353)
	at org.springframework.beans.factory.support.ConstructorResolver.resolveAutowiredArgument(ConstructorResolver.java:904)
	at org.springframework.beans.factory.support.ConstructorResolver.createArgumentArray(ConstructorResolver.java:782)
	at org.springframework.beans.factory.support.ConstructorResolver.autowireConstructor(ConstructorResolver.java:237)
	at org.springframework.beans.factory.support.AbstractAutowireCapableBeanFactory.autowireConstructor(AbstractAutowireCapableBeanFactory.java:1375)
	at org.springframework.beans.factory.support.AbstractAutowireCapableBeanFactory.createBeanInstance(AbstractAutowireCapableBeanFactory.java:1212)
	at org.springframework.beans.factory.support.AbstractAutowireCapableBeanFactory.doCreateBean(AbstractAutowireCapableBeanFactory.java:562)
	at org.springframework.beans.factory.support.AbstractAutowireCapableBeanFactory.createBean(AbstractAutowireCapableBeanFactory.java:522)
	at org.springframework.beans.factory.support.AbstractBeanFactory.lambda$doGetBean$0(AbstractBeanFactory.java:337)
	at org.springframework.beans.factory.support.DefaultSingletonBeanRegistry.getSingleton(DefaultSingletonBeanRegistry.java:234)
	at org.springframework.beans.factory.support.AbstractBeanFactory.doGetBean(AbstractBeanFactory.java:335)
	at org.springframework.beans.factory.support.AbstractBeanFactory.getBean(AbstractBeanFactory.java:200)
	at org.springframework.beans.factory.config.DependencyDescriptor.resolveCandidate(DependencyDescriptor.java:254)
	at org.springframework.beans.factory.support.DefaultListableBeanFactory.addCandidateEntry(DefaultListableBeanFactory.java:1689)
	at org.springframework.beans.factory.support.DefaultListableBeanFactory.findAutowireCandidates(DefaultListableBeanFactory.java:1653)
	at org.springframework.beans.factory.support.DefaultListableBeanFactory.resolveMultipleBeanCollection(DefaultListableBeanFactory.java:1543)
	at org.springframework.beans.factory.support.DefaultListableBeanFactory.resolveMultipleBeans(DefaultListableBeanFactory.java:1511)
	at org.springframework.beans.factory.support.DefaultListableBeanFactory.doResolveDependency(DefaultListableBeanFactory.java:1392)
	at org.springframework.beans.factory.support.DefaultListableBeanFactory.resolveDependency(DefaultListableBeanFactory.java:1353)
	at org.springframework.beans.factory.support.ConstructorResolver.resolveAutowiredArgument(ConstructorResolver.java:904)
	at org.springframework.beans.factory.support.ConstructorResolver.createArgumentArray(ConstructorResolver.java:782)
	at org.springframework.beans.factory.support.ConstructorResolver.autowireConstructor(ConstructorResolver.java:237)
	at org.springframework.beans.factory.support.AbstractAutowireCapableBeanFactory.autowireConstructor(AbstractAutowireCapableBeanFactory.java:1375)
	at org.springframework.beans.factory.support.AbstractAutowireCapableBeanFactory.createBeanInstance(AbstractAutowireCapableBeanFactory.java:1212)
	at org.springframework.beans.factory.support.AbstractAutowireCapableBeanFactory.doCreateBean(AbstractAutowireCapableBeanFactory.java:562)
	at org.springframework.beans.factory.support.AbstractAutowireCapableBeanFactory.createBean(AbstractAutowireCapableBeanFactory.java:522)
	at org.springframework.beans.factory.support.AbstractBeanFactory.lambda$doGetBean$0(AbstractBeanFactory.java:337)
	at org.springframework.beans.factory.support.DefaultSingletonBeanRegistry.getSingleton(DefaultSingletonBeanRegistry.java:234)
	at org.springframework.beans.factory.support.AbstractBeanFactory.doGetBean(AbstractBeanFactory.java:335)
	at org.springframework.beans.factory.support.AbstractBeanFactory.getBean(AbstractBeanFactory.java:200)
	at org.springframework.beans.factory.config.DependencyDescriptor.resolveCandidate(DependencyDescriptor.java:254)
	at org.springframework.beans.factory.support.DefaultListableBeanFactory.doResolveDependency(DefaultListableBeanFactory.java:1443)
	at org.springframework.beans.factory.support.DefaultListableBeanFactory.resolveDependency(DefaultListableBeanFactory.java:1353)
	at org.springframework.beans.factory.support.ConstructorResolver.resolveAutowiredArgument(ConstructorResolver.java:904)
	at org.springframework.beans.factory.support.ConstructorResolver.createArgumentArray(ConstructorResolver.java:782)
	at org.springframework.beans.factory.support.ConstructorResolver.autowireConstructor(ConstructorResolver.java:237)
	at org.springframework.beans.factory.support.AbstractAutowireCapableBeanFactory.autowireConstructor(AbstractAutowireCapableBeanFactory.java:1375)
	at org.springframework.beans.factory.support.AbstractAutowireCapableBeanFactory.createBeanInstance(AbstractAutowireCapableBeanFactory.java:1212)
	at org.springframework.beans.factory.support.AbstractAutowireCapableBeanFactory.doCreateBean(AbstractAutowireCapableBeanFactory.java:562)
	at org.springframework.beans.factory.support.AbstractAutowireCapableBeanFactory.createBean(AbstractAutowireCapableBeanFactory.java:522)
	at org.springframework.beans.factory.support.AbstractBeanFactory.lambda$doGetBean$0(AbstractBeanFactory.java:337)
	at org.springframework.beans.factory.support.DefaultSingletonBeanRegistry.getSingleton(DefaultSingletonBeanRegistry.java:234)
	at org.springframework.beans.factory.support.AbstractBeanFactory.doGetBean(AbstractBeanFactory.java:335)
	at org.springframework.beans.factory.support.AbstractBeanFactory.getBean(AbstractBeanFactory.java:200)
	at org.springframework.beans.factory.support.DefaultListableBeanFactory.preInstantiateSingletons(DefaultListableBeanFactory.java:975)
	at org.springframework.context.support.AbstractApplicationContext.finishBeanFactoryInitialization(AbstractApplicationContext.java:971)
	at org.springframework.context.support.AbstractApplicationContext.refresh(AbstractApplicationContext.java:625)
	at org.springframework.boot.web.servlet.context.ServletWebServerApplicationContext.refresh(ServletWebServerApplicationContext.java:146)
	at org.springframework.boot.SpringApplication.refresh(SpringApplication.java:754)
	at org.springframework.boot.SpringApplication.refreshContext(SpringApplication.java:456)
	at org.springframework.boot.SpringApplication.run(SpringApplication.java:335)
	at org.springframework.boot.SpringApplication.run(SpringApplication.java:1363)
	at org.springframework.boot.SpringApplication.run(SpringApplication.java:1352)
	at com.aiservice.aireviewassistant.AiReviewAssistantApplication.main(AiReviewAssistantApplication.java:14)
	at java.base/jdk.internal.reflect.DirectMethodHandleAccessor.invoke(DirectMethodHandleAccessor.java:103)
	at java.base/java.lang.reflect.Method.invoke(Method.java:580)
	at org.springframework.boot.loader.launch.Launcher.launch(Launcher.java:102)
	at org.springframework.boot.loader.launch.Launcher.launch(Launcher.java:64)
	at org.springframework.boot.loader.launch.JarLauncher.main(JarLauncher.java:40)
2026-08-29 15:08:48.825 [main] WARN  o.s.b.w.s.c.AnnotationConfigServletWebServerApplicationContext - Exception encountered during context initialization - cancelling refresh attempt: org.springframework.beans.factory.UnsatisfiedDependencyException: Error creating bean with name 'chainExecutor' defined in URL [jar:nested:/Users/h3rtz/Desktop/ai-review-assistant/target/ai-review-assistant-0.0.1-SNAPSHOT.jar/!BOOT-INF/classes/!/com/aiservice/aireviewassistant/agent/tool/ChainExecutor.class]: Unsatisfied dependency expressed through constructor parameter 0: Error creating bean with name 'toolRegistry' defined in URL [jar:nested:/Users/h3rtz/Desktop/ai-review-assistant/target/ai-review-assistant-0.0.1-SNAPSHOT.jar/!BOOT-INF/classes/!/com/aiservice/aireviewassistant/agent/tool/ToolRegistry.class]: Unsatisfied dependency expressed through constructor parameter 0: Error creating bean with name 'summaryTool' defined in URL [jar:nested:/Users/h3rtz/Desktop/ai-review-assistant/target/ai-review-assistant-0.0.1-SNAPSHOT.jar/!BOOT-INF/classes/!/com/aiservice/aireviewassistant/agent/tool/SummaryTool.class]: Unsatisfied dependency expressed through constructor parameter 1: Error creating bean with name 'ragServiceImpl' defined in URL [jar:nested:/Users/h3rtz/Desktop/ai-review-assistant/target/ai-review-assistant-0.0.1-SNAPSHOT.jar/!BOOT-INF/classes/!/com/aiservice/aireviewassistant/service/impl/RagServiceImpl.class]: Unsatisfied dependency expressed through constructor parameter 1: Error creating bean with name 'vectorStore' defined in class path resource [com/aiservice/aireviewassistant/config/VectorStoreConfig.class]: StatementCallback; uncategorized SQLException for SQL [CREATE EXTENSION IF NOT EXISTS vector]; SQL state [0A000]; error code [0]; ERROR: extension "vector" is not available
  Detail: Could not open extension control file "/opt/homebrew/opt/postgresql@16/share/postgresql@16/extension/vector.control": No such file or directory.
  Hint: The extension must first be installed on the system where PostgreSQL is running.
2026-08-29 15:08:48.825 [main] INFO  com.zaxxer.hikari.HikariDataSource - HikariPool-1 - Shutdown initiated...
2026-08-29 15:08:48.836 [main] INFO  com.zaxxer.hikari.HikariDataSource - HikariPool-1 - Shutdown completed.
2026-08-29 15:08:48.838 [main] INFO  o.a.catalina.core.StandardService - Stopping service [Tomcat]
2026-08-29 15:08:48.851 [main] INFO  o.s.b.a.l.ConditionEvaluationReportLogger - 

Error starting ApplicationContext. To display the condition evaluation report re-run your application with 'debug' enabled.
2026-08-29 15:08:48.862 [main] ERROR o.s.boot.SpringApplication - Application run failed
org.springframework.beans.factory.UnsatisfiedDependencyException: Error creating bean with name 'chainExecutor' defined in URL [jar:nested:/Users/h3rtz/Desktop/ai-review-assistant/target/ai-review-assistant-0.0.1-SNAPSHOT.jar/!BOOT-INF/classes/!/com/aiservice/aireviewassistant/agent/tool/ChainExecutor.class]: Unsatisfied dependency expressed through constructor parameter 0: Error creating bean with name 'toolRegistry' defined in URL [jar:nested:/Users/h3rtz/Desktop/ai-review-assistant/target/ai-review-assistant-0.0.1-SNAPSHOT.jar/!BOOT-INF/classes/!/com/aiservice/aireviewassistant/agent/tool/ToolRegistry.class]: Unsatisfied dependency expressed through constructor parameter 0: Error creating bean with name 'summaryTool' defined in URL [jar:nested:/Users/h3rtz/Desktop/ai-review-assistant/target/ai-review-assistant-0.0.1-SNAPSHOT.jar/!BOOT-INF/classes/!/com/aiservice/aireviewassistant/agent/tool/SummaryTool.class]: Unsatisfied dependency expressed through constructor parameter 1: Error creating bean with name 'ragServiceImpl' defined in URL [jar:nested:/Users/h3rtz/Desktop/ai-review-assistant/target/ai-review-assistant-0.0.1-SNAPSHOT.jar/!BOOT-INF/classes/!/com/aiservice/aireviewassistant/service/impl/RagServiceImpl.class]: Unsatisfied dependency expressed through constructor parameter 1: Error creating bean with name 'vectorStore' defined in class path resource [com/aiservice/aireviewassistant/config/VectorStoreConfig.class]: StatementCallback; uncategorized SQLException for SQL [CREATE EXTENSION IF NOT EXISTS vector]; SQL state [0A000]; error code [0]; ERROR: extension "vector" is not available
  Detail: Could not open extension control file "/opt/homebrew/opt/postgresql@16/share/postgresql@16/extension/vector.control": No such file or directory.
  Hint: The extension must first be installed on the system where PostgreSQL is running.
	at org.springframework.beans.factory.support.ConstructorResolver.createArgumentArray(ConstructorResolver.java:795)
	at org.springframework.beans.factory.support.ConstructorResolver.autowireConstructor(ConstructorResolver.java:237)
	at org.springframework.beans.factory.support.AbstractAutowireCapableBeanFactory.autowireConstructor(AbstractAutowireCapableBeanFactory.java:1375)
	at org.springframework.beans.factory.support.AbstractAutowireCapableBeanFactory.createBeanInstance(AbstractAutowireCapableBeanFactory.java:1212)
	at org.springframework.beans.factory.support.AbstractAutowireCapableBeanFactory.doCreateBean(AbstractAutowireCapableBeanFactory.java:562)
	at org.springframework.beans.factory.support.AbstractAutowireCapableBeanFactory.createBean(AbstractAutowireCapableBeanFactory.java:522)
	at org.springframework.beans.factory.support.AbstractBeanFactory.lambda$doGetBean$0(AbstractBeanFactory.java:337)
	at org.springframework.beans.factory.support.DefaultSingletonBeanRegistry.getSingleton(DefaultSingletonBeanRegistry.java:234)
	at org.springframework.beans.factory.support.AbstractBeanFactory.doGetBean(AbstractBeanFactory.java:335)
	at org.springframework.beans.factory.support.AbstractBeanFactory.getBean(AbstractBeanFactory.java:200)
	at org.springframework.beans.factory.support.DefaultListableBeanFactory.preInstantiateSingletons(DefaultListableBeanFactory.java:975)
	at org.springframework.context.support.AbstractApplicationContext.finishBeanFactoryInitialization(AbstractApplicationContext.java:971)
	at org.springframework.context.support.AbstractApplicationContext.refresh(AbstractApplicationContext.java:625)
	at org.springframework.boot.web.servlet.context.ServletWebServerApplicationContext.refresh(ServletWebServerApplicationContext.java:146)
	at org.springframework.boot.SpringApplication.refresh(SpringApplication.java:754)
	at org.springframework.boot.SpringApplication.refreshContext(SpringApplication.java:456)
	at org.springframework.boot.SpringApplication.run(SpringApplication.java:335)
	at org.springframework.boot.SpringApplication.run(SpringApplication.java:1363)
	at org.springframework.boot.SpringApplication.run(SpringApplication.java:1352)
	at com.aiservice.aireviewassistant.AiReviewAssistantApplication.main(AiReviewAssistantApplication.java:14)
	at java.base/jdk.internal.reflect.DirectMethodHandleAccessor.invoke(DirectMethodHandleAccessor.java:103)
	at java.base/java.lang.reflect.Method.invoke(Method.java:580)
	at org.springframework.boot.loader.launch.Launcher.launch(Launcher.java:102)
	at org.springframework.boot.loader.launch.Launcher.launch(Launcher.java:64)
	at org.springframework.boot.loader.launch.JarLauncher.main(JarLauncher.java:40)
Caused by: org.springframework.beans.factory.UnsatisfiedDependencyException: Error creating bean with name 'toolRegistry' defined in URL [jar:nested:/Users/h3rtz/Desktop/ai-review-assistant/target/ai-review-assistant-0.0.1-SNAPSHOT.jar/!BOOT-INF/classes/!/com/aiservice/aireviewassistant/agent/tool/ToolRegistry.class]: Unsatisfied dependency expressed through constructor parameter 0: Error creating bean with name 'summaryTool' defined in URL [jar:nested:/Users/h3rtz/Desktop/ai-review-assistant/target/ai-review-assistant-0.0.1-SNAPSHOT.jar/!BOOT-INF/classes/!/com/aiservice/aireviewassistant/agent/tool/SummaryTool.class]: Unsatisfied dependency expressed through constructor parameter 1: Error creating bean with name 'ragServiceImpl' defined in URL [jar:nested:/Users/h3rtz/Desktop/ai-review-assistant/target/ai-review-assistant-0.0.1-SNAPSHOT.jar/!BOOT-INF/classes/!/com/aiservice/aireviewassistant/service/impl/RagServiceImpl.class]: Unsatisfied dependency expressed through constructor parameter 1: Error creating bean with name 'vectorStore' defined in class path resource [com/aiservice/aireviewassistant/config/VectorStoreConfig.class]: StatementCallback; uncategorized SQLException for SQL [CREATE EXTENSION IF NOT EXISTS vector]; SQL state [0A000]; error code [0]; ERROR: extension "vector" is not available
  Detail: Could not open extension control file "/opt/homebrew/opt/postgresql@16/share/postgresql@16/extension/vector.control": No such file or directory.
  Hint: The extension must first be installed on the system where PostgreSQL is running.
	at org.springframework.beans.factory.support.ConstructorResolver.createArgumentArray(ConstructorResolver.java:795)
	at org.springframework.beans.factory.support.ConstructorResolver.autowireConstructor(ConstructorResolver.java:237)
	at org.springframework.beans.factory.support.AbstractAutowireCapableBeanFactory.autowireConstructor(AbstractAutowireCapableBeanFactory.java:1375)
	at org.springframework.beans.factory.support.AbstractAutowireCapableBeanFactory.createBeanInstance(AbstractAutowireCapableBeanFactory.java:1212)
	at org.springframework.beans.factory.support.AbstractAutowireCapableBeanFactory.doCreateBean(AbstractAutowireCapableBeanFactory.java:562)
	at org.springframework.beans.factory.support.AbstractAutowireCapableBeanFactory.createBean(AbstractAutowireCapableBeanFactory.java:522)
	at org.springframework.beans.factory.support.AbstractBeanFactory.lambda$doGetBean$0(AbstractBeanFactory.java:337)
	at org.springframework.beans.factory.support.DefaultSingletonBeanRegistry.getSingleton(DefaultSingletonBeanRegistry.java:234)
	at org.springframework.beans.factory.support.AbstractBeanFactory.doGetBean(AbstractBeanFactory.java:335)
	at org.springframework.beans.factory.support.AbstractBeanFactory.getBean(AbstractBeanFactory.java:200)
	at org.springframework.beans.factory.config.DependencyDescriptor.resolveCandidate(DependencyDescriptor.java:254)
	at org.springframework.beans.factory.support.DefaultListableBeanFactory.doResolveDependency(DefaultListableBeanFactory.java:1443)
	at org.springframework.beans.factory.support.DefaultListableBeanFactory.resolveDependency(DefaultListableBeanFactory.java:1353)
	at org.springframework.beans.factory.support.ConstructorResolver.resolveAutowiredArgument(ConstructorResolver.java:904)
	at org.springframework.beans.factory.support.ConstructorResolver.createArgumentArray(ConstructorResolver.java:782)
	... 24 common frames omitted
Caused by: org.springframework.beans.factory.UnsatisfiedDependencyException: Error creating bean with name 'summaryTool' defined in URL [jar:nested:/Users/h3rtz/Desktop/ai-review-assistant/target/ai-review-assistant-0.0.1-SNAPSHOT.jar/!BOOT-INF/classes/!/com/aiservice/aireviewassistant/agent/tool/SummaryTool.class]: Unsatisfied dependency expressed through constructor parameter 1: Error creating bean with name 'ragServiceImpl' defined in URL [jar:nested:/Users/h3rtz/Desktop/ai-review-assistant/target/ai-review-assistant-0.0.1-SNAPSHOT.jar/!BOOT-INF/classes/!/com/aiservice/aireviewassistant/service/impl/RagServiceImpl.class]: Unsatisfied dependency expressed through constructor parameter 1: Error creating bean with name 'vectorStore' defined in class path resource [com/aiservice/aireviewassistant/config/VectorStoreConfig.class]: StatementCallback; uncategorized SQLException for SQL [CREATE EXTENSION IF NOT EXISTS vector]; SQL state [0A000]; error code [0]; ERROR: extension "vector" is not available
  Detail: Could not open extension control file "/opt/homebrew/opt/postgresql@16/share/postgresql@16/extension/vector.control": No such file or directory.
  Hint: The extension must first be installed on the system where PostgreSQL is running.
	at org.springframework.beans.factory.support.ConstructorResolver.createArgumentArray(ConstructorResolver.java:795)
	at org.springframework.beans.factory.support.ConstructorResolver.autowireConstructor(ConstructorResolver.java:237)
	at org.springframework.beans.factory.support.AbstractAutowireCapableBeanFactory.autowireConstructor(AbstractAutowireCapableBeanFactory.java:1375)
	at org.springframework.beans.factory.support.AbstractAutowireCapableBeanFactory.createBeanInstance(AbstractAutowireCapableBeanFactory.java:1212)
	at org.springframework.beans.factory.support.AbstractAutowireCapableBeanFactory.doCreateBean(AbstractAutowireCapableBeanFactory.java:562)
	at org.springframework.beans.factory.support.AbstractAutowireCapableBeanFactory.createBean(AbstractAutowireCapableBeanFactory.java:522)
	at org.springframework.beans.factory.support.AbstractBeanFactory.lambda$doGetBean$0(AbstractBeanFactory.java:337)
	at org.springframework.beans.factory.support.DefaultSingletonBeanRegistry.getSingleton(DefaultSingletonBeanRegistry.java:234)
	at org.springframework.beans.factory.support.AbstractBeanFactory.doGetBean(AbstractBeanFactory.java:335)
	at org.springframework.beans.factory.support.AbstractBeanFactory.getBean(AbstractBeanFactory.java:200)
	at org.springframework.beans.factory.config.DependencyDescriptor.resolveCandidate(DependencyDescriptor.java:254)
	at org.springframework.beans.factory.support.DefaultListableBeanFactory.addCandidateEntry(DefaultListableBeanFactory.java:1689)
	at org.springframework.beans.factory.support.DefaultListableBeanFactory.findAutowireCandidates(DefaultListableBeanFactory.java:1653)
	at org.springframework.beans.factory.support.DefaultListableBeanFactory.resolveMultipleBeanCollection(DefaultListableBeanFactory.java:1543)
	at org.springframework.beans.factory.support.DefaultListableBeanFactory.resolveMultipleBeans(DefaultListableBeanFactory.java:1511)
	at org.springframework.beans.factory.support.DefaultListableBeanFactory.doResolveDependency(DefaultListableBeanFactory.java:1392)
	at org.springframework.beans.factory.support.DefaultListableBeanFactory.resolveDependency(DefaultListableBeanFactory.java:1353)
	at org.springframework.beans.factory.support.ConstructorResolver.resolveAutowiredArgument(ConstructorResolver.java:904)
	at org.springframework.beans.factory.support.ConstructorResolver.createArgumentArray(ConstructorResolver.java:782)
	... 38 common frames omitted
Caused by: org.springframework.beans.factory.UnsatisfiedDependencyException: Error creating bean with name 'ragServiceImpl' defined in URL [jar:nested:/Users/h3rtz/Desktop/ai-review-assistant/target/ai-review-assistant-0.0.1-SNAPSHOT.jar/!BOOT-INF/classes/!/com/aiservice/aireviewassistant/service/impl/RagServiceImpl.class]: Unsatisfied dependency expressed through constructor parameter 1: Error creating bean with name 'vectorStore' defined in class path resource [com/aiservice/aireviewassistant/config/VectorStoreConfig.class]: StatementCallback; uncategorized SQLException for SQL [CREATE EXTENSION IF NOT EXISTS vector]; SQL state [0A000]; error code [0]; ERROR: extension "vector" is not available
  Detail: Could not open extension control file "/opt/homebrew/opt/postgresql@16/share/postgresql@16/extension/vector.control": No such file or directory.
  Hint: The extension must first be installed on the system where PostgreSQL is running.
	at org.springframework.beans.factory.support.ConstructorResolver.createArgumentArray(ConstructorResolver.java:795)
	at org.springframework.beans.factory.support.ConstructorResolver.autowireConstructor(ConstructorResolver.java:237)
	at org.springframework.beans.factory.support.AbstractAutowireCapableBeanFactory.autowireConstructor(AbstractAutowireCapableBeanFactory.java:1375)
	at org.springframework.beans.factory.support.AbstractAutowireCapableBeanFactory.createBeanInstance(AbstractAutowireCapableBeanFactory.java:1212)
	at org.springframework.beans.factory.support.AbstractAutowireCapableBeanFactory.doCreateBean(AbstractAutowireCapableBeanFactory.java:562)
	at org.springframework.beans.factory.support.AbstractAutowireCapableBeanFactory.createBean(AbstractAutowireCapableBeanFactory.java:522)
	at org.springframework.beans.factory.support.AbstractBeanFactory.lambda$doGetBean$0(AbstractBeanFactory.java:337)
	at org.springframework.beans.factory.support.DefaultSingletonBeanRegistry.getSingleton(DefaultSingletonBeanRegistry.java:234)
	at org.springframework.beans.factory.support.AbstractBeanFactory.doGetBean(AbstractBeanFactory.java:335)
	at org.springframework.beans.factory.support.AbstractBeanFactory.getBean(AbstractBeanFactory.java:200)
	at org.springframework.beans.factory.config.DependencyDescriptor.resolveCandidate(DependencyDescriptor.java:254)
	at org.springframework.beans.factory.support.DefaultListableBeanFactory.doResolveDependency(DefaultListableBeanFactory.java:1443)
	at org.springframework.beans.factory.support.DefaultListableBeanFactory.resolveDependency(DefaultListableBeanFactory.java:1353)
	at org.springframework.beans.factory.support.ConstructorResolver.resolveAutowiredArgument(ConstructorResolver.java:904)
	at org.springframework.beans.factory.support.ConstructorResolver.createArgumentArray(ConstructorResolver.java:782)
	... 56 common frames omitted
Caused by: org.springframework.beans.factory.BeanCreationException: Error creating bean with name 'vectorStore' defined in class path resource [com/aiservice/aireviewassistant/config/VectorStoreConfig.class]: StatementCallback; uncategorized SQLException for SQL [CREATE EXTENSION IF NOT EXISTS vector]; SQL state [0A000]; error code [0]; ERROR: extension "vector" is not available
  Detail: Could not open extension control file "/opt/homebrew/opt/postgresql@16/share/postgresql@16/extension/vector.control": No such file or directory.
  Hint: The extension must first be installed on the system where PostgreSQL is running.
	at org.springframework.beans.factory.support.AbstractAutowireCapableBeanFactory.initializeBean(AbstractAutowireCapableBeanFactory.java:1806)
	at org.springframework.beans.factory.support.AbstractAutowireCapableBeanFactory.doCreateBean(AbstractAutowireCapableBeanFactory.java:600)
	at org.springframework.beans.factory.support.AbstractAutowireCapableBeanFactory.createBean(AbstractAutowireCapableBeanFactory.java:522)
	at org.springframework.beans.factory.support.AbstractBeanFactory.lambda$doGetBean$0(AbstractBeanFactory.java:337)
	at org.springframework.beans.factory.support.DefaultSingletonBeanRegistry.getSingleton(DefaultSingletonBeanRegistry.java:234)
	at org.springframework.beans.factory.support.AbstractBeanFactory.doGetBean(AbstractBeanFactory.java:335)
	at org.springframework.beans.factory.support.AbstractBeanFactory.getBean(AbstractBeanFactory.java:200)
	at org.springframework.beans.factory.config.DependencyDescriptor.resolveCandidate(DependencyDescriptor.java:254)
	at org.springframework.beans.factory.support.DefaultListableBeanFactory.doResolveDependency(DefaultListableBeanFactory.java:1443)
	at org.springframework.beans.factory.support.DefaultListableBeanFactory.resolveDependency(DefaultListableBeanFactory.java:1353)
	at org.springframework.beans.factory.support.ConstructorResolver.resolveAutowiredArgument(ConstructorResolver.java:904)
	at org.springframework.beans.factory.support.ConstructorResolver.createArgumentArray(ConstructorResolver.java:782)
	... 70 common frames omitted
Caused by: org.springframework.jdbc.UncategorizedSQLException: StatementCallback; uncategorized SQLException for SQL [CREATE EXTENSION IF NOT EXISTS vector]; SQL state [0A000]; error code [0]; ERROR: extension "vector" is not available
  Detail: Could not open extension control file "/opt/homebrew/opt/postgresql@16/share/postgresql@16/extension/vector.control": No such file or directory.
  Hint: The extension must first be installed on the system where PostgreSQL is running.
	at org.springframework.jdbc.core.JdbcTemplate.translateException(JdbcTemplate.java:1549)
	at org.springframework.jdbc.core.JdbcTemplate.execute(JdbcTemplate.java:408)
	at org.springframework.jdbc.core.JdbcTemplate.execute(JdbcTemplate.java:444)
	at org.springframework.ai.vectorstore.pgvector.PgVectorStore.afterPropertiesSet(PgVectorStore.java:421)
	at org.springframework.beans.factory.support.AbstractAutowireCapableBeanFactory.invokeInitMethods(AbstractAutowireCapableBeanFactory.java:1853)
	at org.springframework.beans.factory.support.AbstractAutowireCapableBeanFactory.initializeBean(AbstractAutowireCapableBeanFactory.java:1802)
	... 81 common frames omitted
Caused by: org.postgresql.util.PSQLException: ERROR: extension "vector" is not available
  Detail: Could not open extension control file "/opt/homebrew/opt/postgresql@16/share/postgresql@16/extension/vector.control": No such file or directory.
  Hint: The extension must first be installed on the system where PostgreSQL is running.
	at org.postgresql.core.v3.QueryExecutorImpl.receiveErrorResponse(QueryExecutorImpl.java:2713)
	at org.postgresql.core.v3.QueryExecutorImpl.processResults(QueryExecutorImpl.java:2401)
	at org.postgresql.core.v3.QueryExecutorImpl.execute(QueryExecutorImpl.java:368)
	at org.postgresql.jdbc.PgStatement.executeInternal(PgStatement.java:498)
	at org.postgresql.jdbc.PgStatement.execute(PgStatement.java:415)
	at org.postgresql.jdbc.PgStatement.executeWithFlags(PgStatement.java:335)
	at org.postgresql.jdbc.PgStatement.executeCachedSql(PgStatement.java:321)
	at org.postgresql.jdbc.PgStatement.executeWithFlags(PgStatement.java:297)
	at org.postgresql.jdbc.PgStatement.execute(PgStatement.java:292)
	at com.zaxxer.hikari.pool.ProxyStatement.execute(ProxyStatement.java:94)
	at com.zaxxer.hikari.pool.HikariProxyStatement.execute(HikariProxyStatement.java)
	at org.springframework.jdbc.core.JdbcTemplate$1ExecuteStatementCallback.doInStatement(JdbcTemplate.java:435)
	at org.springframework.jdbc.core.JdbcTemplate.execute(JdbcTemplate.java:393)
	... 85 common frames omitted
2026-08-29 15:08:57.914 [background-preinit] INFO  o.h.validator.internal.util.Version - HV000001: Hibernate Validator 8.0.1.Final
2026-08-29 15:08:57.973 [main] INFO  c.a.a.AiReviewAssistantApplication - Starting AiReviewAssistantApplication v0.0.1-SNAPSHOT using Java 22.0.1 with PID 3454 (/Users/h3rtz/Desktop/ai-review-assistant/target/ai-review-assistant-0.0.1-SNAPSHOT.jar started by h3rtz in /Users/h3rtz/Desktop/ai-review-assistant)
2026-08-29 15:08:57.973 [main] DEBUG c.a.a.AiReviewAssistantApplication - Running with Spring Boot v3.2.10, Spring v6.1.13
2026-08-29 15:08:57.973 [main] INFO  c.a.a.AiReviewAssistantApplication - No active profile set, falling back to 1 default profile: "default"
2026-08-29 15:08:59.447 [main] INFO  o.s.b.w.e.tomcat.TomcatWebServer - Tomcat initialized with port 8080 (http)
2026-08-29 15:08:59.453 [main] INFO  o.a.coyote.http11.Http11NioProtocol - Initializing ProtocolHandler ["http-nio-8080"]
2026-08-29 15:08:59.455 [main] INFO  o.a.catalina.core.StandardService - Starting service [Tomcat]
2026-08-29 15:08:59.455 [main] INFO  o.a.catalina.core.StandardEngine - Starting Servlet engine: [Apache Tomcat/10.1.30]
2026-08-29 15:08:59.472 [main] INFO  o.a.c.c.C.[Tomcat].[localhost].[/] - Initializing Spring embedded WebApplicationContext
2026-08-29 15:08:59.472 [main] INFO  o.s.b.w.s.c.ServletWebServerApplicationContext - Root WebApplicationContext: initialization completed in 1466 ms
2026-08-29 15:08:59.967 [main] INFO  o.s.a.v.pgvector.PgVectorStore - Using the vector table name: vector_store. Is empty: false
2026-08-29 15:08:59.970 [main] INFO  o.s.a.v.pgvector.PgVectorStore - Initializing PGVectorStore schema for table: vector_store in schema: public
2026-08-29 15:08:59.970 [main] INFO  o.s.a.v.pgvector.PgVectorStore - vectorTableValidationsEnabled false
2026-08-29 15:08:59.973 [main] INFO  com.zaxxer.hikari.HikariDataSource - HikariPool-1 - Starting...
2026-08-29 15:09:00.046 [main] INFO  com.zaxxer.hikari.pool.HikariPool - HikariPool-1 - Added connection org.postgresql.jdbc.PgConnection@49174b0f
2026-08-29 15:09:00.047 [main] INFO  com.zaxxer.hikari.HikariDataSource - HikariPool-1 - Start completed.
2026-08-29 15:09:00.056 [main] WARN  c.zaxxer.hikari.pool.ProxyConnection - HikariPool-1 - Connection org.postgresql.jdbc.PgConnection@49174b0f marked as broken because of SQLSTATE(0A000), ErrorCode(0)
org.postgresql.util.PSQLException: ERROR: extension "vector" is not available
  Detail: Could not open extension control file "/opt/homebrew/opt/postgresql@16/share/postgresql@16/extension/vector.control": No such file or directory.
  Hint: The extension must first be installed on the system where PostgreSQL is running.
	at org.postgresql.core.v3.QueryExecutorImpl.receiveErrorResponse(QueryExecutorImpl.java:2713)
	at org.postgresql.core.v3.QueryExecutorImpl.processResults(QueryExecutorImpl.java:2401)
	at org.postgresql.core.v3.QueryExecutorImpl.execute(QueryExecutorImpl.java:368)
	at org.postgresql.jdbc.PgStatement.executeInternal(PgStatement.java:498)
	at org.postgresql.jdbc.PgStatement.execute(PgStatement.java:415)
	at org.postgresql.jdbc.PgStatement.executeWithFlags(PgStatement.java:335)
	at org.postgresql.jdbc.PgStatement.executeCachedSql(PgStatement.java:321)
	at org.postgresql.jdbc.PgStatement.executeWithFlags(PgStatement.java:297)
	at org.postgresql.jdbc.PgStatement.execute(PgStatement.java:292)
	at com.zaxxer.hikari.pool.ProxyStatement.execute(ProxyStatement.java:94)
	at com.zaxxer.hikari.pool.HikariProxyStatement.execute(HikariProxyStatement.java)
	at org.springframework.jdbc.core.JdbcTemplate$1ExecuteStatementCallback.doInStatement(JdbcTemplate.java:435)
	at org.springframework.jdbc.core.JdbcTemplate.execute(JdbcTemplate.java:393)
	at org.springframework.jdbc.core.JdbcTemplate.execute(JdbcTemplate.java:444)
	at org.springframework.ai.vectorstore.pgvector.PgVectorStore.afterPropertiesSet(PgVectorStore.java:421)
	at org.springframework.beans.factory.support.AbstractAutowireCapableBeanFactory.invokeInitMethods(AbstractAutowireCapableBeanFactory.java:1853)
	at org.springframework.beans.factory.support.AbstractAutowireCapableBeanFactory.initializeBean(AbstractAutowireCapableBeanFactory.java:1802)
	at org.springframework.beans.factory.support.AbstractAutowireCapableBeanFactory.doCreateBean(AbstractAutowireCapableBeanFactory.java:600)
	at org.springframework.beans.factory.support.AbstractAutowireCapableBeanFactory.createBean(AbstractAutowireCapableBeanFactory.java:522)
	at org.springframework.beans.factory.support.AbstractBeanFactory.lambda$doGetBean$0(AbstractBeanFactory.java:337)
	at org.springframework.beans.factory.support.DefaultSingletonBeanRegistry.getSingleton(DefaultSingletonBeanRegistry.java:234)
	at org.springframework.beans.factory.support.AbstractBeanFactory.doGetBean(AbstractBeanFactory.java:335)
	at org.springframework.beans.factory.support.AbstractBeanFactory.getBean(AbstractBeanFactory.java:200)
	at org.springframework.beans.factory.config.DependencyDescriptor.resolveCandidate(DependencyDescriptor.java:254)
	at org.springframework.beans.factory.support.DefaultListableBeanFactory.doResolveDependency(DefaultListableBeanFactory.java:1443)
	at org.springframework.beans.factory.support.DefaultListableBeanFactory.resolveDependency(DefaultListableBeanFactory.java:1353)
	at org.springframework.beans.factory.support.ConstructorResolver.resolveAutowiredArgument(ConstructorResolver.java:904)
	at org.springframework.beans.factory.support.ConstructorResolver.createArgumentArray(ConstructorResolver.java:782)
	at org.springframework.beans.factory.support.ConstructorResolver.autowireConstructor(ConstructorResolver.java:237)
	at org.springframework.beans.factory.support.AbstractAutowireCapableBeanFactory.autowireConstructor(AbstractAutowireCapableBeanFactory.java:1375)
	at org.springframework.beans.factory.support.AbstractAutowireCapableBeanFactory.createBeanInstance(AbstractAutowireCapableBeanFactory.java:1212)
	at org.springframework.beans.factory.support.AbstractAutowireCapableBeanFactory.doCreateBean(AbstractAutowireCapableBeanFactory.java:562)
	at org.springframework.beans.factory.support.AbstractAutowireCapableBeanFactory.createBean(AbstractAutowireCapableBeanFactory.java:522)
	at org.springframework.beans.factory.support.AbstractBeanFactory.lambda$doGetBean$0(AbstractBeanFactory.java:337)
	at org.springframework.beans.factory.support.DefaultSingletonBeanRegistry.getSingleton(DefaultSingletonBeanRegistry.java:234)
	at org.springframework.beans.factory.support.AbstractBeanFactory.doGetBean(AbstractBeanFactory.java:335)
	at org.springframework.beans.factory.support.AbstractBeanFactory.getBean(AbstractBeanFactory.java:200)
	at org.springframework.beans.factory.config.DependencyDescriptor.resolveCandidate(DependencyDescriptor.java:254)
	at org.springframework.beans.factory.support.DefaultListableBeanFactory.doResolveDependency(DefaultListableBeanFactory.java:1443)
	at org.springframework.beans.factory.support.DefaultListableBeanFactory.resolveDependency(DefaultListableBeanFactory.java:1353)
	at org.springframework.beans.factory.support.ConstructorResolver.resolveAutowiredArgument(ConstructorResolver.java:904)
	at org.springframework.beans.factory.support.ConstructorResolver.createArgumentArray(ConstructorResolver.java:782)
	at org.springframework.beans.factory.support.ConstructorResolver.autowireConstructor(ConstructorResolver.java:237)
	at org.springframework.beans.factory.support.AbstractAutowireCapableBeanFactory.autowireConstructor(AbstractAutowireCapableBeanFactory.java:1375)
	at org.springframework.beans.factory.support.AbstractAutowireCapableBeanFactory.createBeanInstance(AbstractAutowireCapableBeanFactory.java:1212)
	at org.springframework.beans.factory.support.AbstractAutowireCapableBeanFactory.doCreateBean(AbstractAutowireCapableBeanFactory.java:562)
	at org.springframework.beans.factory.support.AbstractAutowireCapableBeanFactory.createBean(AbstractAutowireCapableBeanFactory.java:522)
	at org.springframework.beans.factory.support.AbstractBeanFactory.lambda$doGetBean$0(AbstractBeanFactory.java:337)
	at org.springframework.beans.factory.support.DefaultSingletonBeanRegistry.getSingleton(DefaultSingletonBeanRegistry.java:234)
	at org.springframework.beans.factory.support.AbstractBeanFactory.doGetBean(AbstractBeanFactory.java:335)
	at org.springframework.beans.factory.support.AbstractBeanFactory.getBean(AbstractBeanFactory.java:200)
	at org.springframework.beans.factory.config.DependencyDescriptor.resolveCandidate(DependencyDescriptor.java:254)
	at org.springframework.beans.factory.support.DefaultListableBeanFactory.addCandidateEntry(DefaultListableBeanFactory.java:1689)
	at org.springframework.beans.factory.support.DefaultListableBeanFactory.findAutowireCandidates(DefaultListableBeanFactory.java:1653)
	at org.springframework.beans.factory.support.DefaultListableBeanFactory.resolveMultipleBeanCollection(DefaultListableBeanFactory.java:1543)
	at org.springframework.beans.factory.support.DefaultListableBeanFactory.resolveMultipleBeans(DefaultListableBeanFactory.java:1511)
	at org.springframework.beans.factory.support.DefaultListableBeanFactory.doResolveDependency(DefaultListableBeanFactory.java:1392)
	at org.springframework.beans.factory.support.DefaultListableBeanFactory.resolveDependency(DefaultListableBeanFactory.java:1353)
	at org.springframework.beans.factory.support.ConstructorResolver.resolveAutowiredArgument(ConstructorResolver.java:904)
	at org.springframework.beans.factory.support.ConstructorResolver.createArgumentArray(ConstructorResolver.java:782)
	at org.springframework.beans.factory.support.ConstructorResolver.autowireConstructor(ConstructorResolver.java:237)
	at org.springframework.beans.factory.support.AbstractAutowireCapableBeanFactory.autowireConstructor(AbstractAutowireCapableBeanFactory.java:1375)
	at org.springframework.beans.factory.support.AbstractAutowireCapableBeanFactory.createBeanInstance(AbstractAutowireCapableBeanFactory.java:1212)
	at org.springframework.beans.factory.support.AbstractAutowireCapableBeanFactory.doCreateBean(AbstractAutowireCapableBeanFactory.java:562)
	at org.springframework.beans.factory.support.AbstractAutowireCapableBeanFactory.createBean(AbstractAutowireCapableBeanFactory.java:522)
	at org.springframework.beans.factory.support.AbstractBeanFactory.lambda$doGetBean$0(AbstractBeanFactory.java:337)
	at org.springframework.beans.factory.support.DefaultSingletonBeanRegistry.getSingleton(DefaultSingletonBeanRegistry.java:234)
	at org.springframework.beans.factory.support.AbstractBeanFactory.doGetBean(AbstractBeanFactory.java:335)
	at org.springframework.beans.factory.support.AbstractBeanFactory.getBean(AbstractBeanFactory.java:200)
	at org.springframework.beans.factory.config.DependencyDescriptor.resolveCandidate(DependencyDescriptor.java:254)
	at org.springframework.beans.factory.support.DefaultListableBeanFactory.doResolveDependency(DefaultListableBeanFactory.java:1443)
	at org.springframework.beans.factory.support.DefaultListableBeanFactory.resolveDependency(DefaultListableBeanFactory.java:1353)
	at org.springframework.beans.factory.support.ConstructorResolver.resolveAutowiredArgument(ConstructorResolver.java:904)
	at org.springframework.beans.factory.support.ConstructorResolver.createArgumentArray(ConstructorResolver.java:782)
	at org.springframework.beans.factory.support.ConstructorResolver.autowireConstructor(ConstructorResolver.java:237)
	at org.springframework.beans.factory.support.AbstractAutowireCapableBeanFactory.autowireConstructor(AbstractAutowireCapableBeanFactory.java:1375)
	at org.springframework.beans.factory.support.AbstractAutowireCapableBeanFactory.createBeanInstance(AbstractAutowireCapableBeanFactory.java:1212)
	at org.springframework.beans.factory.support.AbstractAutowireCapableBeanFactory.doCreateBean(AbstractAutowireCapableBeanFactory.java:562)
	at org.springframework.beans.factory.support.AbstractAutowireCapableBeanFactory.createBean(AbstractAutowireCapableBeanFactory.java:522)
	at org.springframework.beans.factory.support.AbstractBeanFactory.lambda$doGetBean$0(AbstractBeanFactory.java:337)
	at org.springframework.beans.factory.support.DefaultSingletonBeanRegistry.getSingleton(DefaultSingletonBeanRegistry.java:234)
	at org.springframework.beans.factory.support.AbstractBeanFactory.doGetBean(AbstractBeanFactory.java:335)
	at org.springframework.beans.factory.support.AbstractBeanFactory.getBean(AbstractBeanFactory.java:200)
	at org.springframework.beans.factory.support.DefaultListableBeanFactory.preInstantiateSingletons(DefaultListableBeanFactory.java:975)
	at org.springframework.context.support.AbstractApplicationContext.finishBeanFactoryInitialization(AbstractApplicationContext.java:971)
	at org.springframework.context.support.AbstractApplicationContext.refresh(AbstractApplicationContext.java:625)
	at org.springframework.boot.web.servlet.context.ServletWebServerApplicationContext.refresh(ServletWebServerApplicationContext.java:146)
	at org.springframework.boot.SpringApplication.refresh(SpringApplication.java:754)
	at org.springframework.boot.SpringApplication.refreshContext(SpringApplication.java:456)
	at org.springframework.boot.SpringApplication.run(SpringApplication.java:335)
	at org.springframework.boot.SpringApplication.run(SpringApplication.java:1363)
	at org.springframework.boot.SpringApplication.run(SpringApplication.java:1352)
	at com.aiservice.aireviewassistant.AiReviewAssistantApplication.main(AiReviewAssistantApplication.java:14)
	at java.base/jdk.internal.reflect.DirectMethodHandleAccessor.invoke(DirectMethodHandleAccessor.java:103)
	at java.base/java.lang.reflect.Method.invoke(Method.java:580)
	at org.springframework.boot.loader.launch.Launcher.launch(Launcher.java:102)
	at org.springframework.boot.loader.launch.Launcher.launch(Launcher.java:64)
	at org.springframework.boot.loader.launch.JarLauncher.main(JarLauncher.java:40)
2026-08-29 15:09:00.064 [main] WARN  o.s.b.w.s.c.AnnotationConfigServletWebServerApplicationContext - Exception encountered during context initialization - cancelling refresh attempt: org.springframework.beans.factory.UnsatisfiedDependencyException: Error creating bean with name 'chainExecutor' defined in URL [jar:nested:/Users/h3rtz/Desktop/ai-review-assistant/target/ai-review-assistant-0.0.1-SNAPSHOT.jar/!BOOT-INF/classes/!/com/aiservice/aireviewassistant/agent/tool/ChainExecutor.class]: Unsatisfied dependency expressed through constructor parameter 0: Error creating bean with name 'toolRegistry' defined in URL [jar:nested:/Users/h3rtz/Desktop/ai-review-assistant/target/ai-review-assistant-0.0.1-SNAPSHOT.jar/!BOOT-INF/classes/!/com/aiservice/aireviewassistant/agent/tool/ToolRegistry.class]: Unsatisfied dependency expressed through constructor parameter 0: Error creating bean with name 'summaryTool' defined in URL [jar:nested:/Users/h3rtz/Desktop/ai-review-assistant/target/ai-review-assistant-0.0.1-SNAPSHOT.jar/!BOOT-INF/classes/!/com/aiservice/aireviewassistant/agent/tool/SummaryTool.class]: Unsatisfied dependency expressed through constructor parameter 1: Error creating bean with name 'ragServiceImpl' defined in URL [jar:nested:/Users/h3rtz/Desktop/ai-review-assistant/target/ai-review-assistant-0.0.1-SNAPSHOT.jar/!BOOT-INF/classes/!/com/aiservice/aireviewassistant/service/impl/RagServiceImpl.class]: Unsatisfied dependency expressed through constructor parameter 1: Error creating bean with name 'vectorStore' defined in class path resource [com/aiservice/aireviewassistant/config/VectorStoreConfig.class]: StatementCallback; uncategorized SQLException for SQL [CREATE EXTENSION IF NOT EXISTS vector]; SQL state [0A000]; error code [0]; ERROR: extension "vector" is not available
  Detail: Could not open extension control file "/opt/homebrew/opt/postgresql@16/share/postgresql@16/extension/vector.control": No such file or directory.
  Hint: The extension must first be installed on the system where PostgreSQL is running.
2026-08-29 15:09:00.065 [main] INFO  com.zaxxer.hikari.HikariDataSource - HikariPool-1 - Shutdown initiated...
2026-08-29 15:09:00.074 [main] INFO  com.zaxxer.hikari.HikariDataSource - HikariPool-1 - Shutdown completed.
2026-08-29 15:09:00.076 [main] INFO  o.a.catalina.core.StandardService - Stopping service [Tomcat]
2026-08-29 15:09:00.088 [main] INFO  o.s.b.a.l.ConditionEvaluationReportLogger - 

Error starting ApplicationContext. To display the condition evaluation report re-run your application with 'debug' enabled.
2026-08-29 15:09:00.098 [main] ERROR o.s.boot.SpringApplication - Application run failed
org.springframework.beans.factory.UnsatisfiedDependencyException: Error creating bean with name 'chainExecutor' defined in URL [jar:nested:/Users/h3rtz/Desktop/ai-review-assistant/target/ai-review-assistant-0.0.1-SNAPSHOT.jar/!BOOT-INF/classes/!/com/aiservice/aireviewassistant/agent/tool/ChainExecutor.class]: Unsatisfied dependency expressed through constructor parameter 0: Error creating bean with name 'toolRegistry' defined in URL [jar:nested:/Users/h3rtz/Desktop/ai-review-assistant/target/ai-review-assistant-0.0.1-SNAPSHOT.jar/!BOOT-INF/classes/!/com/aiservice/aireviewassistant/agent/tool/ToolRegistry.class]: Unsatisfied dependency expressed through constructor parameter 0: Error creating bean with name 'summaryTool' defined in URL [jar:nested:/Users/h3rtz/Desktop/ai-review-assistant/target/ai-review-assistant-0.0.1-SNAPSHOT.jar/!BOOT-INF/classes/!/com/aiservice/aireviewassistant/agent/tool/SummaryTool.class]: Unsatisfied dependency expressed through constructor parameter 1: Error creating bean with name 'ragServiceImpl' defined in URL [jar:nested:/Users/h3rtz/Desktop/ai-review-assistant/target/ai-review-assistant-0.0.1-SNAPSHOT.jar/!BOOT-INF/classes/!/com/aiservice/aireviewassistant/service/impl/RagServiceImpl.class]: Unsatisfied dependency expressed through constructor parameter 1: Error creating bean with name 'vectorStore' defined in class path resource [com/aiservice/aireviewassistant/config/VectorStoreConfig.class]: StatementCallback; uncategorized SQLException for SQL [CREATE EXTENSION IF NOT EXISTS vector]; SQL state [0A000]; error code [0]; ERROR: extension "vector" is not available
  Detail: Could not open extension control file "/opt/homebrew/opt/postgresql@16/share/postgresql@16/extension/vector.control": No such file or directory.
  Hint: The extension must first be installed on the system where PostgreSQL is running.
	at org.springframework.beans.factory.support.ConstructorResolver.createArgumentArray(ConstructorResolver.java:795)
	at org.springframework.beans.factory.support.ConstructorResolver.autowireConstructor(ConstructorResolver.java:237)
	at org.springframework.beans.factory.support.AbstractAutowireCapableBeanFactory.autowireConstructor(AbstractAutowireCapableBeanFactory.java:1375)
	at org.springframework.beans.factory.support.AbstractAutowireCapableBeanFactory.createBeanInstance(AbstractAutowireCapableBeanFactory.java:1212)
	at org.springframework.beans.factory.support.AbstractAutowireCapableBeanFactory.doCreateBean(AbstractAutowireCapableBeanFactory.java:562)
	at org.springframework.beans.factory.support.AbstractAutowireCapableBeanFactory.createBean(AbstractAutowireCapableBeanFactory.java:522)
	at org.springframework.beans.factory.support.AbstractBeanFactory.lambda$doGetBean$0(AbstractBeanFactory.java:337)
	at org.springframework.beans.factory.support.DefaultSingletonBeanRegistry.getSingleton(DefaultSingletonBeanRegistry.java:234)
	at org.springframework.beans.factory.support.AbstractBeanFactory.doGetBean(AbstractBeanFactory.java:335)
	at org.springframework.beans.factory.support.AbstractBeanFactory.getBean(AbstractBeanFactory.java:200)
	at org.springframework.beans.factory.support.DefaultListableBeanFactory.preInstantiateSingletons(DefaultListableBeanFactory.java:975)
	at org.springframework.context.support.AbstractApplicationContext.finishBeanFactoryInitialization(AbstractApplicationContext.java:971)
	at org.springframework.context.support.AbstractApplicationContext.refresh(AbstractApplicationContext.java:625)
	at org.springframework.boot.web.servlet.context.ServletWebServerApplicationContext.refresh(ServletWebServerApplicationContext.java:146)
	at org.springframework.boot.SpringApplication.refresh(SpringApplication.java:754)
	at org.springframework.boot.SpringApplication.refreshContext(SpringApplication.java:456)
	at org.springframework.boot.SpringApplication.run(SpringApplication.java:335)
	at org.springframework.boot.SpringApplication.run(SpringApplication.java:1363)
	at org.springframework.boot.SpringApplication.run(SpringApplication.java:1352)
	at com.aiservice.aireviewassistant.AiReviewAssistantApplication.main(AiReviewAssistantApplication.java:14)
	at java.base/jdk.internal.reflect.DirectMethodHandleAccessor.invoke(DirectMethodHandleAccessor.java:103)
	at java.base/java.lang.reflect.Method.invoke(Method.java:580)
	at org.springframework.boot.loader.launch.Launcher.launch(Launcher.java:102)
	at org.springframework.boot.loader.launch.Launcher.launch(Launcher.java:64)
	at org.springframework.boot.loader.launch.JarLauncher.main(JarLauncher.java:40)
Caused by: org.springframework.beans.factory.UnsatisfiedDependencyException: Error creating bean with name 'toolRegistry' defined in URL [jar:nested:/Users/h3rtz/Desktop/ai-review-assistant/target/ai-review-assistant-0.0.1-SNAPSHOT.jar/!BOOT-INF/classes/!/com/aiservice/aireviewassistant/agent/tool/ToolRegistry.class]: Unsatisfied dependency expressed through constructor parameter 0: Error creating bean with name 'summaryTool' defined in URL [jar:nested:/Users/h3rtz/Desktop/ai-review-assistant/target/ai-review-assistant-0.0.1-SNAPSHOT.jar/!BOOT-INF/classes/!/com/aiservice/aireviewassistant/agent/tool/SummaryTool.class]: Unsatisfied dependency expressed through constructor parameter 1: Error creating bean with name 'ragServiceImpl' defined in URL [jar:nested:/Users/h3rtz/Desktop/ai-review-assistant/target/ai-review-assistant-0.0.1-SNAPSHOT.jar/!BOOT-INF/classes/!/com/aiservice/aireviewassistant/service/impl/RagServiceImpl.class]: Unsatisfied dependency expressed through constructor parameter 1: Error creating bean with name 'vectorStore' defined in class path resource [com/aiservice/aireviewassistant/config/VectorStoreConfig.class]: StatementCallback; uncategorized SQLException for SQL [CREATE EXTENSION IF NOT EXISTS vector]; SQL state [0A000]; error code [0]; ERROR: extension "vector" is not available
  Detail: Could not open extension control file "/opt/homebrew/opt/postgresql@16/share/postgresql@16/extension/vector.control": No such file or directory.
  Hint: The extension must first be installed on the system where PostgreSQL is running.
	at org.springframework.beans.factory.support.ConstructorResolver.createArgumentArray(ConstructorResolver.java:795)
	at org.springframework.beans.factory.support.ConstructorResolver.autowireConstructor(ConstructorResolver.java:237)
	at org.springframework.beans.factory.support.AbstractAutowireCapableBeanFactory.autowireConstructor(AbstractAutowireCapableBeanFactory.java:1375)
	at org.springframework.beans.factory.support.AbstractAutowireCapableBeanFactory.createBeanInstance(AbstractAutowireCapableBeanFactory.java:1212)
	at org.springframework.beans.factory.support.AbstractAutowireCapableBeanFactory.doCreateBean(AbstractAutowireCapableBeanFactory.java:562)
	at org.springframework.beans.factory.support.AbstractAutowireCapableBeanFactory.createBean(AbstractAutowireCapableBeanFactory.java:522)
	at org.springframework.beans.factory.support.AbstractBeanFactory.lambda$doGetBean$0(AbstractBeanFactory.java:337)
	at org.springframework.beans.factory.support.DefaultSingletonBeanRegistry.getSingleton(DefaultSingletonBeanRegistry.java:234)
	at org.springframework.beans.factory.support.AbstractBeanFactory.doGetBean(AbstractBeanFactory.java:335)
	at org.springframework.beans.factory.support.AbstractBeanFactory.getBean(AbstractBeanFactory.java:200)
	at org.springframework.beans.factory.config.DependencyDescriptor.resolveCandidate(DependencyDescriptor.java:254)
	at org.springframework.beans.factory.support.DefaultListableBeanFactory.doResolveDependency(DefaultListableBeanFactory.java:1443)
	at org.springframework.beans.factory.support.DefaultListableBeanFactory.resolveDependency(DefaultListableBeanFactory.java:1353)
	at org.springframework.beans.factory.support.ConstructorResolver.resolveAutowiredArgument(ConstructorResolver.java:904)
	at org.springframework.beans.factory.support.ConstructorResolver.createArgumentArray(ConstructorResolver.java:782)
	... 24 common frames omitted
Caused by: org.springframework.beans.factory.UnsatisfiedDependencyException: Error creating bean with name 'summaryTool' defined in URL [jar:nested:/Users/h3rtz/Desktop/ai-review-assistant/target/ai-review-assistant-0.0.1-SNAPSHOT.jar/!BOOT-INF/classes/!/com/aiservice/aireviewassistant/agent/tool/SummaryTool.class]: Unsatisfied dependency expressed through constructor parameter 1: Error creating bean with name 'ragServiceImpl' defined in URL [jar:nested:/Users/h3rtz/Desktop/ai-review-assistant/target/ai-review-assistant-0.0.1-SNAPSHOT.jar/!BOOT-INF/classes/!/com/aiservice/aireviewassistant/service/impl/RagServiceImpl.class]: Unsatisfied dependency expressed through constructor parameter 1: Error creating bean with name 'vectorStore' defined in class path resource [com/aiservice/aireviewassistant/config/VectorStoreConfig.class]: StatementCallback; uncategorized SQLException for SQL [CREATE EXTENSION IF NOT EXISTS vector]; SQL state [0A000]; error code [0]; ERROR: extension "vector" is not available
  Detail: Could not open extension control file "/opt/homebrew/opt/postgresql@16/share/postgresql@16/extension/vector.control": No such file or directory.
  Hint: The extension must first be installed on the system where PostgreSQL is running.
	at org.springframework.beans.factory.support.ConstructorResolver.createArgumentArray(ConstructorResolver.java:795)
	at org.springframework.beans.factory.support.ConstructorResolver.autowireConstructor(ConstructorResolver.java:237)
	at org.springframework.beans.factory.support.AbstractAutowireCapableBeanFactory.autowireConstructor(AbstractAutowireCapableBeanFactory.java:1375)
	at org.springframework.beans.factory.support.AbstractAutowireCapableBeanFactory.createBeanInstance(AbstractAutowireCapableBeanFactory.java:1212)
	at org.springframework.beans.factory.support.AbstractAutowireCapableBeanFactory.doCreateBean(AbstractAutowireCapableBeanFactory.java:562)
	at org.springframework.beans.factory.support.AbstractAutowireCapableBeanFactory.createBean(AbstractAutowireCapableBeanFactory.java:522)
	at org.springframework.beans.factory.support.AbstractBeanFactory.lambda$doGetBean$0(AbstractBeanFactory.java:337)
	at org.springframework.beans.factory.support.DefaultSingletonBeanRegistry.getSingleton(DefaultSingletonBeanRegistry.java:234)
	at org.springframework.beans.factory.support.AbstractBeanFactory.doGetBean(AbstractBeanFactory.java:335)
	at org.springframework.beans.factory.support.AbstractBeanFactory.getBean(AbstractBeanFactory.java:200)
	at org.springframework.beans.factory.config.DependencyDescriptor.resolveCandidate(DependencyDescriptor.java:254)
	at org.springframework.beans.factory.support.DefaultListableBeanFactory.addCandidateEntry(DefaultListableBeanFactory.java:1689)
	at org.springframework.beans.factory.support.DefaultListableBeanFactory.findAutowireCandidates(DefaultListableBeanFactory.java:1653)
	at org.springframework.beans.factory.support.DefaultListableBeanFactory.resolveMultipleBeanCollection(DefaultListableBeanFactory.java:1543)
	at org.springframework.beans.factory.support.DefaultListableBeanFactory.resolveMultipleBeans(DefaultListableBeanFactory.java:1511)
	at org.springframework.beans.factory.support.DefaultListableBeanFactory.doResolveDependency(DefaultListableBeanFactory.java:1392)
	at org.springframework.beans.factory.support.DefaultListableBeanFactory.resolveDependency(DefaultListableBeanFactory.java:1353)
	at org.springframework.beans.factory.support.ConstructorResolver.resolveAutowiredArgument(ConstructorResolver.java:904)
	at org.springframework.beans.factory.support.ConstructorResolver.createArgumentArray(ConstructorResolver.java:782)
	... 38 common frames omitted
Caused by: org.springframework.beans.factory.UnsatisfiedDependencyException: Error creating bean with name 'ragServiceImpl' defined in URL [jar:nested:/Users/h3rtz/Desktop/ai-review-assistant/target/ai-review-assistant-0.0.1-SNAPSHOT.jar/!BOOT-INF/classes/!/com/aiservice/aireviewassistant/service/impl/RagServiceImpl.class]: Unsatisfied dependency expressed through constructor parameter 1: Error creating bean with name 'vectorStore' defined in class path resource [com/aiservice/aireviewassistant/config/VectorStoreConfig.class]: StatementCallback; uncategorized SQLException for SQL [CREATE EXTENSION IF NOT EXISTS vector]; SQL state [0A000]; error code [0]; ERROR: extension "vector" is not available
  Detail: Could not open extension control file "/opt/homebrew/opt/postgresql@16/share/postgresql@16/extension/vector.control": No such file or directory.
  Hint: The extension must first be installed on the system where PostgreSQL is running.
	at org.springframework.beans.factory.support.ConstructorResolver.createArgumentArray(ConstructorResolver.java:795)
	at org.springframework.beans.factory.support.ConstructorResolver.autowireConstructor(ConstructorResolver.java:237)
	at org.springframework.beans.factory.support.AbstractAutowireCapableBeanFactory.autowireConstructor(AbstractAutowireCapableBeanFactory.java:1375)
	at org.springframework.beans.factory.support.AbstractAutowireCapableBeanFactory.createBeanInstance(AbstractAutowireCapableBeanFactory.java:1212)
	at org.springframework.beans.factory.support.AbstractAutowireCapableBeanFactory.doCreateBean(AbstractAutowireCapableBeanFactory.java:562)
	at org.springframework.beans.factory.support.AbstractAutowireCapableBeanFactory.createBean(AbstractAutowireCapableBeanFactory.java:522)
	at org.springframework.beans.factory.support.AbstractBeanFactory.lambda$doGetBean$0(AbstractBeanFactory.java:337)
	at org.springframework.beans.factory.support.DefaultSingletonBeanRegistry.getSingleton(DefaultSingletonBeanRegistry.java:234)
	at org.springframework.beans.factory.support.AbstractBeanFactory.doGetBean(AbstractBeanFactory.java:335)
	at org.springframework.beans.factory.support.AbstractBeanFactory.getBean(AbstractBeanFactory.java:200)
	at org.springframework.beans.factory.config.DependencyDescriptor.resolveCandidate(DependencyDescriptor.java:254)
	at org.springframework.beans.factory.support.DefaultListableBeanFactory.doResolveDependency(DefaultListableBeanFactory.java:1443)
	at org.springframework.beans.factory.support.DefaultListableBeanFactory.resolveDependency(DefaultListableBeanFactory.java:1353)
	at org.springframework.beans.factory.support.ConstructorResolver.resolveAutowiredArgument(ConstructorResolver.java:904)
	at org.springframework.beans.factory.support.ConstructorResolver.createArgumentArray(ConstructorResolver.java:782)
	... 56 common frames omitted
Caused by: org.springframework.beans.factory.BeanCreationException: Error creating bean with name 'vectorStore' defined in class path resource [com/aiservice/aireviewassistant/config/VectorStoreConfig.class]: StatementCallback; uncategorized SQLException for SQL [CREATE EXTENSION IF NOT EXISTS vector]; SQL state [0A000]; error code [0]; ERROR: extension "vector" is not available
  Detail: Could not open extension control file "/opt/homebrew/opt/postgresql@16/share/postgresql@16/extension/vector.control": No such file or directory.
  Hint: The extension must first be installed on the system where PostgreSQL is running.
	at org.springframework.beans.factory.support.AbstractAutowireCapableBeanFactory.initializeBean(AbstractAutowireCapableBeanFactory.java:1806)
	at org.springframework.beans.factory.support.AbstractAutowireCapableBeanFactory.doCreateBean(AbstractAutowireCapableBeanFactory.java:600)
	at org.springframework.beans.factory.support.AbstractAutowireCapableBeanFactory.createBean(AbstractAutowireCapableBeanFactory.java:522)
	at org.springframework.beans.factory.support.AbstractBeanFactory.lambda$doGetBean$0(AbstractBeanFactory.java:337)
	at org.springframework.beans.factory.support.DefaultSingletonBeanRegistry.getSingleton(DefaultSingletonBeanRegistry.java:234)
	at org.springframework.beans.factory.support.AbstractBeanFactory.doGetBean(AbstractBeanFactory.java:335)
	at org.springframework.beans.factory.support.AbstractBeanFactory.getBean(AbstractBeanFactory.java:200)
	at org.springframework.beans.factory.config.DependencyDescriptor.resolveCandidate(DependencyDescriptor.java:254)
	at org.springframework.beans.factory.support.DefaultListableBeanFactory.doResolveDependency(DefaultListableBeanFactory.java:1443)
	at org.springframework.beans.factory.support.DefaultListableBeanFactory.resolveDependency(DefaultListableBeanFactory.java:1353)
	at org.springframework.beans.factory.support.ConstructorResolver.resolveAutowiredArgument(ConstructorResolver.java:904)
	at org.springframework.beans.factory.support.ConstructorResolver.createArgumentArray(ConstructorResolver.java:782)
	... 70 common frames omitted
Caused by: org.springframework.jdbc.UncategorizedSQLException: StatementCallback; uncategorized SQLException for SQL [CREATE EXTENSION IF NOT EXISTS vector]; SQL state [0A000]; error code [0]; ERROR: extension "vector" is not available
  Detail: Could not open extension control file "/opt/homebrew/opt/postgresql@16/share/postgresql@16/extension/vector.control": No such file or directory.
  Hint: The extension must first be installed on the system where PostgreSQL is running.
	at org.springframework.jdbc.core.JdbcTemplate.translateException(JdbcTemplate.java:1549)
	at org.springframework.jdbc.core.JdbcTemplate.execute(JdbcTemplate.java:408)
	at org.springframework.jdbc.core.JdbcTemplate.execute(JdbcTemplate.java:444)
	at org.springframework.ai.vectorstore.pgvector.PgVectorStore.afterPropertiesSet(PgVectorStore.java:421)
	at org.springframework.beans.factory.support.AbstractAutowireCapableBeanFactory.invokeInitMethods(AbstractAutowireCapableBeanFactory.java:1853)
	at org.springframework.beans.factory.support.AbstractAutowireCapableBeanFactory.initializeBean(AbstractAutowireCapableBeanFactory.java:1802)
	... 81 common frames omitted
Caused by: org.postgresql.util.PSQLException: ERROR: extension "vector" is not available
  Detail: Could not open extension control file "/opt/homebrew/opt/postgresql@16/share/postgresql@16/extension/vector.control": No such file or directory.
  Hint: The extension must first be installed on the system where PostgreSQL is running.
	at org.postgresql.core.v3.QueryExecutorImpl.receiveErrorResponse(QueryExecutorImpl.java:2713)
	at org.postgresql.core.v3.QueryExecutorImpl.processResults(QueryExecutorImpl.java:2401)
	at org.postgresql.core.v3.QueryExecutorImpl.execute(QueryExecutorImpl.java:368)
	at org.postgresql.jdbc.PgStatement.executeInternal(PgStatement.java:498)
	at org.postgresql.jdbc.PgStatement.execute(PgStatement.java:415)
	at org.postgresql.jdbc.PgStatement.executeWithFlags(PgStatement.java:335)
	at org.postgresql.jdbc.PgStatement.executeCachedSql(PgStatement.java:321)
	at org.postgresql.jdbc.PgStatement.executeWithFlags(PgStatement.java:297)
	at org.postgresql.jdbc.PgStatement.execute(PgStatement.java:292)
	at com.zaxxer.hikari.pool.ProxyStatement.execute(ProxyStatement.java:94)
	at com.zaxxer.hikari.pool.HikariProxyStatement.execute(HikariProxyStatement.java)
	at org.springframework.jdbc.core.JdbcTemplate$1ExecuteStatementCallback.doInStatement(JdbcTemplate.java:435)
	at org.springframework.jdbc.core.JdbcTemplate.execute(JdbcTemplate.java:393)
	... 85 common frames omitted
2026-08-29 15:21:07.214 [background-preinit] INFO  o.h.validator.internal.util.Version - HV000001: Hibernate Validator 8.0.1.Final
2026-08-29 15:21:07.280 [main] INFO  c.a.a.AiReviewAssistantApplication - Starting AiReviewAssistantApplication v0.0.1-SNAPSHOT using Java 22.0.1 with PID 9222 (/Users/h3rtz/Desktop/ai-review-assistant/target/ai-review-assistant-0.0.1-SNAPSHOT.jar started by h3rtz in /Users/h3rtz/Desktop/ai-review-assistant)
2026-08-29 15:21:07.280 [main] DEBUG c.a.a.AiReviewAssistantApplication - Running with Spring Boot v3.2.10, Spring v6.1.13
2026-08-29 15:21:07.280 [main] INFO  c.a.a.AiReviewAssistantApplication - No active profile set, falling back to 1 default profile: "default"
2026-08-29 15:21:08.855 [main] INFO  o.s.b.w.e.tomcat.TomcatWebServer - Tomcat initialized with port 8080 (http)
2026-08-29 15:21:08.862 [main] INFO  o.a.coyote.http11.Http11NioProtocol - Initializing ProtocolHandler ["http-nio-8080"]
2026-08-29 15:21:08.864 [main] INFO  o.a.catalina.core.StandardService - Starting service [Tomcat]
2026-08-29 15:21:08.864 [main] INFO  o.a.catalina.core.StandardEngine - Starting Servlet engine: [Apache Tomcat/10.1.30]
2026-08-29 15:21:08.883 [main] INFO  o.a.c.c.C.[Tomcat].[localhost].[/] - Initializing Spring embedded WebApplicationContext
2026-08-29 15:21:08.884 [main] INFO  o.s.b.w.s.c.ServletWebServerApplicationContext - Root WebApplicationContext: initialization completed in 1574 ms
2026-08-29 15:21:09.396 [main] INFO  o.s.a.v.pgvector.PgVectorStore - Using the vector table name: vector_store. Is empty: false
2026-08-29 15:21:09.398 [main] INFO  o.s.a.v.pgvector.PgVectorStore - Initializing PGVectorStore schema for table: vector_store in schema: public
2026-08-29 15:21:09.398 [main] INFO  o.s.a.v.pgvector.PgVectorStore - vectorTableValidationsEnabled false
2026-08-29 15:21:09.401 [main] INFO  com.zaxxer.hikari.HikariDataSource - HikariPool-1 - Starting...
2026-08-29 15:21:09.549 [main] INFO  com.zaxxer.hikari.pool.HikariPool - HikariPool-1 - Added connection org.postgresql.jdbc.PgConnection@442dde70
2026-08-29 15:21:09.550 [main] INFO  com.zaxxer.hikari.HikariDataSource - HikariPool-1 - Start completed.
2026-08-29 15:21:10.248 [main] WARN  o.s.b.a.s.s.UserDetailsServiceAutoConfiguration - 

Using generated security password: 9a91c57b-a504-4dee-8dff-12bd63f71bcc

This generated password is for development use only. Your security configuration must be updated before running your application in production.

2026-08-29 15:21:10.325 [main] INFO  o.s.b.a.w.s.WelcomePageHandlerMapping - Adding welcome page: class path resource [static/index.html]
2026-08-29 15:21:10.489 [main] INFO  o.s.b.a.e.web.EndpointLinksResolver - Exposing 4 endpoint(s) beneath base path '/actuator'
2026-08-29 15:21:10.542 [main] INFO  o.s.s.web.DefaultSecurityFilterChain - Will secure any request with [org.springframework.security.web.session.DisableEncodeUrlFilter@4cb17cdc, org.springframework.security.web.context.request.async.WebAsyncManagerIntegrationFilter@84ae4e8, org.springframework.security.web.context.SecurityContextHolderFilter@5a9bca8d, org.springframework.security.web.header.HeaderWriterFilter@55fec9e3, org.springframework.security.web.authentication.logout.LogoutFilter@13cba2b3, com.aiservice.aireviewassistant.security.JwtAuthenticationFilter@19e81fa8, org.springframework.security.web.savedrequest.RequestCacheAwareFilter@192b9521, org.springframework.security.web.servletapi.SecurityContextHolderAwareRequestFilter@3abaabf2, org.springframework.security.web.authentication.AnonymousAuthenticationFilter@7dbdc18f, org.springframework.security.web.session.SessionManagementFilter@44607320, org.springframework.security.web.access.ExceptionTranslationFilter@69c31b6c, org.springframework.security.web.access.intercept.AuthorizationFilter@15056b13]
2026-08-29 15:21:11.239 [main] ERROR i.n.r.d.DnsServerAddressStreamProviders - Unable to load io.netty.resolver.dns.macos.MacOSDnsServerAddressStreamProvider, fallback to system defaults. This may result in incorrect DNS resolutions on MacOS. Check whether you have a dependency on 'io.netty:netty-resolver-dns-native-macos'. Use DEBUG level to see the full stack: java.lang.UnsatisfiedLinkError: failed to load the required native library
2026-08-29 15:21:11.246 [main] INFO  o.a.coyote.http11.Http11NioProtocol - Starting ProtocolHandler ["http-nio-8080"]
2026-08-29 15:21:11.253 [main] INFO  o.s.b.w.e.tomcat.TomcatWebServer - Tomcat started on port 8080 (http) with context path ''
2026-08-29 15:21:11.275 [main] INFO  c.a.a.AiReviewAssistantApplication - Started AiReviewAssistantApplication in 4.378 seconds (process running for 4.773)
2026-08-29 15:21:11.616 [http-nio-8080-exec-1] INFO  o.a.c.c.C.[Tomcat].[localhost].[/] - Initializing Spring DispatcherServlet 'dispatcherServlet'
2026-08-29 15:21:11.616 [http-nio-8080-exec-1] INFO  o.s.web.servlet.DispatcherServlet - Initializing Servlet 'dispatcherServlet'
2026-08-29 15:21:11.617 [http-nio-8080-exec-1] INFO  o.s.web.servlet.DispatcherServlet - Completed initialization in 1 ms
2026-08-29 15:45:54.525 [SpringApplicationShutdownHook] INFO  com.zaxxer.hikari.HikariDataSource - HikariPool-1 - Shutdown initiated...
2026-08-29 15:45:54.529 [SpringApplicationShutdownHook] INFO  com.zaxxer.hikari.HikariDataSource - HikariPool-1 - Shutdown completed.
2026-08-29 15:49:15.425 [background-preinit] INFO  o.h.validator.internal.util.Version - HV000001: Hibernate Validator 8.0.1.Final
2026-08-29 15:49:15.486 [main] INFO  c.a.a.AiReviewAssistantApplication - Starting AiReviewAssistantApplication v0.0.1-SNAPSHOT using Java 22.0.1 with PID 17200 (/Users/h3rtz/Desktop/ai-review-assistant/target/ai-review-assistant-0.0.1-SNAPSHOT.jar started by h3rtz in /Users/h3rtz/Desktop/ai-review-assistant)
2026-08-29 15:49:15.487 [main] DEBUG c.a.a.AiReviewAssistantApplication - Running with Spring Boot v3.2.10, Spring v6.1.13
2026-08-29 15:49:15.487 [main] INFO  c.a.a.AiReviewAssistantApplication - No active profile set, falling back to 1 default profile: "default"
2026-08-29 15:49:16.996 [main] INFO  o.s.b.w.e.tomcat.TomcatWebServer - Tomcat initialized with port 8080 (http)
2026-08-29 15:49:17.002 [main] INFO  o.a.coyote.http11.Http11NioProtocol - Initializing ProtocolHandler ["http-nio-8080"]
2026-08-29 15:49:17.004 [main] INFO  o.a.catalina.core.StandardService - Starting service [Tomcat]
2026-08-29 15:49:17.004 [main] INFO  o.a.catalina.core.StandardEngine - Starting Servlet engine: [Apache Tomcat/10.1.30]
2026-08-29 15:49:17.023 [main] INFO  o.a.c.c.C.[Tomcat].[localhost].[/] - Initializing Spring embedded WebApplicationContext
2026-08-29 15:49:17.024 [main] INFO  o.s.b.w.s.c.ServletWebServerApplicationContext - Root WebApplicationContext: initialization completed in 1509 ms
2026-08-29 15:49:17.593 [main] INFO  o.s.a.v.pgvector.PgVectorStore - Using the vector table name: vector_store. Is empty: false
2026-08-29 15:49:17.596 [main] INFO  o.s.a.v.pgvector.PgVectorStore - Initializing PGVectorStore schema for table: vector_store in schema: public
2026-08-29 15:49:17.596 [main] INFO  o.s.a.v.pgvector.PgVectorStore - vectorTableValidationsEnabled false
2026-08-29 15:49:17.599 [main] INFO  com.zaxxer.hikari.HikariDataSource - HikariPool-1 - Starting...
2026-08-29 15:49:17.745 [main] INFO  com.zaxxer.hikari.pool.HikariPool - HikariPool-1 - Added connection org.postgresql.jdbc.PgConnection@78c203e9
2026-08-29 15:49:17.746 [main] INFO  com.zaxxer.hikari.HikariDataSource - HikariPool-1 - Start completed.
2026-08-29 15:49:18.517 [main] WARN  o.s.b.a.s.s.UserDetailsServiceAutoConfiguration - 

Using generated security password: d7b426d4-99db-4398-bb9b-f7518714a81c

This generated password is for development use only. Your security configuration must be updated before running your application in production.

2026-08-29 15:49:18.621 [main] INFO  o.s.b.a.w.s.WelcomePageHandlerMapping - Adding welcome page: class path resource [static/index.html]
2026-08-29 15:49:18.791 [main] INFO  o.s.b.a.e.web.EndpointLinksResolver - Exposing 4 endpoint(s) beneath base path '/actuator'
2026-08-29 15:49:18.845 [main] INFO  o.s.s.web.DefaultSecurityFilterChain - Will secure any request with [org.springframework.security.web.session.DisableEncodeUrlFilter@4419e9d9, org.springframework.security.web.context.request.async.WebAsyncManagerIntegrationFilter@7dbf35e9, org.springframework.security.web.context.SecurityContextHolderFilter@7a1019b4, org.springframework.security.web.header.HeaderWriterFilter@543ca0a1, org.springframework.security.web.authentication.logout.LogoutFilter@5ea8e39b, com.aiservice.aireviewassistant.security.JwtAuthenticationFilter@16b32e49, org.springframework.security.web.savedrequest.RequestCacheAwareFilter@44607320, org.springframework.security.web.servletapi.SecurityContextHolderAwareRequestFilter@78ae6b30, org.springframework.security.web.authentication.AnonymousAuthenticationFilter@1acd6104, org.springframework.security.web.session.SessionManagementFilter@4576f822, org.springframework.security.web.access.ExceptionTranslationFilter@72a0e33f, org.springframework.security.web.access.intercept.AuthorizationFilter@2ed3ceb2]
2026-08-29 15:49:19.530 [main] ERROR i.n.r.d.DnsServerAddressStreamProviders - Unable to load io.netty.resolver.dns.macos.MacOSDnsServerAddressStreamProvider, fallback to system defaults. This may result in incorrect DNS resolutions on MacOS. Check whether you have a dependency on 'io.netty:netty-resolver-dns-native-macos'. Use DEBUG level to see the full stack: java.lang.UnsatisfiedLinkError: failed to load the required native library
2026-08-29 15:49:19.542 [main] INFO  o.a.coyote.http11.Http11NioProtocol - Starting ProtocolHandler ["http-nio-8080"]
2026-08-29 15:49:19.547 [main] INFO  o.s.b.w.e.tomcat.TomcatWebServer - Tomcat started on port 8080 (http) with context path ''
2026-08-29 15:49:19.561 [main] INFO  c.a.a.AiReviewAssistantApplication - Started AiReviewAssistantApplication in 4.463 seconds (process running for 4.819)
2026-08-29 15:49:19.850 [http-nio-8080-exec-1] INFO  o.a.c.c.C.[Tomcat].[localhost].[/] - Initializing Spring DispatcherServlet 'dispatcherServlet'
2026-08-29 15:49:19.850 [http-nio-8080-exec-1] INFO  o.s.web.servlet.DispatcherServlet - Initializing Servlet 'dispatcherServlet'
2026-08-29 15:49:19.851 [http-nio-8080-exec-1] INFO  o.s.web.servlet.DispatcherServlet - Completed initialization in 1 ms
2026-08-29 15:52:25.879 [SpringApplicationShutdownHook] INFO  com.zaxxer.hikari.HikariDataSource - HikariPool-1 - Shutdown initiated...
2026-08-29 15:52:25.884 [SpringApplicationShutdownHook] INFO  com.zaxxer.hikari.HikariDataSource - HikariPool-1 - Shutdown completed.
2026-08-29 15:52:28.598 [background-preinit] INFO  o.h.validator.internal.util.Version - HV000001: Hibernate Validator 8.0.1.Final
2026-08-29 15:52:28.698 [main] INFO  c.a.a.AiReviewAssistantApplication - Starting AiReviewAssistantApplication v0.0.1-SNAPSHOT using Java 22.0.1 with PID 18197 (/Users/h3rtz/Desktop/ai-review-assistant/target/ai-review-assistant-0.0.1-SNAPSHOT.jar started by h3rtz in /Users/h3rtz/Desktop/ai-review-assistant)
2026-08-29 15:52:28.698 [main] DEBUG c.a.a.AiReviewAssistantApplication - Running with Spring Boot v3.2.10, Spring v6.1.13
2026-08-29 15:52:28.699 [main] INFO  c.a.a.AiReviewAssistantApplication - No active profile set, falling back to 1 default profile: "default"
2026-08-29 15:52:30.272 [main] INFO  o.s.b.w.e.tomcat.TomcatWebServer - Tomcat initialized with port 8080 (http)
2026-08-29 15:52:30.280 [main] INFO  o.a.coyote.http11.Http11NioProtocol - Initializing ProtocolHandler ["http-nio-8080"]
2026-08-29 15:52:30.283 [main] INFO  o.a.catalina.core.StandardService - Starting service [Tomcat]
2026-08-29 15:52:30.283 [main] INFO  o.a.catalina.core.StandardEngine - Starting Servlet engine: [Apache Tomcat/10.1.30]
2026-08-29 15:52:30.306 [main] INFO  o.a.c.c.C.[Tomcat].[localhost].[/] - Initializing Spring embedded WebApplicationContext
2026-08-29 15:52:30.306 [main] INFO  o.s.b.w.s.c.ServletWebServerApplicationContext - Root WebApplicationContext: initialization completed in 1567 ms
2026-08-29 15:52:30.859 [main] INFO  o.s.a.v.pgvector.PgVectorStore - Using the vector table name: vector_store. Is empty: false
2026-08-29 15:52:30.862 [main] INFO  o.s.a.v.pgvector.PgVectorStore - Initializing PGVectorStore schema for table: vector_store in schema: public
2026-08-29 15:52:30.862 [main] INFO  o.s.a.v.pgvector.PgVectorStore - vectorTableValidationsEnabled false
2026-08-29 15:52:30.865 [main] INFO  com.zaxxer.hikari.HikariDataSource - HikariPool-1 - Starting...
2026-08-29 15:52:31.013 [main] INFO  com.zaxxer.hikari.pool.HikariPool - HikariPool-1 - Added connection org.postgresql.jdbc.PgConnection@13208a63
2026-08-29 15:52:31.014 [main] INFO  com.zaxxer.hikari.HikariDataSource - HikariPool-1 - Start completed.
2026-08-29 15:52:31.709 [main] WARN  o.s.b.a.s.s.UserDetailsServiceAutoConfiguration - 

Using generated security password: 3831eedf-1a88-4b38-b3cf-f1599106bc2a

This generated password is for development use only. Your security configuration must be updated before running your application in production.

2026-08-29 15:52:31.790 [main] INFO  o.s.b.a.w.s.WelcomePageHandlerMapping - Adding welcome page: class path resource [static/index.html]
2026-08-29 15:52:31.975 [main] INFO  o.s.b.a.e.web.EndpointLinksResolver - Exposing 4 endpoint(s) beneath base path '/actuator'
2026-08-29 15:52:32.033 [main] INFO  o.s.s.web.DefaultSecurityFilterChain - Will secure any request with [org.springframework.security.web.session.DisableEncodeUrlFilter@6bff5990, org.springframework.security.web.context.request.async.WebAsyncManagerIntegrationFilter@7252dc76, org.springframework.security.web.context.SecurityContextHolderFilter@56b2fc96, org.springframework.security.web.header.HeaderWriterFilter@51ce1872, org.springframework.security.web.authentication.logout.LogoutFilter@363b6409, com.aiservice.aireviewassistant.security.JwtAuthenticationFilter@4cb17cdc, org.springframework.security.web.savedrequest.RequestCacheAwareFilter@6f7efeaa, org.springframework.security.web.servletapi.SecurityContextHolderAwareRequestFilter@43a24606, org.springframework.security.web.authentication.AnonymousAuthenticationFilter@84ae4e8, org.springframework.security.web.session.SessionManagementFilter@5d5682a3, org.springframework.security.web.access.ExceptionTranslationFilter@6043a43f, org.springframework.security.web.access.intercept.AuthorizationFilter@1acd6104]
2026-08-29 15:52:32.730 [main] ERROR i.n.r.d.DnsServerAddressStreamProviders - Unable to load io.netty.resolver.dns.macos.MacOSDnsServerAddressStreamProvider, fallback to system defaults. This may result in incorrect DNS resolutions on MacOS. Check whether you have a dependency on 'io.netty:netty-resolver-dns-native-macos'. Use DEBUG level to see the full stack: java.lang.UnsatisfiedLinkError: failed to load the required native library
2026-08-29 15:52:32.737 [main] INFO  o.a.coyote.http11.Http11NioProtocol - Starting ProtocolHandler ["http-nio-8080"]
2026-08-29 15:52:32.742 [main] INFO  o.s.b.w.e.tomcat.TomcatWebServer - Tomcat started on port 8080 (http) with context path ''
2026-08-29 15:52:32.763 [main] INFO  c.a.a.AiReviewAssistantApplication - Started AiReviewAssistantApplication in 4.486 seconds (process running for 4.832)
2026-08-29 15:52:33.078 [http-nio-8080-exec-1] INFO  o.a.c.c.C.[Tomcat].[localhost].[/] - Initializing Spring DispatcherServlet 'dispatcherServlet'
2026-08-29 15:52:33.079 [http-nio-8080-exec-1] INFO  o.s.web.servlet.DispatcherServlet - Initializing Servlet 'dispatcherServlet'
2026-08-29 15:52:33.079 [http-nio-8080-exec-1] INFO  o.s.web.servlet.DispatcherServlet - Completed initialization in 0 ms
2026-08-29 15:53:44.810 [http-nio-8080-exec-4] DEBUG c.a.a.m.AppUserMapper.selectList - ==>  Preparing: SELECT id,username,password,nickname,avatar,role,created_at,updated_at FROM app_user WHERE (username = ?)
2026-08-29 15:53:44.820 [http-nio-8080-exec-4] DEBUG c.a.a.m.AppUserMapper.selectList - ==> Parameters: Ameyuh(String)
2026-08-29 15:53:44.883 [http-nio-8080-exec-4] ERROR c.a.a.e.GlobalExceptionHandler - 运行时异常: 
### Error querying database.  Cause: org.postgresql.util.PSQLException: ERROR: relation "app_user" does not exist
  Position: 79
### The error may exist in com/aiservice/aireviewassistant/mapper/AppUserMapper.java (best guess)
### The error may involve defaultParameterMap
### The error occurred while setting parameters
### SQL: SELECT  id,username,password,nickname,avatar,role,created_at,updated_at  FROM app_user      WHERE  (username = ?)
### Cause: org.postgresql.util.PSQLException: ERROR: relation "app_user" does not exist
  Position: 79
; bad SQL grammar []
org.springframework.jdbc.BadSqlGrammarException: 
### Error querying database.  Cause: org.postgresql.util.PSQLException: ERROR: relation "app_user" does not exist
  Position: 79
### The error may exist in com/aiservice/aireviewassistant/mapper/AppUserMapper.java (best guess)
### The error may involve defaultParameterMap
### The error occurred while setting parameters
### SQL: SELECT  id,username,password,nickname,avatar,role,created_at,updated_at  FROM app_user      WHERE  (username = ?)
### Cause: org.postgresql.util.PSQLException: ERROR: relation "app_user" does not exist
  Position: 79
; bad SQL grammar []
	at org.springframework.jdbc.support.SQLErrorCodeSQLExceptionTranslator.doTranslate(SQLErrorCodeSQLExceptionTranslator.java:246)
	at org.springframework.jdbc.support.AbstractFallbackSQLExceptionTranslator.translate(AbstractFallbackSQLExceptionTranslator.java:107)
	at org.mybatis.spring.MyBatisExceptionTranslator.translateExceptionIfPossible(MyBatisExceptionTranslator.java:92)
	at org.mybatis.spring.SqlSessionTemplate$SqlSessionInterceptor.invoke(SqlSessionTemplate.java:439)
	at jdk.proxy2/jdk.proxy2.$Proxy112.selectList(Unknown Source)
	at org.mybatis.spring.SqlSessionTemplate.selectList(SqlSessionTemplate.java:224)
	at com.baomidou.mybatisplus.core.override.MybatisMapperMethod.executeForMany(MybatisMapperMethod.java:164)
	at com.baomidou.mybatisplus.core.override.MybatisMapperMethod.execute(MybatisMapperMethod.java:77)
	at com.baomidou.mybatisplus.core.override.MybatisMapperProxy$PlainMethodInvoker.invoke(MybatisMapperProxy.java:149)
	at com.baomidou.mybatisplus.core.override.MybatisMapperProxy.invoke(MybatisMapperProxy.java:90)
	at jdk.proxy2/jdk.proxy2.$Proxy130.selectList(Unknown Source)
	at com.baomidou.mybatisplus.core.mapper.BaseMapper.selectOne(BaseMapper.java:223)
	at java.base/java.lang.invoke.MethodHandle.invokeWithArguments(MethodHandle.java:733)
	at com.baomidou.mybatisplus.core.override.MybatisMapperProxy$DefaultMethodInvoker.invoke(MybatisMapperProxy.java:163)
	at com.baomidou.mybatisplus.core.override.MybatisMapperProxy.invoke(MybatisMapperProxy.java:90)
	at jdk.proxy2/jdk.proxy2.$Proxy130.selectOne(Unknown Source)
	at com.baomidou.mybatisplus.core.mapper.BaseMapper.selectOne(BaseMapper.java:212)
	at java.base/java.lang.invoke.MethodHandle.invokeWithArguments(MethodHandle.java:733)
	at com.baomidou.mybatisplus.core.override.MybatisMapperProxy$DefaultMethodInvoker.invoke(MybatisMapperProxy.java:163)
	at com.baomidou.mybatisplus.core.override.MybatisMapperProxy.invoke(MybatisMapperProxy.java:90)
	at jdk.proxy2/jdk.proxy2.$Proxy130.selectOne(Unknown Source)
	at com.baomidou.mybatisplus.extension.conditions.query.ChainQuery.lambda$one$cd9f9c92$1(ChainQuery.java:59)
	at com.baomidou.mybatisplus.extension.conditions.ChainWrapper.execute(ChainWrapper.java:63)
	at com.baomidou.mybatisplus.extension.conditions.query.ChainQuery.one(ChainQuery.java:59)
	at com.aiservice.aireviewassistant.service.impl.AppUserServiceImpl.findByUsername(AppUserServiceImpl.java:44)
	at java.base/jdk.internal.reflect.DirectMethodHandleAccessor.invoke(DirectMethodHandleAccessor.java:103)
	at java.base/java.lang.reflect.Method.invoke(Method.java:580)
	at org.springframework.aop.support.AopUtils.invokeJoinpointUsingReflection(AopUtils.java:355)
	at org.springframework.aop.framework.CglibAopProxy$DynamicAdvisedInterceptor.intercept(CglibAopProxy.java:716)
	at com.aiservice.aireviewassistant.service.impl.AppUserServiceImpl$$SpringCGLIB$$0.findByUsername(<generated>)
	at com.aiservice.aireviewassistant.controller.AuthController.login(AuthController.java:46)
	at java.base/jdk.internal.reflect.DirectMethodHandleAccessor.invoke(DirectMethodHandleAccessor.java:103)
	at java.base/java.lang.reflect.Method.invoke(Method.java:580)
	at org.springframework.aop.support.AopUtils.invokeJoinpointUsingReflection(AopUtils.java:355)
	at org.springframework.aop.framework.ReflectiveMethodInvocation.invokeJoinpoint(ReflectiveMethodInvocation.java:196)
	at org.springframework.aop.framework.ReflectiveMethodInvocation.proceed(ReflectiveMethodInvocation.java:163)
	at org.springframework.aop.framework.CglibAopProxy$CglibMethodInvocation.proceed(CglibAopProxy.java:768)
	at org.springframework.validation.beanvalidation.MethodValidationInterceptor.invoke(MethodValidationInterceptor.java:174)
	at org.springframework.aop.framework.ReflectiveMethodInvocation.proceed(ReflectiveMethodInvocation.java:184)
	at org.springframework.aop.framework.CglibAopProxy$CglibMethodInvocation.proceed(CglibAopProxy.java:768)
	at org.springframework.aop.framework.CglibAopProxy$DynamicAdvisedInterceptor.intercept(CglibAopProxy.java:720)
	at com.aiservice.aireviewassistant.controller.AuthController$$SpringCGLIB$$0.login(<generated>)
	at java.base/jdk.internal.reflect.DirectMethodHandleAccessor.invoke(DirectMethodHandleAccessor.java:103)
	at java.base/java.lang.reflect.Method.invoke(Method.java:580)
	at org.springframework.web.method.support.InvocableHandlerMethod.doInvoke(InvocableHandlerMethod.java:255)
	at org.springframework.web.method.support.InvocableHandlerMethod.invokeForRequest(InvocableHandlerMethod.java:188)
	at org.springframework.web.servlet.mvc.method.annotation.ServletInvocableHandlerMethod.invokeAndHandle(ServletInvocableHandlerMethod.java:118)
	at org.springframework.web.servlet.mvc.method.annotation.RequestMappingHandlerAdapter.invokeHandlerMethod(RequestMappingHandlerAdapter.java:926)
	at org.springframework.web.servlet.mvc.method.annotation.RequestMappingHandlerAdapter.handleInternal(RequestMappingHandlerAdapter.java:831)
	at org.springframework.web.servlet.mvc.method.AbstractHandlerMethodAdapter.handle(AbstractHandlerMethodAdapter.java:87)
	at org.springframework.web.servlet.DispatcherServlet.doDispatch(DispatcherServlet.java:1089)
	at org.springframework.web.servlet.DispatcherServlet.doService(DispatcherServlet.java:979)
	at org.springframework.web.servlet.FrameworkServlet.processRequest(FrameworkServlet.java:1014)
	at org.springframework.web.servlet.FrameworkServlet.doPost(FrameworkServlet.java:914)
	at jakarta.servlet.http.HttpServlet.service(HttpServlet.java:590)
	at org.springframework.web.servlet.FrameworkServlet.service(FrameworkServlet.java:885)
	at jakarta.servlet.http.HttpServlet.service(HttpServlet.java:658)
	at org.apache.catalina.core.ApplicationFilterChain.internalDoFilter(ApplicationFilterChain.java:195)
	at org.apache.catalina.core.ApplicationFilterChain.doFilter(ApplicationFilterChain.java:140)
	at org.apache.tomcat.websocket.server.WsFilter.doFilter(WsFilter.java:51)
	at org.apache.catalina.core.ApplicationFilterChain.internalDoFilter(ApplicationFilterChain.java:164)
	at org.apache.catalina.core.ApplicationFilterChain.doFilter(ApplicationFilterChain.java:140)
	at org.springframework.web.filter.CompositeFilter$VirtualFilterChain.doFilter(CompositeFilter.java:108)
	at org.springframework.security.web.FilterChainProxy.lambda$doFilterInternal$3(FilterChainProxy.java:231)
	at org.springframework.security.web.ObservationFilterChainDecorator$FilterObservation$SimpleFilterObservation.lambda$wrap$1(ObservationFilterChainDecorator.java:479)
	at org.springframework.security.web.ObservationFilterChainDecorator$AroundFilterObservation$SimpleAroundFilterObservation.lambda$wrap$1(ObservationFilterChainDecorator.java:340)
	at org.springframework.security.web.ObservationFilterChainDecorator.lambda$wrapSecured$0(ObservationFilterChainDecorator.java:82)
	at org.springframework.security.web.ObservationFilterChainDecorator$VirtualFilterChain.doFilter(ObservationFilterChainDecorator.java:128)
	at org.springframework.security.web.access.intercept.AuthorizationFilter.doFilter(AuthorizationFilter.java:100)
	at org.springframework.security.web.ObservationFilterChainDecorator$ObservationFilter.wrapFilter(ObservationFilterChainDecorator.java:240)
	at org.springframework.security.web.ObservationFilterChainDecorator$ObservationFilter.doFilter(ObservationFilterChainDecorator.java:227)
	at org.springframework.security.web.ObservationFilterChainDecorator$VirtualFilterChain.doFilter(ObservationFilterChainDecorator.java:137)
	at org.springframework.security.web.access.ExceptionTranslationFilter.doFilter(ExceptionTranslationFilter.java:126)
	at org.springframework.security.web.access.ExceptionTranslationFilter.doFilter(ExceptionTranslationFilter.java:120)
	at org.springframework.security.web.ObservationFilterChainDecorator$ObservationFilter.wrapFilter(ObservationFilterChainDecorator.java:240)
	at org.springframework.security.web.ObservationFilterChainDecorator$ObservationFilter.doFilter(ObservationFilterChainDecorator.java:227)
	at org.springframework.security.web.ObservationFilterChainDecorator$VirtualFilterChain.doFilter(ObservationFilterChainDecorator.java:137)
	at org.springframework.security.web.session.SessionManagementFilter.doFilter(SessionManagementFilter.java:131)
	at org.springframework.security.web.session.SessionManagementFilter.doFilter(SessionManagementFilter.java:85)
	at org.springframework.security.web.ObservationFilterChainDecorator$ObservationFilter.wrapFilter(ObservationFilterChainDecorator.java:240)
	at org.springframework.security.web.ObservationFilterChainDecorator$ObservationFilter.doFilter(ObservationFilterChainDecorator.java:227)
	at org.springframework.security.web.ObservationFilterChainDecorator$VirtualFilterChain.doFilter(ObservationFilterChainDecorator.java:137)
	at org.springframework.security.web.authentication.AnonymousAuthenticationFilter.doFilter(AnonymousAuthenticationFilter.java:100)
	at org.springframework.security.web.ObservationFilterChainDecorator$ObservationFilter.wrapFilter(ObservationFilterChainDecorator.java:240)
	at org.springframework.security.web.ObservationFilterChainDecorator$ObservationFilter.doFilter(ObservationFilterChainDecorator.java:227)
	at org.springframework.security.web.ObservationFilterChainDecorator$VirtualFilterChain.doFilter(ObservationFilterChainDecorator.java:137)
	at org.springframework.security.web.servletapi.SecurityContextHolderAwareRequestFilter.doFilter(SecurityContextHolderAwareRequestFilter.java:179)
	at org.springframework.security.web.ObservationFilterChainDecorator$ObservationFilter.wrapFilter(ObservationFilterChainDecorator.java:240)
	at org.springframework.security.web.ObservationFilterChainDecorator$ObservationFilter.doFilter(ObservationFilterChainDecorator.java:227)
	at org.springframework.security.web.ObservationFilterChainDecorator$VirtualFilterChain.doFilter(ObservationFilterChainDecorator.java:137)
	at org.springframework.security.web.savedrequest.RequestCacheAwareFilter.doFilter(RequestCacheAwareFilter.java:63)
	at org.springframework.security.web.ObservationFilterChainDecorator$ObservationFilter.wrapFilter(ObservationFilterChainDecorator.java:240)
	at org.springframework.security.web.ObservationFilterChainDecorator$ObservationFilter.doFilter(ObservationFilterChainDecorator.java:227)
	at org.springframework.security.web.ObservationFilterChainDecorator$VirtualFilterChain.doFilter(ObservationFilterChainDecorator.java:137)
	at com.aiservice.aireviewassistant.security.JwtAuthenticationFilter.doFilterInternal(JwtAuthenticationFilter.java:54)
	at org.springframework.web.filter.OncePerRequestFilter.doFilter(OncePerRequestFilter.java:116)
	at org.springframework.security.web.ObservationFilterChainDecorator$ObservationFilter.wrapFilter(ObservationFilterChainDecorator.java:240)
	at org.springframework.security.web.ObservationFilterChainDecorator$ObservationFilter.doFilter(ObservationFilterChainDecorator.java:227)
	at org.springframework.security.web.ObservationFilterChainDecorator$VirtualFilterChain.doFilter(ObservationFilterChainDecorator.java:137)
	at org.springframework.security.web.authentication.logout.LogoutFilter.doFilter(LogoutFilter.java:107)
	at org.springframework.security.web.authentication.logout.LogoutFilter.doFilter(LogoutFilter.java:93)
	at org.springframework.security.web.ObservationFilterChainDecorator$ObservationFilter.wrapFilter(ObservationFilterChainDecorator.java:240)
	at org.springframework.security.web.ObservationFilterChainDecorator$ObservationFilter.doFilter(ObservationFilterChainDecorator.java:227)
	at org.springframework.security.web.ObservationFilterChainDecorator$VirtualFilterChain.doFilter(ObservationFilterChainDecorator.java:137)
	at org.springframework.security.web.header.HeaderWriterFilter.doHeadersAfter(HeaderWriterFilter.java:90)
	at org.springframework.security.web.header.HeaderWriterFilter.doFilterInternal(HeaderWriterFilter.java:75)
	at org.springframework.web.filter.OncePerRequestFilter.doFilter(OncePerRequestFilter.java:116)
	at org.springframework.security.web.ObservationFilterChainDecorator$ObservationFilter.wrapFilter(ObservationFilterChainDecorator.java:240)
	at org.springframework.security.web.ObservationFilterChainDecorator$ObservationFilter.doFilter(ObservationFilterChainDecorator.java:227)
	at org.springframework.security.web.ObservationFilterChainDecorator$VirtualFilterChain.doFilter(ObservationFilterChainDecorator.java:137)
	at org.springframework.security.web.context.SecurityContextHolderFilter.doFilter(SecurityContextHolderFilter.java:82)
	at org.springframework.security.web.context.SecurityContextHolderFilter.doFilter(SecurityContextHolderFilter.java:69)
	at org.springframework.security.web.ObservationFilterChainDecorator$ObservationFilter.wrapFilter(ObservationFilterChainDecorator.java:240)
	at org.springframework.security.web.ObservationFilterChainDecorator$ObservationFilter.doFilter(ObservationFilterChainDecorator.java:227)
	at org.springframework.security.web.ObservationFilterChainDecorator$VirtualFilterChain.doFilter(ObservationFilterChainDecorator.java:137)
	at org.springframework.security.web.context.request.async.WebAsyncManagerIntegrationFilter.doFilterInternal(WebAsyncManagerIntegrationFilter.java:62)
	at org.springframework.web.filter.OncePerRequestFilter.doFilter(OncePerRequestFilter.java:116)
	at org.springframework.security.web.ObservationFilterChainDecorator$ObservationFilter.wrapFilter(ObservationFilterChainDecorator.java:240)
	at org.springframework.security.web.ObservationFilterChainDecorator$ObservationFilter.doFilter(ObservationFilterChainDecorator.java:227)
	at org.springframework.security.web.ObservationFilterChainDecorator$VirtualFilterChain.doFilter(ObservationFilterChainDecorator.java:137)
	at org.springframework.security.web.session.DisableEncodeUrlFilter.doFilterInternal(DisableEncodeUrlFilter.java:42)
	at org.springframework.web.filter.OncePerRequestFilter.doFilter(OncePerRequestFilter.java:116)
	at org.springframework.security.web.ObservationFilterChainDecorator$ObservationFilter.wrapFilter(ObservationFilterChainDecorator.java:240)
	at org.springframework.security.web.ObservationFilterChainDecorator$AroundFilterObservation$SimpleAroundFilterObservation.lambda$wrap$0(ObservationFilterChainDecorator.java:323)
	at org.springframework.security.web.ObservationFilterChainDecorator$ObservationFilter.doFilter(ObservationFilterChainDecorator.java:224)
	at org.springframework.security.web.ObservationFilterChainDecorator$VirtualFilterChain.doFilter(ObservationFilterChainDecorator.java:137)
	at org.springframework.security.web.FilterChainProxy.doFilterInternal(FilterChainProxy.java:233)
	at org.springframework.security.web.FilterChainProxy.doFilter(FilterChainProxy.java:191)
	at org.springframework.web.filter.CompositeFilter$VirtualFilterChain.doFilter(CompositeFilter.java:113)
	at org.springframework.web.servlet.handler.HandlerMappingIntrospector.lambda$createCacheFilter$3(HandlerMappingIntrospector.java:195)
	at org.springframework.web.filter.CompositeFilter$VirtualFilterChain.doFilter(CompositeFilter.java:113)
	at org.springframework.web.filter.CompositeFilter.doFilter(CompositeFilter.java:74)
	at org.springframework.security.config.annotation.web.configuration.WebMvcSecurityConfiguration$CompositeFilterChainProxy.doFilter(WebMvcSecurityConfiguration.java:230)
	at org.springframework.web.filter.DelegatingFilterProxy.invokeDelegate(DelegatingFilterProxy.java:352)
	at org.springframework.web.filter.DelegatingFilterProxy.doFilter(DelegatingFilterProxy.java:268)
	at org.apache.catalina.core.ApplicationFilterChain.internalDoFilter(ApplicationFilterChain.java:164)
	at org.apache.catalina.core.ApplicationFilterChain.doFilter(ApplicationFilterChain.java:140)
	at org.springframework.web.filter.RequestContextFilter.doFilterInternal(RequestContextFilter.java:100)
	at org.springframework.web.filter.OncePerRequestFilter.doFilter(OncePerRequestFilter.java:116)
	at org.apache.catalina.core.ApplicationFilterChain.internalDoFilter(ApplicationFilterChain.java:164)
	at org.apache.catalina.core.ApplicationFilterChain.doFilter(ApplicationFilterChain.java:140)
	at org.springframework.web.filter.FormContentFilter.doFilterInternal(FormContentFilter.java:93)
	at org.springframework.web.filter.OncePerRequestFilter.doFilter(OncePerRequestFilter.java:116)
	at org.apache.catalina.core.ApplicationFilterChain.internalDoFilter(ApplicationFilterChain.java:164)
	at org.apache.catalina.core.ApplicationFilterChain.doFilter(ApplicationFilterChain.java:140)
	at org.springframework.web.filter.ServerHttpObservationFilter.doFilterInternal(ServerHttpObservationFilter.java:113)
	at org.springframework.web.filter.OncePerRequestFilter.doFilter(OncePerRequestFilter.java:116)
	at org.apache.catalina.core.ApplicationFilterChain.internalDoFilter(ApplicationFilterChain.java:164)
	at org.apache.catalina.core.ApplicationFilterChain.doFilter(ApplicationFilterChain.java:140)
	at org.springframework.web.filter.CharacterEncodingFilter.doFilterInternal(CharacterEncodingFilter.java:201)
	at org.springframework.web.filter.OncePerRequestFilter.doFilter(OncePerRequestFilter.java:116)
	at org.apache.catalina.core.ApplicationFilterChain.internalDoFilter(ApplicationFilterChain.java:164)
	at org.apache.catalina.core.ApplicationFilterChain.doFilter(ApplicationFilterChain.java:140)
	at org.apache.catalina.core.StandardWrapperValve.invoke(StandardWrapperValve.java:167)
	at org.apache.catalina.core.StandardContextValve.invoke(StandardContextValve.java:90)
	at org.apache.catalina.authenticator.AuthenticatorBase.invoke(AuthenticatorBase.java:483)
	at org.apache.catalina.core.StandardHostValve.invoke(StandardHostValve.java:115)
	at org.apache.catalina.valves.ErrorReportValve.invoke(ErrorReportValve.java:93)
	at org.apache.catalina.core.StandardEngineValve.invoke(StandardEngineValve.java:74)
	at org.apache.catalina.connector.CoyoteAdapter.service(CoyoteAdapter.java:344)
	at org.apache.coyote.http11.Http11Processor.service(Http11Processor.java:384)
	at org.apache.coyote.AbstractProcessorLight.process(AbstractProcessorLight.java:63)
	at org.apache.coyote.AbstractProtocol$ConnectionHandler.process(AbstractProtocol.java:905)
	at org.apache.tomcat.util.net.NioEndpoint$SocketProcessor.doRun(NioEndpoint.java:1741)
	at org.apache.tomcat.util.net.SocketProcessorBase.run(SocketProcessorBase.java:52)
	at org.apache.tomcat.util.threads.ThreadPoolExecutor.runWorker(ThreadPoolExecutor.java:1190)
	at org.apache.tomcat.util.threads.ThreadPoolExecutor$Worker.run(ThreadPoolExecutor.java:659)
	at org.apache.tomcat.util.threads.TaskThread$WrappingRunnable.run(TaskThread.java:63)
	at java.base/java.lang.Thread.run(Thread.java:1570)
Caused by: org.postgresql.util.PSQLException: ERROR: relation "app_user" does not exist
  Position: 79
	at org.postgresql.core.v3.QueryExecutorImpl.receiveErrorResponse(QueryExecutorImpl.java:2713)
	at org.postgresql.core.v3.QueryExecutorImpl.processResults(QueryExecutorImpl.java:2401)
	at org.postgresql.core.v3.QueryExecutorImpl.execute(QueryExecutorImpl.java:368)
	at org.postgresql.jdbc.PgStatement.executeInternal(PgStatement.java:498)
	at org.postgresql.jdbc.PgStatement.execute(PgStatement.java:415)
	at org.postgresql.jdbc.PgPreparedStatement.executeWithFlags(PgPreparedStatement.java:190)
	at org.postgresql.jdbc.PgPreparedStatement.execute(PgPreparedStatement.java:177)
	at com.zaxxer.hikari.pool.ProxyPreparedStatement.execute(ProxyPreparedStatement.java:44)
	at com.zaxxer.hikari.pool.HikariProxyPreparedStatement.execute(HikariProxyPreparedStatement.java)
	at java.base/jdk.internal.reflect.DirectMethodHandleAccessor.invoke(DirectMethodHandleAccessor.java:103)
	at java.base/java.lang.reflect.Method.invoke(Method.java:580)
	at org.apache.ibatis.logging.jdbc.PreparedStatementLogger.invoke(PreparedStatementLogger.java:58)
	at jdk.proxy3/jdk.proxy3.$Proxy153.execute(Unknown Source)
	at org.apache.ibatis.executor.statement.PreparedStatementHandler.query(PreparedStatementHandler.java:65)
	at org.apache.ibatis.executor.statement.RoutingStatementHandler.query(RoutingStatementHandler.java:80)
	at org.apache.ibatis.executor.SimpleExecutor.doQuery(SimpleExecutor.java:65)
	at org.apache.ibatis.executor.BaseExecutor.queryFromDatabase(BaseExecutor.java:336)
	at org.apache.ibatis.executor.BaseExecutor.query(BaseExecutor.java:158)
	at org.apache.ibatis.executor.BaseExecutor.query(BaseExecutor.java:137)
	at org.apache.ibatis.session.defaults.DefaultSqlSession.selectList(DefaultSqlSession.java:154)
	at org.apache.ibatis.session.defaults.DefaultSqlSession.selectList(DefaultSqlSession.java:147)
	at org.apache.ibatis.session.defaults.DefaultSqlSession.selectList(DefaultSqlSession.java:142)
	at java.base/jdk.internal.reflect.DirectMethodHandleAccessor.invoke(DirectMethodHandleAccessor.java:103)
	at java.base/java.lang.reflect.Method.invoke(Method.java:580)
	at org.mybatis.spring.SqlSessionTemplate$SqlSessionInterceptor.invoke(SqlSessionTemplate.java:425)
	... 165 common frames omitted
2026-08-29 15:58:34.980 [SpringApplicationShutdownHook] INFO  com.zaxxer.hikari.HikariDataSource - HikariPool-1 - Shutdown initiated...
2026-08-29 15:58:34.986 [SpringApplicationShutdownHook] INFO  com.zaxxer.hikari.HikariDataSource - HikariPool-1 - Shutdown completed.
2026-08-29 15:58:37.719 [background-preinit] INFO  o.h.validator.internal.util.Version - HV000001: Hibernate Validator 8.0.1.Final
2026-08-29 15:58:37.785 [main] INFO  c.a.a.AiReviewAssistantApplication - Starting AiReviewAssistantApplication v0.0.1-SNAPSHOT using Java 22.0.1 with PID 22613 (/Users/h3rtz/Desktop/ai-review-assistant/target/ai-review-assistant-0.0.1-SNAPSHOT.jar started by h3rtz in /Users/h3rtz/Desktop/ai-review-assistant)
2026-08-29 15:58:37.786 [main] DEBUG c.a.a.AiReviewAssistantApplication - Running with Spring Boot v3.2.10, Spring v6.1.13
2026-08-29 15:58:37.786 [main] INFO  c.a.a.AiReviewAssistantApplication - No active profile set, falling back to 1 default profile: "default"
2026-08-29 15:58:39.385 [main] INFO  o.s.b.w.e.tomcat.TomcatWebServer - Tomcat initialized with port 8080 (http)
2026-08-29 15:58:39.392 [main] INFO  o.a.coyote.http11.Http11NioProtocol - Initializing ProtocolHandler ["http-nio-8080"]
2026-08-29 15:58:39.394 [main] INFO  o.a.catalina.core.StandardService - Starting service [Tomcat]
2026-08-29 15:58:39.395 [main] INFO  o.a.catalina.core.StandardEngine - Starting Servlet engine: [Apache Tomcat/10.1.30]
2026-08-29 15:58:39.414 [main] INFO  o.a.c.c.C.[Tomcat].[localhost].[/] - Initializing Spring embedded WebApplicationContext
2026-08-29 15:58:39.415 [main] INFO  o.s.b.w.s.c.ServletWebServerApplicationContext - Root WebApplicationContext: initialization completed in 1600 ms
2026-08-29 15:58:39.932 [main] INFO  o.s.a.v.pgvector.PgVectorStore - Using the vector table name: vector_store. Is empty: false
2026-08-29 15:58:39.934 [main] INFO  o.s.a.v.pgvector.PgVectorStore - Initializing PGVectorStore schema for table: vector_store in schema: public
2026-08-29 15:58:39.934 [main] INFO  o.s.a.v.pgvector.PgVectorStore - vectorTableValidationsEnabled false
2026-08-29 15:58:39.936 [main] INFO  com.zaxxer.hikari.HikariDataSource - HikariPool-1 - Starting...
2026-08-29 15:58:40.081 [main] INFO  com.zaxxer.hikari.pool.HikariPool - HikariPool-1 - Added connection org.postgresql.jdbc.PgConnection@59707ffd
2026-08-29 15:58:40.083 [main] INFO  com.zaxxer.hikari.HikariDataSource - HikariPool-1 - Start completed.
2026-08-29 15:58:40.749 [main] WARN  o.s.b.a.s.s.UserDetailsServiceAutoConfiguration - 

Using generated security password: 0eaea766-293e-48ca-baa4-6c02ef1c6ea4

This generated password is for development use only. Your security configuration must be updated before running your application in production.

2026-08-29 15:58:40.826 [main] INFO  o.s.b.a.w.s.WelcomePageHandlerMapping - Adding welcome page: class path resource [static/index.html]
2026-08-29 15:58:41.012 [main] INFO  o.s.b.a.e.web.EndpointLinksResolver - Exposing 4 endpoint(s) beneath base path '/actuator'
2026-08-29 15:58:41.071 [main] INFO  o.s.s.web.DefaultSecurityFilterChain - Will secure any request with [org.springframework.security.web.session.DisableEncodeUrlFilter@6526e89c, org.springframework.security.web.context.request.async.WebAsyncManagerIntegrationFilter@3272e366, org.springframework.security.web.context.SecurityContextHolderFilter@14f0ca83, org.springframework.security.web.header.HeaderWriterFilter@15eec397, org.springframework.security.web.authentication.logout.LogoutFilter@49b2931c, com.aiservice.aireviewassistant.security.JwtAuthenticationFilter@25e45d8, org.springframework.security.web.savedrequest.RequestCacheAwareFilter@280cdaf4, org.springframework.security.web.servletapi.SecurityContextHolderAwareRequestFilter@3422eca, org.springframework.security.web.authentication.AnonymousAuthenticationFilter@42069ac7, org.springframework.security.web.session.SessionManagementFilter@60bd5121, org.springframework.security.web.access.ExceptionTranslationFilter@442c421a, org.springframework.security.web.access.intercept.AuthorizationFilter@2ff18289]
2026-08-29 15:58:41.778 [main] ERROR i.n.r.d.DnsServerAddressStreamProviders - Unable to load io.netty.resolver.dns.macos.MacOSDnsServerAddressStreamProvider, fallback to system defaults. This may result in incorrect DNS resolutions on MacOS. Check whether you have a dependency on 'io.netty:netty-resolver-dns-native-macos'. Use DEBUG level to see the full stack: java.lang.UnsatisfiedLinkError: failed to load the required native library
2026-08-29 15:58:41.785 [main] INFO  o.a.coyote.http11.Http11NioProtocol - Starting ProtocolHandler ["http-nio-8080"]
2026-08-29 15:58:41.791 [main] INFO  o.s.b.w.e.tomcat.TomcatWebServer - Tomcat started on port 8080 (http) with context path ''
2026-08-29 15:58:41.818 [main] INFO  c.a.a.AiReviewAssistantApplication - Started AiReviewAssistantApplication in 4.404 seconds (process running for 4.696)
2026-08-29 15:58:42.245 [http-nio-8080-exec-2] INFO  o.a.c.c.C.[Tomcat].[localhost].[/] - Initializing Spring DispatcherServlet 'dispatcherServlet'
2026-08-29 15:58:42.245 [http-nio-8080-exec-2] INFO  o.s.web.servlet.DispatcherServlet - Initializing Servlet 'dispatcherServlet'
2026-08-29 15:58:42.245 [http-nio-8080-exec-2] INFO  o.s.web.servlet.DispatcherServlet - Completed initialization in 0 ms
2026-08-29 16:14:14.031 [http-nio-8080-exec-6] DEBUG c.a.a.m.AppUserMapper.selectList - ==>  Preparing: SELECT id,username,password,nickname,avatar,role,created_at,updated_at FROM app_user WHERE (username = ?)
2026-08-29 16:14:14.041 [http-nio-8080-exec-6] DEBUG c.a.a.m.AppUserMapper.selectList - ==> Parameters: Ameyuh(String)
2026-08-29 16:14:14.058 [http-nio-8080-exec-6] DEBUG c.a.a.m.AppUserMapper.selectList - <==      Total: 0
2026-08-29 16:14:17.474 [http-nio-8080-exec-7] DEBUG c.a.a.m.AppUserMapper.selectList - ==>  Preparing: SELECT id,username,password,nickname,avatar,role,created_at,updated_at FROM app_user WHERE (username = ?)
2026-08-29 16:14:17.475 [http-nio-8080-exec-7] DEBUG c.a.a.m.AppUserMapper.selectList - ==> Parameters: Ameyuh0117(String)
2026-08-29 16:14:17.477 [http-nio-8080-exec-7] DEBUG c.a.a.m.AppUserMapper.selectList - <==      Total: 0
2026-08-29 16:14:26.776 [http-nio-8080-exec-8] DEBUG c.a.a.m.AppUserMapper.selectList - ==>  Preparing: SELECT id,username,password,nickname,avatar,role,created_at,updated_at FROM app_user WHERE (username = ?)
2026-08-29 16:14:26.777 [http-nio-8080-exec-8] DEBUG c.a.a.m.AppUserMapper.selectList - ==> Parameters: Ameyuh(String)
2026-08-29 16:14:26.779 [http-nio-8080-exec-8] DEBUG c.a.a.m.AppUserMapper.selectList - <==      Total: 0
2026-08-29 16:14:45.866 [http-nio-8080-exec-9] DEBUG c.a.a.m.AppUserMapper.selectList - ==>  Preparing: SELECT id,username,password,nickname,avatar,role,created_at,updated_at FROM app_user WHERE (username = ?)
2026-08-29 16:14:45.868 [http-nio-8080-exec-9] DEBUG c.a.a.m.AppUserMapper.selectList - ==> Parameters: Ameyuh0117(String)
2026-08-29 16:14:45.870 [http-nio-8080-exec-9] DEBUG c.a.a.m.AppUserMapper.selectList - <==      Total: 0
2026-08-29 16:14:46.665 [http-nio-8080-exec-10] DEBUG c.a.a.m.AppUserMapper.selectList - ==>  Preparing: SELECT id,username,password,nickname,avatar,role,created_at,updated_at FROM app_user WHERE (username = ?)
2026-08-29 16:14:46.665 [http-nio-8080-exec-10] DEBUG c.a.a.m.AppUserMapper.selectList - ==> Parameters: Ameyuh0117(String)
2026-08-29 16:14:46.667 [http-nio-8080-exec-10] DEBUG c.a.a.m.AppUserMapper.selectList - <==      Total: 0
2026-08-29 16:14:59.488 [http-nio-8080-exec-2] DEBUG c.a.a.m.AppUserMapper.selectList - ==>  Preparing: SELECT id,username,password,nickname,avatar,role,created_at,updated_at FROM app_user WHERE (username = ?)
2026-08-29 16:14:59.488 [http-nio-8080-exec-2] DEBUG c.a.a.m.AppUserMapper.selectList - ==> Parameters: mipa(String)
2026-08-29 16:14:59.489 [http-nio-8080-exec-2] DEBUG c.a.a.m.AppUserMapper.selectList - <==      Total: 0
2026-08-29 16:14:59.598 [http-nio-8080-exec-2] DEBUG c.a.a.mapper.AppUserMapper.insert - ==>  Preparing: INSERT INTO app_user ( username, password, nickname, role, created_at, updated_at ) VALUES ( ?, ?, ?, ?, ?, ? )
2026-08-29 16:14:59.598 [http-nio-8080-exec-2] DEBUG c.a.a.mapper.AppUserMapper.insert - ==> Parameters: mipa(String), $2a$10$yIvEuUgoTmZLzclp3GCSTuHIkxKrJiuC9i1PxglforrZPL65wiRs.(String), miparika(String), USER(String), 2026-08-29T16:14:59.595843(LocalDateTime), 2026-08-29T16:14:59.595855(LocalDateTime)
2026-08-29 16:14:59.605 [http-nio-8080-exec-2] DEBUG c.a.a.mapper.AppUserMapper.insert - <==    Updates: 1
2026-08-29 16:15:00.064 [http-nio-8080-exec-4] DEBUG c.a.a.m.C.selectList - ==>  Preparing: SELECT id,title,user_id,course_id,created_at,updated_at FROM conversation WHERE (user_id = ?) ORDER BY updated_at DESC
2026-08-29 16:15:00.065 [http-nio-8080-exec-4] DEBUG c.a.a.m.C.selectList - ==> Parameters: 1(String)
2026-08-29 16:15:00.069 [http-nio-8080-exec-4] DEBUG c.a.a.m.C.selectList - <==      Total: 0
2026-08-29 16:15:07.061 [http-nio-8080-exec-7] DEBUG c.a.a.m.CoursesMapper.selectList - ==>  Preparing: SELECT id,user_id,name,description,created_at,updated_at FROM courses WHERE (user_id = ?) ORDER BY updated_at DESC
2026-08-29 16:15:07.064 [http-nio-8080-exec-7] DEBUG c.a.a.m.CoursesMapper.selectList - ==> Parameters: 1(Integer)
2026-08-29 16:15:07.067 [http-nio-8080-exec-7] DEBUG c.a.a.m.CoursesMapper.selectList - <==      Total: 0
2026-08-29 16:15:18.520 [http-nio-8080-exec-8] DEBUG c.a.a.mapper.CoursesMapper.insert - ==>  Preparing: INSERT INTO courses ( user_id, name, description ) VALUES ( ?, ?, ? )
2026-08-29 16:15:18.521 [http-nio-8080-exec-8] DEBUG c.a.a.mapper.CoursesMapper.insert - ==> Parameters: 1(Integer), 数据库系统(String), 学习数据库(String)
2026-08-29 16:15:18.528 [http-nio-8080-exec-8] DEBUG c.a.a.mapper.CoursesMapper.insert - <==    Updates: 1
2026-08-29 16:15:18.544 [http-nio-8080-exec-9] DEBUG c.a.a.m.CoursesMapper.selectList - ==>  Preparing: SELECT id,user_id,name,description,created_at,updated_at FROM courses WHERE (user_id = ?) ORDER BY updated_at DESC
2026-08-29 16:15:18.544 [http-nio-8080-exec-9] DEBUG c.a.a.m.CoursesMapper.selectList - ==> Parameters: 1(Integer)
2026-08-29 16:15:18.551 [http-nio-8080-exec-9] DEBUG c.a.a.m.CoursesMapper.selectList - <==      Total: 1
2026-08-29 16:15:20.575 [http-nio-8080-exec-1] DEBUG c.a.a.m.C.selectList - ==>  Preparing: SELECT id,title,user_id,course_id,created_at,updated_at FROM conversation WHERE (user_id = ?) ORDER BY updated_at DESC
2026-08-29 16:15:20.575 [http-nio-8080-exec-1] DEBUG c.a.a.m.C.selectList - ==> Parameters: 1(String)
2026-08-29 16:15:20.576 [http-nio-8080-exec-1] DEBUG c.a.a.m.C.selectList - <==      Total: 0
2026-08-29 16:15:22.373 [http-nio-8080-exec-5] DEBUG c.a.a.m.CoursesMapper.selectList - ==>  Preparing: SELECT id,user_id,name,description,created_at,updated_at FROM courses WHERE (user_id = ?) ORDER BY updated_at DESC
2026-08-29 16:15:22.373 [http-nio-8080-exec-5] DEBUG c.a.a.m.CoursesMapper.selectList - ==> Parameters: 1(Integer)
2026-08-29 16:15:22.375 [http-nio-8080-exec-5] DEBUG c.a.a.m.CoursesMapper.selectList - <==      Total: 1
2026-08-29 16:15:25.271 [http-nio-8080-exec-6] DEBUG c.a.a.m.CoursesMapper.updateById - ==>  Preparing: UPDATE courses SET name=?, description=? WHERE id=?
2026-08-29 16:15:25.272 [http-nio-8080-exec-6] DEBUG c.a.a.m.CoursesMapper.updateById - ==> Parameters: 数据库系统(String), 学习数据库(String), 5(Integer)
2026-08-29 16:15:25.278 [http-nio-8080-exec-6] DEBUG c.a.a.m.CoursesMapper.updateById - <==    Updates: 1
2026-08-29 16:15:25.290 [http-nio-8080-exec-7] DEBUG c.a.a.m.CoursesMapper.selectList - ==>  Preparing: SELECT id,user_id,name,description,created_at,updated_at FROM courses WHERE (user_id = ?) ORDER BY updated_at DESC
2026-08-29 16:15:25.290 [http-nio-8080-exec-7] DEBUG c.a.a.m.CoursesMapper.selectList - ==> Parameters: 1(Integer)
2026-08-29 16:15:25.293 [http-nio-8080-exec-7] DEBUG c.a.a.m.CoursesMapper.selectList - <==      Total: 1
2026-08-29 16:15:26.793 [http-nio-8080-exec-10] DEBUG c.a.a.m.C.selectList - ==>  Preparing: SELECT id,title,user_id,course_id,created_at,updated_at FROM conversation WHERE (user_id = ?) ORDER BY updated_at DESC
2026-08-29 16:15:26.793 [http-nio-8080-exec-10] DEBUG c.a.a.m.C.selectList - ==> Parameters: 1(String)
2026-08-29 16:15:26.795 [http-nio-8080-exec-10] DEBUG c.a.a.m.C.selectList - <==      Total: 0
2026-08-29 16:15:29.353 [http-nio-8080-exec-3] DEBUG c.a.a.m.CoursesMapper.selectList - ==>  Preparing: SELECT id,user_id,name,description,created_at,updated_at FROM courses WHERE (user_id = ?) ORDER BY updated_at DESC
2026-08-29 16:15:29.354 [http-nio-8080-exec-3] DEBUG c.a.a.m.CoursesMapper.selectList - ==> Parameters: 1(Integer)
2026-08-29 16:15:29.356 [http-nio-8080-exec-3] DEBUG c.a.a.m.CoursesMapper.selectList - <==      Total: 1
2026-08-29 16:15:29.923 [http-nio-8080-exec-6] DEBUG c.a.a.m.CoursesMapper.selectList - ==>  Preparing: SELECT id,user_id,name,description,created_at,updated_at FROM courses WHERE (user_id = ?) ORDER BY updated_at DESC
2026-08-29 16:15:29.924 [http-nio-8080-exec-6] DEBUG c.a.a.m.CoursesMapper.selectList - ==> Parameters: 1(Integer)
2026-08-29 16:15:29.927 [http-nio-8080-exec-6] DEBUG c.a.a.m.CoursesMapper.selectList - <==      Total: 1
2026-08-29 16:15:37.889 [http-nio-8080-exec-2] DEBUG c.a.a.m.C.selectList - ==>  Preparing: SELECT id,title,user_id,course_id,created_at,updated_at FROM conversation WHERE (user_id = ?) ORDER BY updated_at DESC
2026-08-29 16:15:37.891 [http-nio-8080-exec-2] DEBUG c.a.a.m.C.selectList - ==> Parameters: 1(String)
2026-08-29 16:15:37.893 [http-nio-8080-exec-2] DEBUG c.a.a.m.C.selectList - <==      Total: 0
2026-08-29 16:15:38.972 [http-nio-8080-exec-1] DEBUG c.a.a.m.ConversationMapper.insert - ==>  Preparing: INSERT INTO conversation ( title, user_id ) VALUES ( ?, ? )
2026-08-29 16:15:38.972 [http-nio-8080-exec-1] DEBUG c.a.a.m.ConversationMapper.insert - ==> Parameters: [课程: 数据库系统] 什么是数据库事务？(String), 1(String)
2026-08-29 16:15:38.975 [http-nio-8080-exec-1] DEBUG c.a.a.m.ConversationMapper.insert - <==    Updates: 1
2026-08-29 16:15:38.976 [http-nio-8080-exec-1] DEBUG c.a.a.mapper.MessageMapper.insert - ==>  Preparing: INSERT INTO message ( conversation_id, role, content ) VALUES ( ?, ?, ? )
2026-08-29 16:15:38.976 [http-nio-8080-exec-1] DEBUG c.a.a.mapper.MessageMapper.insert - ==> Parameters: 13(Integer), user(String), [课程: 数据库系统] 什么是数据库事务？(String)
2026-08-29 16:15:38.980 [http-nio-8080-exec-1] DEBUG c.a.a.mapper.MessageMapper.insert - <==    Updates: 1
2026-08-29 16:15:38.982 [http-nio-8080-exec-1] DEBUG c.a.a.m.MessageMapper.selectList - ==>  Preparing: SELECT id,conversation_id,role,content,intent,created_at FROM message WHERE (conversation_id = ?) ORDER BY created_at ASC LIMIT 10
2026-08-29 16:15:38.982 [http-nio-8080-exec-1] DEBUG c.a.a.m.MessageMapper.selectList - ==> Parameters: 13(Integer)
2026-08-29 16:15:38.984 [http-nio-8080-exec-1] DEBUG c.a.a.m.MessageMapper.selectList - <==      Total: 1
2026-08-29 16:15:39.923 [http-nio-8080-exec-1] DEBUG c.a.a.s.impl.ReviewAssistantAgent - ========== Agent 流式意图识别 ==========
2026-08-29 16:15:39.924 [http-nio-8080-exec-1] DEBUG c.a.a.s.impl.ReviewAssistantAgent - 用户消息: [课程: 数据库系统] 什么是数据库事务？
2026-08-29 16:15:39.924 [http-nio-8080-exec-1] DEBUG c.a.a.s.impl.ReviewAssistantAgent - 识别意图: QUESTION
2026-08-29 16:15:39.924 [http-nio-8080-exec-1] DEBUG c.a.a.s.impl.ReviewAssistantAgent - 提取参数: {}
2026-08-29 16:15:39.924 [http-nio-8080-exec-1] DEBUG c.a.a.s.impl.ReviewAssistantAgent - [Agent] 流式调用工具: QUESTION
2026-08-29 16:15:39.924 [http-nio-8080-exec-1] DEBUG c.a.a.s.impl.ReviewAssistantAgent - ================================
2026-08-29 16:15:40.141 [http-nio-8080-exec-1] DEBUG c.a.a.service.impl.RagServiceImpl - ========== RAG 检索日志 ==========
2026-08-29 16:15:40.141 [http-nio-8080-exec-1] DEBUG c.a.a.service.impl.RagServiceImpl - 用户问题: [课程: 数据库系统] 什么是数据库事务？
2026-08-29 16:15:40.141 [http-nio-8080-exec-1] DEBUG c.a.a.service.impl.RagServiceImpl - 相似度阈值: 0.5
2026-08-29 16:15:40.141 [http-nio-8080-exec-1] DEBUG c.a.a.service.impl.RagServiceImpl - 初始召回文档数: 0
2026-08-29 16:15:40.141 [http-nio-8080-exec-1] DEBUG c.a.a.service.impl.RagServiceImpl - ================================
2026-08-29 16:15:40.364 [http-nio-8080-exec-5] DEBUG c.a.a.m.CoursesMapper.selectList - ==>  Preparing: SELECT id,user_id,name,description,created_at,updated_at FROM courses WHERE (user_id = ?) ORDER BY updated_at DESC
2026-08-29 16:15:40.365 [http-nio-8080-exec-5] DEBUG c.a.a.m.CoursesMapper.selectList - ==> Parameters: 1(Integer)
2026-08-29 16:15:40.368 [http-nio-8080-exec-5] DEBUG c.a.a.m.CoursesMapper.selectList - <==      Total: 1
2026-08-29 16:15:40.970 [http-nio-8080-exec-6] ERROR c.a.a.e.GlobalExceptionHandler - 系统异常: Broken pipe
java.io.IOException: Broken pipe
	at java.base/sun.nio.ch.SocketDispatcher.write0(Native Method)
	at java.base/sun.nio.ch.SocketDispatcher.write(SocketDispatcher.java:62)
	at java.base/sun.nio.ch.IOUtil.writeFromNativeBuffer(IOUtil.java:137)
	at java.base/sun.nio.ch.IOUtil.write(IOUtil.java:102)
	at java.base/sun.nio.ch.IOUtil.write(IOUtil.java:58)
	at java.base/sun.nio.ch.SocketChannelImpl.implWrite(SocketChannelImpl.java:566)
	at java.base/sun.nio.ch.SocketChannelImpl.write(SocketChannelImpl.java:618)
	at org.apache.tomcat.util.net.NioChannel.write(NioChannel.java:122)
	at org.apache.tomcat.util.net.NioEndpoint$NioSocketWrapper.doWrite(NioEndpoint.java:1378)
	at org.apache.tomcat.util.net.SocketWrapperBase.doWrite(SocketWrapperBase.java:764)
	at org.apache.tomcat.util.net.SocketWrapperBase.flushBlocking(SocketWrapperBase.java:728)
	at org.apache.tomcat.util.net.SocketWrapperBase.flush(SocketWrapperBase.java:712)
	at org.apache.coyote.http11.Http11OutputBuffer$SocketOutputBuffer.flush(Http11OutputBuffer.java:574)
	at org.apache.coyote.http11.filters.ChunkedOutputFilter.flush(ChunkedOutputFilter.java:156)
	at org.apache.coyote.http11.Http11OutputBuffer.flush(Http11OutputBuffer.java:216)
	at org.apache.coyote.http11.Http11Processor.flush(Http11Processor.java:1252)
	at org.apache.coyote.AbstractProcessor.action(AbstractProcessor.java:408)
	at org.apache.coyote.Response.action(Response.java:208)
	at org.apache.catalina.connector.OutputBuffer.doFlush(OutputBuffer.java:299)
	at org.apache.catalina.connector.OutputBuffer.flush(OutputBuffer.java:265)
	at org.apache.catalina.connector.CoyoteOutputStream.flush(CoyoteOutputStream.java:136)
	at org.springframework.security.web.util.OnCommittedResponseWrapper$SaveContextServletOutputStream.flush(OnCommittedResponseWrapper.java:524)
	at org.springframework.web.context.request.async.StandardServletAsyncWebRequest$LifecycleServletOutputStream.flush(StandardServletAsyncWebRequest.java:412)
	at org.springframework.util.StreamUtils.copy(StreamUtils.java:135)
	at org.springframework.http.converter.StringHttpMessageConverter.writeInternal(StringHttpMessageConverter.java:128)
	at org.springframework.http.converter.StringHttpMessageConverter.writeInternal(StringHttpMessageConverter.java:44)
	at org.springframework.http.converter.AbstractHttpMessageConverter.write(AbstractHttpMessageConverter.java:235)
	at org.springframework.web.servlet.mvc.method.annotation.ResponseBodyEmitterReturnValueHandler$HttpMessageConvertingHandler.sendInternal(ResponseBodyEmitterReturnValueHandler.java:221)
	at org.springframework.web.servlet.mvc.method.annotation.ResponseBodyEmitterReturnValueHandler$HttpMessageConvertingHandler.send(ResponseBodyEmitterReturnValueHandler.java:212)
	at org.springframework.web.servlet.mvc.method.annotation.ResponseBodyEmitter.sendInternal(ResponseBodyEmitter.java:223)
	at org.springframework.web.servlet.mvc.method.annotation.ResponseBodyEmitter.send(ResponseBodyEmitter.java:214)
	at org.springframework.web.servlet.mvc.method.annotation.SseEmitter.send(SseEmitter.java:135)
	at org.springframework.web.servlet.mvc.method.annotation.SseEmitter.send(SseEmitter.java:118)
	at org.springframework.web.servlet.mvc.method.annotation.ReactiveTypeHandler$SseEmitterSubscriber.send(ReactiveTypeHandler.java:392)
	at org.springframework.web.servlet.mvc.method.annotation.ReactiveTypeHandler$AbstractEmitterSubscriber.run(ReactiveTypeHandler.java:332)
	at java.base/java.util.concurrent.ThreadPoolExecutor.runWorker(ThreadPoolExecutor.java:1144)
	at java.base/java.util.concurrent.ThreadPoolExecutor$Worker.run(ThreadPoolExecutor.java:642)
	at java.base/java.lang.Thread.run(Thread.java:1570)
2026-08-29 16:15:40.972 [http-nio-8080-exec-6] WARN  o.s.w.s.m.m.a.ExceptionHandlerExceptionResolver - Failure in @ExceptionHandler com.aiservice.aireviewassistant.exception.GlobalExceptionHandler#handleException(Exception)
org.springframework.http.converter.HttpMessageNotWritableException: No converter for [class com.aiservice.aireviewassistant.common.ApiResponse] with preset Content-Type 'text/event-stream'
	at org.springframework.web.servlet.mvc.method.annotation.AbstractMessageConverterMethodProcessor.writeWithMessageConverters(AbstractMessageConverterMethodProcessor.java:319)
	at org.springframework.web.servlet.mvc.method.annotation.RequestResponseBodyMethodProcessor.handleReturnValue(RequestResponseBodyMethodProcessor.java:192)
	at org.springframework.web.method.support.HandlerMethodReturnValueHandlerComposite.handleReturnValue(HandlerMethodReturnValueHandlerComposite.java:78)
	at org.springframework.web.servlet.mvc.method.annotation.ServletInvocableHandlerMethod.invokeAndHandle(ServletInvocableHandlerMethod.java:136)
	at org.springframework.web.servlet.mvc.method.annotation.ExceptionHandlerExceptionResolver.doResolveHandlerMethodException(ExceptionHandlerExceptionResolver.java:432)
	at org.springframework.web.servlet.handler.AbstractHandlerMethodExceptionResolver.doResolveException(AbstractHandlerMethodExceptionResolver.java:74)
	at org.springframework.web.servlet.handler.AbstractHandlerExceptionResolver.resolveException(AbstractHandlerExceptionResolver.java:175)
	at org.springframework.web.servlet.handler.HandlerExceptionResolverComposite.resolveException(HandlerExceptionResolverComposite.java:80)
	at org.springframework.web.servlet.DispatcherServlet.processHandlerException(DispatcherServlet.java:1358)
	at org.springframework.web.servlet.DispatcherServlet.processDispatchResult(DispatcherServlet.java:1161)
	at org.springframework.web.servlet.DispatcherServlet.doDispatch(DispatcherServlet.java:1106)
	at org.springframework.web.servlet.DispatcherServlet.doService(DispatcherServlet.java:979)
	at org.springframework.web.servlet.FrameworkServlet.processRequest(FrameworkServlet.java:1014)
	at org.springframework.web.servlet.FrameworkServlet.doGet(FrameworkServlet.java:903)
	at jakarta.servlet.http.HttpServlet.service(HttpServlet.java:564)
	at org.springframework.web.servlet.FrameworkServlet.service(FrameworkServlet.java:885)
	at jakarta.servlet.http.HttpServlet.service(HttpServlet.java:658)
	at org.apache.catalina.core.ApplicationFilterChain.internalDoFilter(ApplicationFilterChain.java:195)
	at org.apache.catalina.core.ApplicationFilterChain.doFilter(ApplicationFilterChain.java:140)
	at org.springframework.web.filter.CompositeFilter$VirtualFilterChain.doFilter(CompositeFilter.java:108)
	at org.springframework.security.web.FilterChainProxy.lambda$doFilterInternal$3(FilterChainProxy.java:231)
	at org.springframework.security.web.ObservationFilterChainDecorator$FilterObservation$SimpleFilterObservation.lambda$wrap$1(ObservationFilterChainDecorator.java:479)
	at org.springframework.security.web.ObservationFilterChainDecorator$AroundFilterObservation$SimpleAroundFilterObservation.lambda$wrap$1(ObservationFilterChainDecorator.java:340)
	at org.springframework.security.web.ObservationFilterChainDecorator.lambda$wrapSecured$0(ObservationFilterChainDecorator.java:82)
	at org.springframework.security.web.ObservationFilterChainDecorator$VirtualFilterChain.doFilter(ObservationFilterChainDecorator.java:128)
	at org.springframework.security.web.access.intercept.AuthorizationFilter.doFilter(AuthorizationFilter.java:100)
	at org.springframework.security.web.ObservationFilterChainDecorator$ObservationFilter.wrapFilter(ObservationFilterChainDecorator.java:240)
	at org.springframework.security.web.ObservationFilterChainDecorator$ObservationFilter.doFilter(ObservationFilterChainDecorator.java:227)
	at org.springframework.security.web.ObservationFilterChainDecorator$VirtualFilterChain.doFilter(ObservationFilterChainDecorator.java:137)
	at org.springframework.security.web.access.ExceptionTranslationFilter.doFilter(ExceptionTranslationFilter.java:126)
	at org.springframework.security.web.access.ExceptionTranslationFilter.doFilter(ExceptionTranslationFilter.java:120)
	at org.springframework.security.web.ObservationFilterChainDecorator$ObservationFilter.wrapFilter(ObservationFilterChainDecorator.java:240)
	at org.springframework.security.web.ObservationFilterChainDecorator$ObservationFilter.doFilter(ObservationFilterChainDecorator.java:227)
	at org.springframework.security.web.ObservationFilterChainDecorator$VirtualFilterChain.doFilter(ObservationFilterChainDecorator.java:137)
	at org.springframework.security.web.session.SessionManagementFilter.doFilter(SessionManagementFilter.java:91)
	at org.springframework.security.web.session.SessionManagementFilter.doFilter(SessionManagementFilter.java:85)
	at org.springframework.security.web.ObservationFilterChainDecorator$ObservationFilter.wrapFilter(ObservationFilterChainDecorator.java:240)
	at org.springframework.security.web.ObservationFilterChainDecorator$ObservationFilter.doFilter(ObservationFilterChainDecorator.java:227)
	at org.springframework.security.web.ObservationFilterChainDecorator$VirtualFilterChain.doFilter(ObservationFilterChainDecorator.java:137)
	at org.springframework.security.web.authentication.AnonymousAuthenticationFilter.doFilter(AnonymousAuthenticationFilter.java:100)
	at org.springframework.security.web.ObservationFilterChainDecorator$ObservationFilter.wrapFilter(ObservationFilterChainDecorator.java:240)
	at org.springframework.security.web.ObservationFilterChainDecorator$ObservationFilter.doFilter(ObservationFilterChainDecorator.java:227)
	at org.springframework.security.web.ObservationFilterChainDecorator$VirtualFilterChain.doFilter(ObservationFilterChainDecorator.java:137)
	at org.springframework.security.web.servletapi.SecurityContextHolderAwareRequestFilter.doFilter(SecurityContextHolderAwareRequestFilter.java:179)
	at org.springframework.security.web.ObservationFilterChainDecorator$ObservationFilter.wrapFilter(ObservationFilterChainDecorator.java:240)
	at org.springframework.security.web.ObservationFilterChainDecorator$ObservationFilter.doFilter(ObservationFilterChainDecorator.java:227)
	at org.springframework.security.web.ObservationFilterChainDecorator$VirtualFilterChain.doFilter(ObservationFilterChainDecorator.java:137)
	at org.springframework.security.web.savedrequest.RequestCacheAwareFilter.doFilter(RequestCacheAwareFilter.java:63)
	at org.springframework.security.web.ObservationFilterChainDecorator$ObservationFilter.wrapFilter(ObservationFilterChainDecorator.java:240)
	at org.springframework.security.web.ObservationFilterChainDecorator$ObservationFilter.doFilter(ObservationFilterChainDecorator.java:227)
	at org.springframework.security.web.ObservationFilterChainDecorator$VirtualFilterChain.doFilter(ObservationFilterChainDecorator.java:137)
	at org.springframework.web.filter.OncePerRequestFilter.doFilter(OncePerRequestFilter.java:101)
	at org.springframework.security.web.ObservationFilterChainDecorator$ObservationFilter.wrapFilter(ObservationFilterChainDecorator.java:240)
	at org.springframework.security.web.ObservationFilterChainDecorator$ObservationFilter.doFilter(ObservationFilterChainDecorator.java:227)
	at org.springframework.security.web.ObservationFilterChainDecorator$VirtualFilterChain.doFilter(ObservationFilterChainDecorator.java:137)
	at org.springframework.security.web.authentication.logout.LogoutFilter.doFilter(LogoutFilter.java:107)
	at org.springframework.security.web.authentication.logout.LogoutFilter.doFilter(LogoutFilter.java:93)
	at org.springframework.security.web.ObservationFilterChainDecorator$ObservationFilter.wrapFilter(ObservationFilterChainDecorator.java:240)
	at org.springframework.security.web.ObservationFilterChainDecorator$ObservationFilter.doFilter(ObservationFilterChainDecorator.java:227)
	at org.springframework.security.web.ObservationFilterChainDecorator$VirtualFilterChain.doFilter(ObservationFilterChainDecorator.java:137)
	at org.springframework.web.filter.OncePerRequestFilter.doFilter(OncePerRequestFilter.java:101)
	at org.springframework.security.web.ObservationFilterChainDecorator$ObservationFilter.wrapFilter(ObservationFilterChainDecorator.java:240)
	at org.springframework.security.web.ObservationFilterChainDecorator$ObservationFilter.doFilter(ObservationFilterChainDecorator.java:227)
	at org.springframework.security.web.ObservationFilterChainDecorator$VirtualFilterChain.doFilter(ObservationFilterChainDecorator.java:137)
	at org.springframework.security.web.context.SecurityContextHolderFilter.doFilter(SecurityContextHolderFilter.java:82)
	at org.springframework.security.web.context.SecurityContextHolderFilter.doFilter(SecurityContextHolderFilter.java:69)
	at org.springframework.security.web.ObservationFilterChainDecorator$ObservationFilter.wrapFilter(ObservationFilterChainDecorator.java:240)
	at org.springframework.security.web.ObservationFilterChainDecorator$ObservationFilter.doFilter(ObservationFilterChainDecorator.java:227)
	at org.springframework.security.web.ObservationFilterChainDecorator$VirtualFilterChain.doFilter(ObservationFilterChainDecorator.java:137)
	at org.springframework.web.filter.OncePerRequestFilter.doFilter(OncePerRequestFilter.java:101)
	at org.springframework.security.web.ObservationFilterChainDecorator$ObservationFilter.wrapFilter(ObservationFilterChainDecorator.java:240)
	at org.springframework.security.web.ObservationFilterChainDecorator$ObservationFilter.doFilter(ObservationFilterChainDecorator.java:227)
	at org.springframework.security.web.ObservationFilterChainDecorator$VirtualFilterChain.doFilter(ObservationFilterChainDecorator.java:137)
	at org.springframework.web.filter.OncePerRequestFilter.doFilter(OncePerRequestFilter.java:101)
	at org.springframework.security.web.ObservationFilterChainDecorator$ObservationFilter.wrapFilter(ObservationFilterChainDecorator.java:240)
	at org.springframework.security.web.ObservationFilterChainDecorator$AroundFilterObservation$SimpleAroundFilterObservation.lambda$wrap$0(ObservationFilterChainDecorator.java:323)
	at org.springframework.security.web.ObservationFilterChainDecorator$ObservationFilter.doFilter(ObservationFilterChainDecorator.java:224)
	at org.springframework.security.web.ObservationFilterChainDecorator$VirtualFilterChain.doFilter(ObservationFilterChainDecorator.java:137)
	at org.springframework.security.web.FilterChainProxy.doFilterInternal(FilterChainProxy.java:233)
	at org.springframework.security.web.FilterChainProxy.doFilter(FilterChainProxy.java:191)
	at org.springframework.web.filter.CompositeFilter$VirtualFilterChain.doFilter(CompositeFilter.java:113)
	at org.springframework.web.servlet.handler.HandlerMappingIntrospector.lambda$createCacheFilter$3(HandlerMappingIntrospector.java:195)
	at org.springframework.web.filter.CompositeFilter$VirtualFilterChain.doFilter(CompositeFilter.java:113)
	at org.springframework.web.filter.CompositeFilter.doFilter(CompositeFilter.java:74)
	at org.springframework.security.config.annotation.web.configuration.WebMvcSecurityConfiguration$CompositeFilterChainProxy.doFilter(WebMvcSecurityConfiguration.java:230)
	at org.springframework.web.filter.DelegatingFilterProxy.invokeDelegate(DelegatingFilterProxy.java:352)
	at org.springframework.web.filter.DelegatingFilterProxy.doFilter(DelegatingFilterProxy.java:268)
	at org.apache.catalina.core.ApplicationFilterChain.internalDoFilter(ApplicationFilterChain.java:164)
	at org.apache.catalina.core.ApplicationFilterChain.doFilter(ApplicationFilterChain.java:140)
	at org.springframework.web.filter.RequestContextFilter.doFilterInternal(RequestContextFilter.java:100)
	at org.springframework.web.filter.OncePerRequestFilter.doFilter(OncePerRequestFilter.java:116)
	at org.apache.catalina.core.ApplicationFilterChain.internalDoFilter(ApplicationFilterChain.java:164)
	at org.apache.catalina.core.ApplicationFilterChain.doFilter(ApplicationFilterChain.java:140)
	at org.springframework.web.filter.OncePerRequestFilter.doFilter(OncePerRequestFilter.java:101)
	at org.apache.catalina.core.ApplicationFilterChain.internalDoFilter(ApplicationFilterChain.java:164)
	at org.apache.catalina.core.ApplicationFilterChain.doFilter(ApplicationFilterChain.java:140)
	at org.springframework.web.filter.ServerHttpObservationFilter.doFilterInternal(ServerHttpObservationFilter.java:113)
	at org.springframework.web.filter.OncePerRequestFilter.doFilter(OncePerRequestFilter.java:116)
	at org.apache.catalina.core.ApplicationFilterChain.internalDoFilter(ApplicationFilterChain.java:164)
	at org.apache.catalina.core.ApplicationFilterChain.doFilter(ApplicationFilterChain.java:140)
	at org.springframework.web.filter.OncePerRequestFilter.doFilter(OncePerRequestFilter.java:101)
	at org.apache.catalina.core.ApplicationFilterChain.internalDoFilter(ApplicationFilterChain.java:164)
	at org.apache.catalina.core.ApplicationFilterChain.doFilter(ApplicationFilterChain.java:140)
	at org.apache.catalina.core.ApplicationDispatcher.invoke(ApplicationDispatcher.java:632)
	at org.apache.catalina.core.ApplicationDispatcher.doDispatch(ApplicationDispatcher.java:560)
	at org.apache.catalina.core.ApplicationDispatcher.dispatch(ApplicationDispatcher.java:531)
	at org.apache.catalina.core.AsyncContextImpl$AsyncRunnable.run(AsyncContextImpl.java:601)
	at org.apache.catalina.core.AsyncContextImpl.doInternalDispatch(AsyncContextImpl.java:344)
	at org.apache.catalina.core.StandardWrapperValve.invoke(StandardWrapperValve.java:165)
	at org.apache.catalina.core.StandardContextValve.invoke(StandardContextValve.java:90)
	at org.apache.catalina.authenticator.AuthenticatorBase.invoke(AuthenticatorBase.java:483)
	at org.apache.catalina.core.StandardHostValve.invoke(StandardHostValve.java:115)
	at org.apache.catalina.valves.ErrorReportValve.invoke(ErrorReportValve.java:93)
	at org.apache.catalina.core.StandardEngineValve.invoke(StandardEngineValve.java:74)
	at org.apache.catalina.connector.CoyoteAdapter.asyncDispatch(CoyoteAdapter.java:239)
	at org.apache.coyote.AbstractProcessor.dispatch(AbstractProcessor.java:243)
	at org.apache.coyote.AbstractProcessorLight.process(AbstractProcessorLight.java:57)
	at org.apache.coyote.AbstractProtocol$ConnectionHandler.process(AbstractProtocol.java:905)
	at org.apache.tomcat.util.net.NioEndpoint$SocketProcessor.doRun(NioEndpoint.java:1741)
	at org.apache.tomcat.util.net.SocketProcessorBase.run(SocketProcessorBase.java:52)
	at org.apache.tomcat.util.threads.ThreadPoolExecutor.runWorker(ThreadPoolExecutor.java:1190)
	at org.apache.tomcat.util.threads.ThreadPoolExecutor$Worker.run(ThreadPoolExecutor.java:659)
	at org.apache.tomcat.util.threads.TaskThread$WrappingRunnable.run(TaskThread.java:63)
	at java.base/java.lang.Thread.run(Thread.java:1570)
2026-08-29 16:15:40.973 [http-nio-8080-exec-6] ERROR o.a.c.c.C.[.[.[.[dispatcherServlet] - Servlet.service() for servlet [dispatcherServlet] threw exception
java.io.IOException: Broken pipe
	at java.base/sun.nio.ch.SocketDispatcher.write0(Native Method)
	at java.base/sun.nio.ch.SocketDispatcher.write(SocketDispatcher.java:62)
	at java.base/sun.nio.ch.IOUtil.writeFromNativeBuffer(IOUtil.java:137)
	at java.base/sun.nio.ch.IOUtil.write(IOUtil.java:102)
	at java.base/sun.nio.ch.IOUtil.write(IOUtil.java:58)
	at java.base/sun.nio.ch.SocketChannelImpl.implWrite(SocketChannelImpl.java:566)
	at java.base/sun.nio.ch.SocketChannelImpl.write(SocketChannelImpl.java:618)
	at org.apache.tomcat.util.net.NioChannel.write(NioChannel.java:122)
	at org.apache.tomcat.util.net.NioEndpoint$NioSocketWrapper.doWrite(NioEndpoint.java:1378)
	at org.apache.tomcat.util.net.SocketWrapperBase.doWrite(SocketWrapperBase.java:764)
	at org.apache.tomcat.util.net.SocketWrapperBase.flushBlocking(SocketWrapperBase.java:728)
	at org.apache.tomcat.util.net.SocketWrapperBase.flush(SocketWrapperBase.java:712)
	at org.apache.coyote.http11.Http11OutputBuffer$SocketOutputBuffer.flush(Http11OutputBuffer.java:574)
	at org.apache.coyote.http11.filters.ChunkedOutputFilter.flush(ChunkedOutputFilter.java:156)
	at org.apache.coyote.http11.Http11OutputBuffer.flush(Http11OutputBuffer.java:216)
	at org.apache.coyote.http11.Http11Processor.flush(Http11Processor.java:1252)
	at org.apache.coyote.AbstractProcessor.action(AbstractProcessor.java:408)
	at org.apache.coyote.Response.action(Response.java:208)
	at org.apache.catalina.connector.OutputBuffer.doFlush(OutputBuffer.java:299)
	at org.apache.catalina.connector.OutputBuffer.flush(OutputBuffer.java:265)
	at org.apache.catalina.connector.CoyoteOutputStream.flush(CoyoteOutputStream.java:136)
	at org.springframework.security.web.util.OnCommittedResponseWrapper$SaveContextServletOutputStream.flush(OnCommittedResponseWrapper.java:524)
	at org.springframework.web.context.request.async.StandardServletAsyncWebRequest$LifecycleServletOutputStream.flush(StandardServletAsyncWebRequest.java:412)
	at org.springframework.util.StreamUtils.copy(StreamUtils.java:135)
	at org.springframework.http.converter.StringHttpMessageConverter.writeInternal(StringHttpMessageConverter.java:128)
	at org.springframework.http.converter.StringHttpMessageConverter.writeInternal(StringHttpMessageConverter.java:44)
	at org.springframework.http.converter.AbstractHttpMessageConverter.write(AbstractHttpMessageConverter.java:235)
	at org.springframework.web.servlet.mvc.method.annotation.ResponseBodyEmitterReturnValueHandler$HttpMessageConvertingHandler.sendInternal(ResponseBodyEmitterReturnValueHandler.java:221)
	at org.springframework.web.servlet.mvc.method.annotation.ResponseBodyEmitterReturnValueHandler$HttpMessageConvertingHandler.send(ResponseBodyEmitterReturnValueHandler.java:212)
	at org.springframework.web.servlet.mvc.method.annotation.ResponseBodyEmitter.sendInternal(ResponseBodyEmitter.java:223)
	at org.springframework.web.servlet.mvc.method.annotation.ResponseBodyEmitter.send(ResponseBodyEmitter.java:214)
	at org.springframework.web.servlet.mvc.method.annotation.SseEmitter.send(SseEmitter.java:135)
	at org.springframework.web.servlet.mvc.method.annotation.SseEmitter.send(SseEmitter.java:118)
	at org.springframework.web.servlet.mvc.method.annotation.ReactiveTypeHandler$SseEmitterSubscriber.send(ReactiveTypeHandler.java:392)
	at org.springframework.web.servlet.mvc.method.annotation.ReactiveTypeHandler$AbstractEmitterSubscriber.run(ReactiveTypeHandler.java:332)
	at java.base/java.util.concurrent.ThreadPoolExecutor.runWorker(ThreadPoolExecutor.java:1144)
	at java.base/java.util.concurrent.ThreadPoolExecutor$Worker.run(ThreadPoolExecutor.java:642)
	at java.base/java.lang.Thread.run(Thread.java:1570)
2026-08-29 16:15:40.974 [http-nio-8080-exec-6] ERROR o.a.c.c.C.[.[.[.[dispatcherServlet] - Servlet.service() for servlet [dispatcherServlet] in context with path [] threw exception
java.io.IOException: Broken pipe
	at java.base/sun.nio.ch.SocketDispatcher.write0(Native Method)
	at java.base/sun.nio.ch.SocketDispatcher.write(SocketDispatcher.java:62)
	at java.base/sun.nio.ch.IOUtil.writeFromNativeBuffer(IOUtil.java:137)
	at java.base/sun.nio.ch.IOUtil.write(IOUtil.java:102)
	at java.base/sun.nio.ch.IOUtil.write(IOUtil.java:58)
	at java.base/sun.nio.ch.SocketChannelImpl.implWrite(SocketChannelImpl.java:566)
	at java.base/sun.nio.ch.SocketChannelImpl.write(SocketChannelImpl.java:618)
	at org.apache.tomcat.util.net.NioChannel.write(NioChannel.java:122)
	at org.apache.tomcat.util.net.NioEndpoint$NioSocketWrapper.doWrite(NioEndpoint.java:1378)
	at org.apache.tomcat.util.net.SocketWrapperBase.doWrite(SocketWrapperBase.java:764)
	at org.apache.tomcat.util.net.SocketWrapperBase.flushBlocking(SocketWrapperBase.java:728)
	at org.apache.tomcat.util.net.SocketWrapperBase.flush(SocketWrapperBase.java:712)
	at org.apache.coyote.http11.Http11OutputBuffer$SocketOutputBuffer.flush(Http11OutputBuffer.java:574)
	at org.apache.coyote.http11.filters.ChunkedOutputFilter.flush(ChunkedOutputFilter.java:156)
	at org.apache.coyote.http11.Http11OutputBuffer.flush(Http11OutputBuffer.java:216)
	at org.apache.coyote.http11.Http11Processor.flush(Http11Processor.java:1252)
	at org.apache.coyote.AbstractProcessor.action(AbstractProcessor.java:408)
	at org.apache.coyote.Response.action(Response.java:208)
	at org.apache.catalina.connector.OutputBuffer.doFlush(OutputBuffer.java:299)
	at org.apache.catalina.connector.OutputBuffer.flush(OutputBuffer.java:265)
	at org.apache.catalina.connector.CoyoteOutputStream.flush(CoyoteOutputStream.java:136)
	at org.springframework.security.web.util.OnCommittedResponseWrapper$SaveContextServletOutputStream.flush(OnCommittedResponseWrapper.java:524)
	at org.springframework.web.context.request.async.StandardServletAsyncWebRequest$LifecycleServletOutputStream.flush(StandardServletAsyncWebRequest.java:412)
	at org.springframework.util.StreamUtils.copy(StreamUtils.java:135)
	at org.springframework.http.converter.StringHttpMessageConverter.writeInternal(StringHttpMessageConverter.java:128)
	at org.springframework.http.converter.StringHttpMessageConverter.writeInternal(StringHttpMessageConverter.java:44)
	at org.springframework.http.converter.AbstractHttpMessageConverter.write(AbstractHttpMessageConverter.java:235)
	at org.springframework.web.servlet.mvc.method.annotation.ResponseBodyEmitterReturnValueHandler$HttpMessageConvertingHandler.sendInternal(ResponseBodyEmitterReturnValueHandler.java:221)
	at org.springframework.web.servlet.mvc.method.annotation.ResponseBodyEmitterReturnValueHandler$HttpMessageConvertingHandler.send(ResponseBodyEmitterReturnValueHandler.java:212)
	at org.springframework.web.servlet.mvc.method.annotation.ResponseBodyEmitter.sendInternal(ResponseBodyEmitter.java:223)
	at org.springframework.web.servlet.mvc.method.annotation.ResponseBodyEmitter.send(ResponseBodyEmitter.java:214)
	at org.springframework.web.servlet.mvc.method.annotation.SseEmitter.send(SseEmitter.java:135)
	at org.springframework.web.servlet.mvc.method.annotation.SseEmitter.send(SseEmitter.java:118)
	at org.springframework.web.servlet.mvc.method.annotation.ReactiveTypeHandler$SseEmitterSubscriber.send(ReactiveTypeHandler.java:392)
	at org.springframework.web.servlet.mvc.method.annotation.ReactiveTypeHandler$AbstractEmitterSubscriber.run(ReactiveTypeHandler.java:332)
	at java.base/java.util.concurrent.ThreadPoolExecutor.runWorker(ThreadPoolExecutor.java:1144)
	at java.base/java.util.concurrent.ThreadPoolExecutor$Worker.run(ThreadPoolExecutor.java:642)
	at java.base/java.lang.Thread.run(Thread.java:1570)
2026-08-29 16:15:41.510 [http-nio-8080-exec-9] DEBUG c.a.a.m.C.selectList - ==>  Preparing: SELECT id,title,user_id,course_id,created_at,updated_at FROM conversation WHERE (user_id = ?) ORDER BY updated_at DESC
2026-08-29 16:15:41.510 [http-nio-8080-exec-9] DEBUG c.a.a.m.C.selectList - ==> Parameters: 1(String)
2026-08-29 16:15:41.513 [http-nio-8080-exec-9] DEBUG c.a.a.m.C.selectList - <==      Total: 1
2026-08-29 16:15:43.254 [http-nio-8080-exec-10] DEBUG c.a.a.m.ConversationMapper.insert - ==>  Preparing: INSERT INTO conversation ( title, user_id ) VALUES ( ?, ? )
2026-08-29 16:15:43.255 [http-nio-8080-exec-10] DEBUG c.a.a.m.ConversationMapper.insert - ==> Parameters: [课程: 数据库系统] 什么是数据库事务？(String), 1(String)
2026-08-29 16:15:43.257 [http-nio-8080-exec-10] DEBUG c.a.a.m.ConversationMapper.insert - <==    Updates: 1
2026-08-29 16:15:43.258 [http-nio-8080-exec-10] DEBUG c.a.a.mapper.MessageMapper.insert - ==>  Preparing: INSERT INTO message ( conversation_id, role, content ) VALUES ( ?, ?, ? )
2026-08-29 16:15:43.258 [http-nio-8080-exec-10] DEBUG c.a.a.mapper.MessageMapper.insert - ==> Parameters: 14(Integer), user(String), [课程: 数据库系统] 什么是数据库事务？(String)
2026-08-29 16:15:43.260 [http-nio-8080-exec-10] DEBUG c.a.a.mapper.MessageMapper.insert - <==    Updates: 1
2026-08-29 16:15:43.261 [http-nio-8080-exec-10] DEBUG c.a.a.m.MessageMapper.selectList - ==>  Preparing: SELECT id,conversation_id,role,content,intent,created_at FROM message WHERE (conversation_id = ?) ORDER BY created_at ASC LIMIT 10
2026-08-29 16:15:43.261 [http-nio-8080-exec-10] DEBUG c.a.a.m.MessageMapper.selectList - ==> Parameters: 14(Integer)
2026-08-29 16:15:43.263 [http-nio-8080-exec-10] DEBUG c.a.a.m.MessageMapper.selectList - <==      Total: 1
2026-08-29 16:15:43.973 [http-nio-8080-exec-10] DEBUG c.a.a.s.impl.ReviewAssistantAgent - ========== Agent 流式意图识别 ==========
2026-08-29 16:15:43.973 [http-nio-8080-exec-10] DEBUG c.a.a.s.impl.ReviewAssistantAgent - 用户消息: [课程: 数据库系统] 什么是数据库事务？
2026-08-29 16:15:43.973 [http-nio-8080-exec-10] DEBUG c.a.a.s.impl.ReviewAssistantAgent - 识别意图: QUESTION
2026-08-29 16:15:43.973 [http-nio-8080-exec-10] DEBUG c.a.a.s.impl.ReviewAssistantAgent - 提取参数: {}
2026-08-29 16:15:43.973 [http-nio-8080-exec-10] DEBUG c.a.a.s.impl.ReviewAssistantAgent - [Agent] 流式调用工具: QUESTION
2026-08-29 16:15:43.973 [http-nio-8080-exec-10] DEBUG c.a.a.s.impl.ReviewAssistantAgent - ================================
2026-08-29 16:15:44.101 [http-nio-8080-exec-10] DEBUG c.a.a.service.impl.RagServiceImpl - ========== RAG 检索日志 ==========
2026-08-29 16:15:44.101 [http-nio-8080-exec-10] DEBUG c.a.a.service.impl.RagServiceImpl - 用户问题: [课程: 数据库系统] 什么是数据库事务？
2026-08-29 16:15:44.101 [http-nio-8080-exec-10] DEBUG c.a.a.service.impl.RagServiceImpl - 相似度阈值: 0.5
2026-08-29 16:15:44.102 [http-nio-8080-exec-10] DEBUG c.a.a.service.impl.RagServiceImpl - 初始召回文档数: 0
2026-08-29 16:15:44.102 [http-nio-8080-exec-10] DEBUG c.a.a.service.impl.RagServiceImpl - ================================
2026-08-29 16:15:54.651 [boundedElastic-1] DEBUG c.a.a.mapper.MessageMapper.insert - ==>  Preparing: INSERT INTO message ( conversation_id, role, content, intent ) VALUES ( ?, ?, ?, ? )
2026-08-29 16:15:54.652 [boundedElastic-1] DEBUG c.a.a.mapper.MessageMapper.insert - ==> Parameters: 14(Integer), assistant(String), 在数据库系统中，**事务（Transaction）** 是指作为单个逻辑工作单元执行的一组数据库操作（如 SELECT、INSERT、UPDATE、DELETE 等），这些操作**要么全部成功执行并永久生效，要么全部失败、不产生任何影响**。事务是保证数据库数据一致性与可靠性的核心机制。

### 事务的四大特性（ACID）：
这是事务必须满足的四个基本属性，也是其定义的核心：

1. **原子性（Atomicity）**  
   ✅ 事务是一个不可分割的最小执行单位。  
   → 所有操作“全做”或“全不做”。若中途出错（如系统崩溃、违反约束），已执行的操作将被**回滚（Rollback）**，数据库恢复到事务开始前的状态。  
   *示例：银行转账（A账户减100元，B账户加100元）——二者必须同时成功或同时失败。*

2. **一致性（Consistency）**  
   ✅ 事务执行前后，数据库必须从一个**一致状态**转变为另一个**一致状态**。  
   → 一致性由应用逻辑和数据库约束（如主键、外键、CHECK、NOT NULL等）共同保障。事务不会破坏数据库的完整性规则。  
   *注意：ACID中的“一致性”强调的是数据规则的遵守，而非分布式系统中的CAP理论里的“一致性”。*

3. **隔离性（Isolation）**  
   ✅ 多个并发事务相互隔离，一个事务的执行不应被其他并发事务干扰。  
   → 通过**并发控制机制**（如锁、多版本并发控制 MVCC）实现。不同隔离级别（如 READ UNCOMMITTED、READ COMMITTED、REPEATABLE READ、SERIALIZABLE）在性能与安全性间权衡。  
   *例如：避免“脏读”、“不可重复读”、“幻读”等问题。*

4. **持久性（Durability）**  
   ✅ 一旦事务成功提交（COMMIT），其对数据库的修改将永久保存，即使发生系统故障（断电、崩溃）也不会丢失。  
   → 通常通过写日志（WAL, Write-Ahead Logging）、日志重放（Redo）和检查点（Checkpoint）等机制保障。

---

### 补充说明：
- 📌 **事务边界**：通常以 `BEGIN TRANSACTION`（或隐式开始）→ 执行SQL语句 → `COMMIT`（成功提交）或 `ROLLBACK`（回滚）结束。
- 📌 **自动提交（Autocommit）**：多数DBMS默认开启（如MySQL的InnoDB引擎），即每条DML语句单独构成一个事务；需显式关闭才能手动控制事务边界。
- 📌 **应用场景**：金融交易、订单处理、库存扣减、学生成绩录入等要求强一致性的业务。

✅ 简言之：**事务 = “要么全成，要么全败”的可靠执行单元，靠ACID保驾护航。**

如需进一步了解隔离级别、MVCC原理或事务日志机制，欢迎继续提问！(String), QUESTION(String)
2026-08-29 16:15:54.659 [boundedElastic-1] DEBUG c.a.a.mapper.MessageMapper.insert - <==    Updates: 1
2026-08-29 16:15:54.662 [boundedElastic-1] DEBUG c.a.a.m.C.selectById - ==>  Preparing: SELECT id,title,user_id,course_id,created_at,updated_at FROM conversation WHERE id=?
2026-08-29 16:15:54.662 [boundedElastic-1] DEBUG c.a.a.m.C.selectById - ==> Parameters: 14(Integer)
2026-08-29 16:15:54.664 [boundedElastic-1] DEBUG c.a.a.m.C.selectById - <==      Total: 1
2026-08-29 16:15:54.666 [boundedElastic-1] DEBUG c.a.a.m.ReviewRecordsMapper.insert - ==>  Preparing: INSERT INTO review_records ( conversation_id, user_id, question, answer, created_at ) VALUES ( ?, ?, ?, ?, ? )
2026-08-29 16:15:54.666 [boundedElastic-1] DEBUG c.a.a.m.ReviewRecordsMapper.insert - ==> Parameters: 14(Integer), 1(String), [课程: 数据库系统] 什么是数据库事务？(String), 在数据库系统中，**事务（Transaction）** 是指作为单个逻辑工作单元执行的一组数据库操作（如 SELECT、INSERT、UPDATE、DELETE 等），这些操作**要么全部成功执行并永久生效，要么全部失败、不产生任何影响**。事务是保证数据库数据一致性与可靠性的核心机制。

### 事务的四大特性（ACID）：
这是事务必须满足的四个基本属性，也是其定义的核心：

1. **原子性（Atomicity）**  
   ✅ 事务是一个不可分割的最小执行单位。  
   → 所有操作“全做”或“全不做”。若中途出错（如系统崩溃、违反约束），已执行的操作将被**回滚（Rollback）**，数据库恢复到事务开始前的状态。  
   *示例：银行转账（A账户减100元，B账户加100元）——二者必须同时成功或同时失败。*

2. **一致性（Consistency）**  
   ✅ 事务执行前后，数据库必须从一个**一致状态**转变为另一个**一致状态**。  
   → 一致性由应用逻辑和数据库约束（如主键、外键、CHECK、NOT NULL等）共同保障。事务不会破坏数据库的完整性规则。  
   *注意：ACID中的“一致性”强调的是数据规则的遵守，而非分布式系统中的CAP理论里的“一致性”。*

3. **隔离性（Isolation）**  
   ✅ 多个并发事务相互隔离，一个事务的执行不应被其他并发事务干扰。  
   → 通过**并发控制机制**（如锁、多版本并发控制 MVCC）实现。不同隔离级别（如 READ UNCOMMITTED、READ COMMITTED、REPEATABLE READ、SERIALIZABLE）在性能与安全性间权衡。  
   *例如：避免“脏读”、“不可重复读”、“幻读”等问题。*

4. **持久性（Durability）**  
   ✅ 一旦事务成功提交（COMMIT），其对数据库的修改将永久保存，即使发生系统故障（断电、崩溃）也不会丢失。  
   → 通常通过写日志（WAL, Write-Ahead Logging）、日志重放（Redo）和检查点（Checkpoint）等机制保障。

---

### 补充说明：
- 📌 **事务边界**：通常以 `BEGIN TRANSACTION`（或隐式开始）→ 执行SQL语句 → `COMMIT`（成功提交）或 `ROLLBACK`（回滚）结束。
- 📌 **自动提交（Autocommit）**：多数DBMS默认开启（如MySQL的InnoDB引擎），即每条DML语句单独构成一个事务；需显式关闭才能手动控制事务边界。
- 📌 **应用场景**：金融交易、订单处理、库存扣减、学生成绩录入等要求强一致性的业务。

✅ 简言之：**事务 = “要么全成，要么全败”的可靠执行单元，靠ACID保驾护航。**

如需进一步了解隔离级别、MVCC原理或事务日志机制，欢迎继续提问！(String), 2026-08-29T16:15:54.665108(LocalDateTime)
2026-08-29 16:15:54.760 [boundedElastic-1] WARN  c.a.a.s.impl.ReviewAssistantAgent - [Agent] 保存复习记录失败: 
### Error updating database.  Cause: org.postgresql.util.PSQLException: ERROR: null value in column "course_id" of relation "review_records" violates not-null constraint
  Detail: Failing row contains (8, null, 1, [课程: 数据库系统] 什么是数据库事务？, 在数据库系统中，**事务（Transaction）** 是指作为..., 2026-08-29 16:15:54.665108, 14).
### The error may exist in com/aiservice/aireviewassistant/mapper/ReviewRecordsMapper.java (best guess)
### The error may involve com.aiservice.aireviewassistant.mapper.ReviewRecordsMapper.insert-Inline
### The error occurred while setting parameters
### SQL: INSERT INTO review_records  ( conversation_id,  user_id, question, answer, created_at )  VALUES (  ?,  ?, ?, ?, ?  )
### Cause: org.postgresql.util.PSQLException: ERROR: null value in column "course_id" of relation "review_records" violates not-null constraint
  Detail: Failing row contains (8, null, 1, [课程: 数据库系统] 什么是数据库事务？, 在数据库系统中，**事务（Transaction）** 是指作为..., 2026-08-29 16:15:54.665108, 14).
; ERROR: null value in column "course_id" of relation "review_records" violates not-null constraint
  Detail: Failing row contains (8, null, 1, [课程: 数据库系统] 什么是数据库事务？, 在数据库系统中，**事务（Transaction）** 是指作为..., 2026-08-29 16:15:54.665108, 14).
2026-08-29 16:15:54.761 [boundedElastic-1] DEBUG c.a.a.mapper.AgentLogMapper.insert - ==>  Preparing: INSERT INTO agent_log ( conversation_id, user_message, intent, parameters, latency_ms, success, created_at ) VALUES ( ?, ?, ?, ?, ?, ?, ? )
2026-08-29 16:15:54.762 [boundedElastic-1] DEBUG c.a.a.mapper.AgentLogMapper.insert - ==> Parameters: 14(Integer), [课程: 数据库系统] 什么是数据库事务？(String), QUESTION(String), {}(String), 11509(Long), true(Boolean), 2026-08-29T16:15:54.761249(LocalDateTime)
2026-08-29 16:15:54.768 [boundedElastic-1] DEBUG c.a.a.mapper.AgentLogMapper.insert - <==    Updates: 1
2026-08-29 16:15:54.775 [http-nio-8080-exec-1] DEBUG c.a.a.m.C.selectList - ==>  Preparing: SELECT id,title,user_id,course_id,created_at,updated_at FROM conversation WHERE (user_id = ?) ORDER BY updated_at DESC
2026-08-29 16:15:54.775 [http-nio-8080-exec-1] DEBUG c.a.a.m.C.selectList - ==> Parameters: 1(String)
2026-08-29 16:15:54.777 [http-nio-8080-exec-1] DEBUG c.a.a.m.C.selectList - <==      Total: 2
2026-08-29 16:16:03.194 [http-nio-8080-exec-4] DEBUG c.a.a.m.C.selectList - ==>  Preparing: SELECT id,title,user_id,course_id,created_at,updated_at FROM conversation WHERE (user_id = ?) ORDER BY updated_at DESC
2026-08-29 16:16:03.195 [http-nio-8080-exec-4] DEBUG c.a.a.m.C.selectList - ==> Parameters: 1(String)
2026-08-29 16:16:03.197 [http-nio-8080-exec-4] DEBUG c.a.a.m.C.selectList - <==      Total: 1
2026-08-29 16:16:04.214 [http-nio-8080-exec-5] DEBUG c.a.a.m.MessageMapper.selectList - ==>  Preparing: SELECT id,conversation_id,role,content,intent,created_at FROM message WHERE (conversation_id = ?) ORDER BY created_at ASC
2026-08-29 16:16:04.214 [http-nio-8080-exec-5] DEBUG c.a.a.m.MessageMapper.selectList - ==> Parameters: 14(Integer)
2026-08-29 16:16:04.218 [http-nio-8080-exec-5] DEBUG c.a.a.m.MessageMapper.selectList - <==      Total: 2
2026-08-29 16:16:04.247 [http-nio-8080-exec-6] DEBUG c.a.a.m.C.selectList - ==>  Preparing: SELECT id,title,user_id,course_id,created_at,updated_at FROM conversation WHERE (user_id = ?) ORDER BY updated_at DESC
2026-08-29 16:16:04.247 [http-nio-8080-exec-6] DEBUG c.a.a.m.C.selectList - ==> Parameters: 1(String)
2026-08-29 16:16:04.249 [http-nio-8080-exec-6] DEBUG c.a.a.m.C.selectList - <==      Total: 1
2026-08-29 16:16:15.084 [http-nio-8080-exec-10] DEBUG c.a.a.m.CoursesMapper.selectList - ==>  Preparing: SELECT id,user_id,name,description,created_at,updated_at FROM courses WHERE (user_id = ?) ORDER BY updated_at DESC
2026-08-29 16:16:15.085 [http-nio-8080-exec-10] DEBUG c.a.a.m.CoursesMapper.selectList - ==> Parameters: 1(Integer)
2026-08-29 16:16:15.088 [http-nio-8080-exec-10] DEBUG c.a.a.m.CoursesMapper.selectList - <==      Total: 1
2026-08-29 16:16:15.567 [http-nio-8080-exec-3] DEBUG c.a.a.m.C.selectList - ==>  Preparing: SELECT id,title,user_id,course_id,created_at,updated_at FROM conversation WHERE (user_id = ?) ORDER BY updated_at DESC
2026-08-29 16:16:15.568 [http-nio-8080-exec-3] DEBUG c.a.a.m.C.selectList - ==> Parameters: 1(String)
2026-08-29 16:16:15.570 [http-nio-8080-exec-3] DEBUG c.a.a.m.C.selectList - <==      Total: 0
2026-08-29 16:17:29.988 [http-nio-8080-exec-6] DEBUG c.a.a.m.ConversationMapper.insert - ==>  Preparing: INSERT INTO conversation ( title, user_id ) VALUES ( ?, ? )
2026-08-29 16:17:29.990 [http-nio-8080-exec-6] DEBUG c.a.a.m.ConversationMapper.insert - ==> Parameters: 生成数据库索引的测验题(String), 1(String)
2026-08-29 16:17:29.997 [http-nio-8080-exec-6] DEBUG c.a.a.m.ConversationMapper.insert - <==    Updates: 1
2026-08-29 16:17:29.998 [http-nio-8080-exec-6] DEBUG c.a.a.mapper.MessageMapper.insert - ==>  Preparing: INSERT INTO message ( conversation_id, role, content ) VALUES ( ?, ?, ? )
2026-08-29 16:17:29.998 [http-nio-8080-exec-6] DEBUG c.a.a.mapper.MessageMapper.insert - ==> Parameters: 15(Integer), user(String), 生成数据库索引的测验题(String)
2026-08-29 16:17:30.000 [http-nio-8080-exec-6] DEBUG c.a.a.mapper.MessageMapper.insert - <==    Updates: 1
2026-08-29 16:17:30.001 [http-nio-8080-exec-6] DEBUG c.a.a.m.MessageMapper.selectList - ==>  Preparing: SELECT id,conversation_id,role,content,intent,created_at FROM message WHERE (conversation_id = ?) ORDER BY created_at ASC LIMIT 10
2026-08-29 16:17:30.001 [http-nio-8080-exec-6] DEBUG c.a.a.m.MessageMapper.selectList - ==> Parameters: 15(Integer)
2026-08-29 16:17:30.003 [http-nio-8080-exec-6] DEBUG c.a.a.m.MessageMapper.selectList - <==      Total: 1
2026-08-29 16:17:31.095 [http-nio-8080-exec-6] DEBUG c.a.a.s.impl.ReviewAssistantAgent - ========== Agent 流式意图识别 ==========
2026-08-29 16:17:31.095 [http-nio-8080-exec-6] DEBUG c.a.a.s.impl.ReviewAssistantAgent - 用户消息: 生成数据库索引的测验题
2026-08-29 16:17:31.095 [http-nio-8080-exec-6] DEBUG c.a.a.s.impl.ReviewAssistantAgent - 识别意图: QUIZ
2026-08-29 16:17:31.095 [http-nio-8080-exec-6] DEBUG c.a.a.s.impl.ReviewAssistantAgent - 提取参数: {topic=数据库索引}
2026-08-29 16:17:31.096 [http-nio-8080-exec-6] DEBUG c.a.a.s.impl.ReviewAssistantAgent - [Agent] 流式调用工具: QUIZ
2026-08-29 16:17:31.096 [http-nio-8080-exec-6] DEBUG c.a.a.s.impl.ReviewAssistantAgent - ================================
2026-08-29 16:17:38.777 [http-nio-8080-exec-6] DEBUG c.a.a.mapper.MessageMapper.insert - ==>  Preparing: INSERT INTO message ( conversation_id, role, content, intent ) VALUES ( ?, ?, ?, ? )
2026-08-29 16:17:38.778 [http-nio-8080-exec-6] DEBUG c.a.a.mapper.MessageMapper.insert - ==> Parameters: 15(Integer), assistant(String), 【题目1】在关系型数据库中，关于B+树索引的特性，以下描述正确的是：
【A】B+树的非叶子节点既存储键值也存储对应的数据记录（行数据）
【B】B+树的所有数据记录仅存储在叶子节点，且叶子节点通过指针构成双向链表
【C】B+树的每个节点都必须完全填满（达到最大度数），否则不允许插入新数据
【D】B+树索引会显著加快所有类型的查询（包括全表扫描、模糊匹配LIKE '%abc'、无索引字段排序等）的执行速度
【答案】B
【解析】B+树是主流数据库（如MySQL InnoDB）默认的索引结构。其核心特性包括：①只有叶子节点存储实际数据（聚簇索引下为完整行记录，二级索引下为主键值）；非叶子节点仅存储键值和指向子节点的指针，用于导航；②所有叶子节点处于同一层，并通过双向链表相连，支持高效范围查询和顺序扫描；③节点允许未填满（遵循最小填充因子，如50%），通过分裂/合并动态维护平衡；④索引仅对符合条件的查询（如WHERE条件匹配索引列前缀、ORDER BY使用索引列等）有效，无法优化LIKE以通配符开头的模糊查询或未覆盖索引字段的排序。因此，仅选项B准确描述了B+树的关键特性。(String), QUIZ(String)
2026-08-29 16:17:38.782 [http-nio-8080-exec-6] DEBUG c.a.a.mapper.MessageMapper.insert - <==    Updates: 1
2026-08-29 16:17:38.782 [http-nio-8080-exec-6] DEBUG c.a.a.m.C.selectById - ==>  Preparing: SELECT id,title,user_id,course_id,created_at,updated_at FROM conversation WHERE id=?
2026-08-29 16:17:38.782 [http-nio-8080-exec-6] DEBUG c.a.a.m.C.selectById - ==> Parameters: 15(Integer)
2026-08-29 16:17:38.784 [http-nio-8080-exec-6] DEBUG c.a.a.m.C.selectById - <==      Total: 1
2026-08-29 16:17:38.784 [http-nio-8080-exec-6] DEBUG c.a.a.m.ReviewRecordsMapper.insert - ==>  Preparing: INSERT INTO review_records ( conversation_id, user_id, question, answer, created_at ) VALUES ( ?, ?, ?, ?, ? )
2026-08-29 16:17:38.785 [http-nio-8080-exec-6] DEBUG c.a.a.m.ReviewRecordsMapper.insert - ==> Parameters: 15(Integer), 1(String), 生成数据库索引的测验题(String), 【题目1】在关系型数据库中，关于B+树索引的特性，以下描述正确的是：
【A】B+树的非叶子节点既存储键值也存储对应的数据记录（行数据）
【B】B+树的所有数据记录仅存储在叶子节点，且叶子节点通过指针构成双向链表
【C】B+树的每个节点都必须完全填满（达到最大度数），否则不允许插入新数据
【D】B+树索引会显著加快所有类型的查询（包括全表扫描、模糊匹配LIKE '%abc'、无索引字段排序等）的执行速度
【答案】B
【解析】B+树是主流数据库（如MySQL InnoDB）默认的索引结构。其核心特性包括：①只有叶子节点存储实际数据（聚簇索引下为完整行记录，二级索引下为主键值）；非叶子节点仅存储键值和指向子节点的指针，用于导航；②所有叶子节点处于同一层，并通过双向链表相连，支持高效范围查询和顺序扫描；③节点允许未填满（遵循最小填充因子，如50%），通过分裂/合并动态维护平衡；④索引仅对符合条件的查询（如WHERE条件匹配索引列前缀、ORDER BY使用索引列等）有效，无法优化LIKE以通配符开头的模糊查询或未覆盖索引字段的排序。因此，仅选项B准确描述了B+树的关键特性。(String), 2026-08-29T16:17:38.784639(LocalDateTime)
2026-08-29 16:17:38.786 [http-nio-8080-exec-6] WARN  c.a.a.s.impl.ReviewAssistantAgent - [Agent] 保存复习记录失败: 
### Error updating database.  Cause: org.postgresql.util.PSQLException: ERROR: null value in column "course_id" of relation "review_records" violates not-null constraint
  Detail: Failing row contains (9, null, 1, 生成数据库索引的测验题, 【题目1】在关系型数据库中，关于B+树索引的特..., 2026-08-29 16:17:38.784639, 15).
### The error may exist in com/aiservice/aireviewassistant/mapper/ReviewRecordsMapper.java (best guess)
### The error may involve com.aiservice.aireviewassistant.mapper.ReviewRecordsMapper.insert-Inline
### The error occurred while setting parameters
### SQL: INSERT INTO review_records  ( conversation_id,  user_id, question, answer, created_at )  VALUES (  ?,  ?, ?, ?, ?  )
### Cause: org.postgresql.util.PSQLException: ERROR: null value in column "course_id" of relation "review_records" violates not-null constraint
  Detail: Failing row contains (9, null, 1, 生成数据库索引的测验题, 【题目1】在关系型数据库中，关于B+树索引的特..., 2026-08-29 16:17:38.784639, 15).
; ERROR: null value in column "course_id" of relation "review_records" violates not-null constraint
  Detail: Failing row contains (9, null, 1, 生成数据库索引的测验题, 【题目1】在关系型数据库中，关于B+树索引的特..., 2026-08-29 16:17:38.784639, 15).
2026-08-29 16:17:38.787 [http-nio-8080-exec-6] DEBUG c.a.a.mapper.AgentLogMapper.insert - ==>  Preparing: INSERT INTO agent_log ( conversation_id, user_message, intent, parameters, latency_ms, success, created_at ) VALUES ( ?, ?, ?, ?, ?, ?, ? )
2026-08-29 16:17:38.787 [http-nio-8080-exec-6] DEBUG c.a.a.mapper.AgentLogMapper.insert - ==> Parameters: 15(Integer), 生成数据库索引的测验题(String), QUIZ(String), {"topic":"数据库索引"}(String), 8803(Long), true(Boolean), 2026-08-29T16:17:38.787259(LocalDateTime)
2026-08-29 16:17:38.789 [http-nio-8080-exec-6] DEBUG c.a.a.mapper.AgentLogMapper.insert - <==    Updates: 1
2026-08-29 16:17:38.821 [http-nio-8080-exec-7] DEBUG c.a.a.m.C.selectList - ==>  Preparing: SELECT id,title,user_id,course_id,created_at,updated_at FROM conversation WHERE (user_id = ?) ORDER BY updated_at DESC
2026-08-29 16:17:38.822 [http-nio-8080-exec-7] DEBUG c.a.a.m.C.selectList - ==> Parameters: 1(String)
2026-08-29 16:17:38.823 [http-nio-8080-exec-7] DEBUG c.a.a.m.C.selectList - <==      Total: 1
2026-08-29 16:18:31.103 [http-nio-8080-exec-9] DEBUG c.a.a.m.ConversationMapper.insert - ==>  Preparing: INSERT INTO conversation ( title, user_id ) VALUES ( ?, ? )
2026-08-29 16:18:31.105 [http-nio-8080-exec-9] DEBUG c.a.a.m.ConversationMapper.insert - ==> Parameters: 再生成一题(String), 1(String)
2026-08-29 16:18:31.112 [http-nio-8080-exec-9] DEBUG c.a.a.m.ConversationMapper.insert - <==    Updates: 1
2026-08-29 16:18:31.113 [http-nio-8080-exec-9] DEBUG c.a.a.mapper.MessageMapper.insert - ==>  Preparing: INSERT INTO message ( conversation_id, role, content ) VALUES ( ?, ?, ? )
2026-08-29 16:18:31.113 [http-nio-8080-exec-9] DEBUG c.a.a.mapper.MessageMapper.insert - ==> Parameters: 16(Integer), user(String), 再生成一题(String)
2026-08-29 16:18:31.116 [http-nio-8080-exec-9] DEBUG c.a.a.mapper.MessageMapper.insert - <==    Updates: 1
2026-08-29 16:18:31.117 [http-nio-8080-exec-9] DEBUG c.a.a.m.MessageMapper.selectList - ==>  Preparing: SELECT id,conversation_id,role,content,intent,created_at FROM message WHERE (conversation_id = ?) ORDER BY created_at ASC LIMIT 10
2026-08-29 16:18:31.118 [http-nio-8080-exec-9] DEBUG c.a.a.m.MessageMapper.selectList - ==> Parameters: 16(Integer)
2026-08-29 16:18:31.119 [http-nio-8080-exec-9] DEBUG c.a.a.m.MessageMapper.selectList - <==      Total: 1
2026-08-29 16:18:32.227 [http-nio-8080-exec-9] DEBUG c.a.a.s.impl.ReviewAssistantAgent - ========== Agent 流式意图识别 ==========
2026-08-29 16:18:32.228 [http-nio-8080-exec-9] DEBUG c.a.a.s.impl.ReviewAssistantAgent - 用户消息: 再生成一题
2026-08-29 16:18:32.228 [http-nio-8080-exec-9] DEBUG c.a.a.s.impl.ReviewAssistantAgent - 识别意图: QUIZ
2026-08-29 16:18:32.228 [http-nio-8080-exec-9] DEBUG c.a.a.s.impl.ReviewAssistantAgent - 提取参数: {count=1}
2026-08-29 16:18:32.228 [http-nio-8080-exec-9] DEBUG c.a.a.s.impl.ReviewAssistantAgent - [Agent] 流式调用工具: QUIZ
2026-08-29 16:18:32.228 [http-nio-8080-exec-9] DEBUG c.a.a.s.impl.ReviewAssistantAgent - ================================
2026-08-29 16:18:38.474 [http-nio-8080-exec-9] DEBUG c.a.a.mapper.MessageMapper.insert - ==>  Preparing: INSERT INTO message ( conversation_id, role, content, intent ) VALUES ( ?, ?, ?, ? )
2026-08-29 16:18:38.475 [http-nio-8080-exec-9] DEBUG c.a.a.mapper.MessageMapper.insert - ==> Parameters: 16(Integer), assistant(String), 【题目1】在机器学习中，“再生成”（regeneration）并非标准术语，但若结合模型训练流程理解，以下哪项最准确地描述了“再生成”在生成式AI中的典型含义？
【A】模型在推理阶段多次重复输出同一段文本以增强置信度
【B】利用已有模型参数重新采样训练数据并更新标签
【C】基于潜在表示或中间特征，对已生成内容进行迭代优化或重采样（如扩散模型中的去噪步重生成、LLM中的refine decoding）
【D】将测试集数据重新输入训练流程以扩充原始训练集
【答案】C
【解析】“再生成”在生成式AI语境中并非指数据重采样或训练集扩展（排除B、D），也不等同于简单重复输出（排除A）；它特指在生成过程中对中间结果（如隐变量、噪声图像、草稿文本）进行迭代修正或条件重采样，常见于扩散模型的多步去噪、序列蒸馏中的refinement解码、或可控文本生成中的post-hoc编辑。该过程强调“基于已有生成状态的有目标重建”，是生成质量提升的关键机制。(String), QUIZ(String)
2026-08-29 16:18:38.478 [http-nio-8080-exec-9] DEBUG c.a.a.mapper.MessageMapper.insert - <==    Updates: 1
2026-08-29 16:18:38.478 [http-nio-8080-exec-9] DEBUG c.a.a.m.C.selectById - ==>  Preparing: SELECT id,title,user_id,course_id,created_at,updated_at FROM conversation WHERE id=?
2026-08-29 16:18:38.478 [http-nio-8080-exec-9] DEBUG c.a.a.m.C.selectById - ==> Parameters: 16(Integer)
2026-08-29 16:18:38.481 [http-nio-8080-exec-9] DEBUG c.a.a.m.C.selectById - <==      Total: 1
2026-08-29 16:18:38.482 [http-nio-8080-exec-9] DEBUG c.a.a.m.ReviewRecordsMapper.insert - ==>  Preparing: INSERT INTO review_records ( conversation_id, user_id, question, answer, created_at ) VALUES ( ?, ?, ?, ?, ? )
2026-08-29 16:18:38.483 [http-nio-8080-exec-9] DEBUG c.a.a.m.ReviewRecordsMapper.insert - ==> Parameters: 16(Integer), 1(String), 再生成一题(String), 【题目1】在机器学习中，“再生成”（regeneration）并非标准术语，但若结合模型训练流程理解，以下哪项最准确地描述了“再生成”在生成式AI中的典型含义？
【A】模型在推理阶段多次重复输出同一段文本以增强置信度
【B】利用已有模型参数重新采样训练数据并更新标签
【C】基于潜在表示或中间特征，对已生成内容进行迭代优化或重采样（如扩散模型中的去噪步重生成、LLM中的refine decoding）
【D】将测试集数据重新输入训练流程以扩充原始训练集
【答案】C
【解析】“再生成”在生成式AI语境中并非指数据重采样或训练集扩展（排除B、D），也不等同于简单重复输出（排除A）；它特指在生成过程中对中间结果（如隐变量、噪声图像、草稿文本）进行迭代修正或条件重采样，常见于扩散模型的多步去噪、序列蒸馏中的refinement解码、或可控文本生成中的post-hoc编辑。该过程强调“基于已有生成状态的有目标重建”，是生成质量提升的关键机制。(String), 2026-08-29T16:18:38.481538(LocalDateTime)
2026-08-29 16:18:38.485 [http-nio-8080-exec-9] WARN  c.a.a.s.impl.ReviewAssistantAgent - [Agent] 保存复习记录失败: 
### Error updating database.  Cause: org.postgresql.util.PSQLException: ERROR: null value in column "course_id" of relation "review_records" violates not-null constraint
  Detail: Failing row contains (10, null, 1, 再生成一题, 【题目1】在机器学习中，“再生成”（regeneration..., 2026-08-29 16:18:38.481538, 16).
### The error may exist in com/aiservice/aireviewassistant/mapper/ReviewRecordsMapper.java (best guess)
### The error may involve com.aiservice.aireviewassistant.mapper.ReviewRecordsMapper.insert-Inline
### The error occurred while setting parameters
### SQL: INSERT INTO review_records  ( conversation_id,  user_id, question, answer, created_at )  VALUES (  ?,  ?, ?, ?, ?  )
### Cause: org.postgresql.util.PSQLException: ERROR: null value in column "course_id" of relation "review_records" violates not-null constraint
  Detail: Failing row contains (10, null, 1, 再生成一题, 【题目1】在机器学习中，“再生成”（regeneration..., 2026-08-29 16:18:38.481538, 16).
; ERROR: null value in column "course_id" of relation "review_records" violates not-null constraint
  Detail: Failing row contains (10, null, 1, 再生成一题, 【题目1】在机器学习中，“再生成”（regeneration..., 2026-08-29 16:18:38.481538, 16).
2026-08-29 16:18:38.486 [http-nio-8080-exec-9] DEBUG c.a.a.mapper.AgentLogMapper.insert - ==>  Preparing: INSERT INTO agent_log ( conversation_id, user_message, intent, parameters, latency_ms, success, created_at ) VALUES ( ?, ?, ?, ?, ?, ?, ? )
2026-08-29 16:18:38.486 [http-nio-8080-exec-9] DEBUG c.a.a.mapper.AgentLogMapper.insert - ==> Parameters: 16(Integer), 再生成一题(String), QUIZ(String), {"count":"1"}(String), 7388(Long), true(Boolean), 2026-08-29T16:18:38.485850(LocalDateTime)
2026-08-29 16:18:38.488 [http-nio-8080-exec-9] DEBUG c.a.a.mapper.AgentLogMapper.insert - <==    Updates: 1
2026-08-29 16:18:38.515 [http-nio-8080-exec-10] DEBUG c.a.a.m.C.selectList - ==>  Preparing: SELECT id,title,user_id,course_id,created_at,updated_at FROM conversation WHERE (user_id = ?) ORDER BY updated_at DESC
2026-08-29 16:18:38.516 [http-nio-8080-exec-10] DEBUG c.a.a.m.C.selectList - ==> Parameters: 1(String)
2026-08-29 16:18:38.517 [http-nio-8080-exec-10] DEBUG c.a.a.m.C.selectList - <==      Total: 2
2026-08-29 16:18:44.015 [http-nio-8080-exec-2] DEBUG c.a.a.m.ConversationMapper.insert - ==>  Preparing: INSERT INTO conversation ( title, user_id ) VALUES ( ?, ? )
2026-08-29 16:18:44.015 [http-nio-8080-exec-2] DEBUG c.a.a.m.ConversationMapper.insert - ==> Parameters: 你好(String), 1(String)
2026-08-29 16:18:44.017 [http-nio-8080-exec-2] DEBUG c.a.a.m.ConversationMapper.insert - <==    Updates: 1
2026-08-29 16:18:44.018 [http-nio-8080-exec-2] DEBUG c.a.a.mapper.MessageMapper.insert - ==>  Preparing: INSERT INTO message ( conversation_id, role, content ) VALUES ( ?, ?, ? )
2026-08-29 16:18:44.018 [http-nio-8080-exec-2] DEBUG c.a.a.mapper.MessageMapper.insert - ==> Parameters: 17(Integer), user(String), 你好(String)
2026-08-29 16:18:44.019 [http-nio-8080-exec-2] DEBUG c.a.a.mapper.MessageMapper.insert - <==    Updates: 1
2026-08-29 16:18:44.019 [http-nio-8080-exec-2] DEBUG c.a.a.m.MessageMapper.selectList - ==>  Preparing: SELECT id,conversation_id,role,content,intent,created_at FROM message WHERE (conversation_id = ?) ORDER BY created_at ASC LIMIT 10
2026-08-29 16:18:44.019 [http-nio-8080-exec-2] DEBUG c.a.a.m.MessageMapper.selectList - ==> Parameters: 17(Integer)
2026-08-29 16:18:44.021 [http-nio-8080-exec-2] DEBUG c.a.a.m.MessageMapper.selectList - <==      Total: 1
2026-08-29 16:18:44.819 [http-nio-8080-exec-2] DEBUG c.a.a.s.impl.ReviewAssistantAgent - ========== Agent 流式意图识别 ==========
2026-08-29 16:18:44.819 [http-nio-8080-exec-2] DEBUG c.a.a.s.impl.ReviewAssistantAgent - 用户消息: 你好
2026-08-29 16:18:44.819 [http-nio-8080-exec-2] DEBUG c.a.a.s.impl.ReviewAssistantAgent - 识别意图: CHAT
2026-08-29 16:18:44.820 [http-nio-8080-exec-2] DEBUG c.a.a.s.impl.ReviewAssistantAgent - 提取参数: {}
2026-08-29 16:18:44.820 [http-nio-8080-exec-2] DEBUG c.a.a.s.impl.ReviewAssistantAgent - [Agent] 流式调用工具: CHAT
2026-08-29 16:18:44.820 [http-nio-8080-exec-2] DEBUG c.a.a.s.impl.ReviewAssistantAgent - ================================
2026-08-29 16:18:47.460 [boundedElastic-2] DEBUG c.a.a.mapper.MessageMapper.insert - ==>  Preparing: INSERT INTO message ( conversation_id, role, content, intent ) VALUES ( ?, ?, ?, ? )
2026-08-29 16:18:47.460 [boundedElastic-2] DEBUG c.a.a.mapper.MessageMapper.insert - ==> Parameters: 17(Integer), assistant(String), 你好呀！👋 很高兴又见到你～  
期末复习正在紧张进行中吧？需要我帮你梳理某个科目的重点、讲解易错概念、整理时间线/思维导图，还是想做几道典型习题巩固一下？随时告诉我你的科目和具体需求，我会用清晰、耐心、适合学生理解的方式陪你一起高效复习！📚✨  
（比如：“历史必修二的工业革命”“数学函数单调性判断”“生物光合作用过程”……都可以哦～）(String), CHAT(String)
2026-08-29 16:18:47.462 [boundedElastic-2] DEBUG c.a.a.mapper.MessageMapper.insert - <==    Updates: 1
2026-08-29 16:18:47.463 [boundedElastic-2] DEBUG c.a.a.m.C.selectById - ==>  Preparing: SELECT id,title,user_id,course_id,created_at,updated_at FROM conversation WHERE id=?
2026-08-29 16:18:47.463 [boundedElastic-2] DEBUG c.a.a.m.C.selectById - ==> Parameters: 17(Integer)
2026-08-29 16:18:47.465 [boundedElastic-2] DEBUG c.a.a.m.C.selectById - <==      Total: 1
2026-08-29 16:18:47.465 [boundedElastic-2] DEBUG c.a.a.m.ReviewRecordsMapper.insert - ==>  Preparing: INSERT INTO review_records ( conversation_id, user_id, question, answer, created_at ) VALUES ( ?, ?, ?, ?, ? )
2026-08-29 16:18:47.466 [boundedElastic-2] DEBUG c.a.a.m.ReviewRecordsMapper.insert - ==> Parameters: 17(Integer), 1(String), 你好(String), 你好呀！👋 很高兴又见到你～  
期末复习正在紧张进行中吧？需要我帮你梳理某个科目的重点、讲解易错概念、整理时间线/思维导图，还是想做几道典型习题巩固一下？随时告诉我你的科目和具体需求，我会用清晰、耐心、适合学生理解的方式陪你一起高效复习！📚✨  
（比如：“历史必修二的工业革命”“数学函数单调性判断”“生物光合作用过程”……都可以哦～）(String), 2026-08-29T16:18:47.465558(LocalDateTime)
2026-08-29 16:18:47.468 [boundedElastic-2] WARN  c.a.a.s.impl.ReviewAssistantAgent - [Agent] 保存复习记录失败: 
### Error updating database.  Cause: org.postgresql.util.PSQLException: ERROR: null value in column "course_id" of relation "review_records" violates not-null constraint
  Detail: Failing row contains (11, null, 1, 你好, 你好呀！👋 很高兴又见到你～  
期末复习正在..., 2026-08-29 16:18:47.465558, 17).
### The error may exist in com/aiservice/aireviewassistant/mapper/ReviewRecordsMapper.java (best guess)
### The error may involve com.aiservice.aireviewassistant.mapper.ReviewRecordsMapper.insert-Inline
### The error occurred while setting parameters
### SQL: INSERT INTO review_records  ( conversation_id,  user_id, question, answer, created_at )  VALUES (  ?,  ?, ?, ?, ?  )
### Cause: org.postgresql.util.PSQLException: ERROR: null value in column "course_id" of relation "review_records" violates not-null constraint
  Detail: Failing row contains (11, null, 1, 你好, 你好呀！👋 很高兴又见到你～  
期末复习正在..., 2026-08-29 16:18:47.465558, 17).
; ERROR: null value in column "course_id" of relation "review_records" violates not-null constraint
  Detail: Failing row contains (11, null, 1, 你好, 你好呀！👋 很高兴又见到你～  
期末复习正在..., 2026-08-29 16:18:47.465558, 17).
2026-08-29 16:18:47.468 [boundedElastic-2] DEBUG c.a.a.mapper.AgentLogMapper.insert - ==>  Preparing: INSERT INTO agent_log ( conversation_id, user_message, intent, parameters, latency_ms, success, created_at ) VALUES ( ?, ?, ?, ?, ?, ?, ? )
2026-08-29 16:18:47.469 [boundedElastic-2] DEBUG c.a.a.mapper.AgentLogMapper.insert - ==> Parameters: 17(Integer), 你好(String), CHAT(String), {}(String), 3456(Long), true(Boolean), 2026-08-29T16:18:47.468586(LocalDateTime)
2026-08-29 16:18:47.471 [boundedElastic-2] DEBUG c.a.a.mapper.AgentLogMapper.insert - <==    Updates: 1
2026-08-29 16:18:47.481 [http-nio-8080-exec-3] DEBUG c.a.a.m.C.selectList - ==>  Preparing: SELECT id,title,user_id,course_id,created_at,updated_at FROM conversation WHERE (user_id = ?) ORDER BY updated_at DESC
2026-08-29 16:18:47.482 [http-nio-8080-exec-3] DEBUG c.a.a.m.C.selectList - ==> Parameters: 1(String)
2026-08-29 16:18:47.484 [http-nio-8080-exec-3] DEBUG c.a.a.m.C.selectList - <==      Total: 3
2026-08-29 16:18:53.731 [http-nio-8080-exec-5] DEBUG c.a.a.m.C.selectList - ==>  Preparing: SELECT id,title,user_id,course_id,created_at,updated_at FROM conversation WHERE (user_id = ?) ORDER BY updated_at DESC
2026-08-29 16:18:53.733 [http-nio-8080-exec-5] DEBUG c.a.a.m.C.selectList - ==> Parameters: 1(String)
2026-08-29 16:18:53.735 [http-nio-8080-exec-5] DEBUG c.a.a.m.C.selectList - <==      Total: 2
2026-08-29 16:18:56.169 [http-nio-8080-exec-7] DEBUG c.a.a.m.C.selectList - ==>  Preparing: SELECT id,title,user_id,course_id,created_at,updated_at FROM conversation WHERE (user_id = ?) ORDER BY updated_at DESC
2026-08-29 16:18:56.169 [http-nio-8080-exec-7] DEBUG c.a.a.m.C.selectList - ==> Parameters: 1(String)
2026-08-29 16:18:56.172 [http-nio-8080-exec-7] DEBUG c.a.a.m.C.selectList - <==      Total: 1
2026-08-29 16:18:58.167 [http-nio-8080-exec-9] DEBUG c.a.a.m.C.selectList - ==>  Preparing: SELECT id,title,user_id,course_id,created_at,updated_at FROM conversation WHERE (user_id = ?) ORDER BY updated_at DESC
2026-08-29 16:18:58.167 [http-nio-8080-exec-9] DEBUG c.a.a.m.C.selectList - ==> Parameters: 1(String)
2026-08-29 16:18:58.169 [http-nio-8080-exec-9] DEBUG c.a.a.m.C.selectList - <==      Total: 0
2026-08-29 16:18:59.461 [http-nio-8080-exec-1] DEBUG c.a.a.m.C.selectList - ==>  Preparing: SELECT id,title,user_id,course_id,created_at,updated_at FROM conversation WHERE (user_id = ?) ORDER BY updated_at DESC
2026-08-29 16:18:59.461 [http-nio-8080-exec-1] DEBUG c.a.a.m.C.selectList - ==> Parameters: 1(String)
2026-08-29 16:18:59.462 [http-nio-8080-exec-1] DEBUG c.a.a.m.C.selectList - <==      Total: 0
2026-08-29 16:43:15.405 [SpringApplicationShutdownHook] INFO  com.zaxxer.hikari.HikariDataSource - HikariPool-1 - Shutdown initiated...
2026-08-29 16:43:15.411 [SpringApplicationShutdownHook] INFO  com.zaxxer.hikari.HikariDataSource - HikariPool-1 - Shutdown completed.
2026-08-29 16:43:24.003 [background-preinit] INFO  o.h.validator.internal.util.Version - HV000001: Hibernate Validator 8.0.1.Final
2026-08-29 16:43:24.070 [main] INFO  c.a.a.AiReviewAssistantApplication - Starting AiReviewAssistantApplication v0.0.1-SNAPSHOT using Java 22.0.1 with PID 32761 (/Users/h3rtz/Desktop/ai-review-assistant/target/ai-review-assistant-0.0.1-SNAPSHOT.jar started by h3rtz in /Users/h3rtz/Desktop/ai-review-assistant)
2026-08-29 16:43:24.071 [main] DEBUG c.a.a.AiReviewAssistantApplication - Running with Spring Boot v3.2.10, Spring v6.1.13
2026-08-29 16:43:24.072 [main] INFO  c.a.a.AiReviewAssistantApplication - No active profile set, falling back to 1 default profile: "default"
2026-08-29 16:43:25.628 [main] INFO  o.s.b.w.e.tomcat.TomcatWebServer - Tomcat initialized with port 8080 (http)
2026-08-29 16:43:25.634 [main] INFO  o.a.coyote.http11.Http11NioProtocol - Initializing ProtocolHandler ["http-nio-8080"]
2026-08-29 16:43:25.636 [main] INFO  o.a.catalina.core.StandardService - Starting service [Tomcat]
2026-08-29 16:43:25.636 [main] INFO  o.a.catalina.core.StandardEngine - Starting Servlet engine: [Apache Tomcat/10.1.30]
2026-08-29 16:43:25.653 [main] INFO  o.a.c.c.C.[Tomcat].[localhost].[/] - Initializing Spring embedded WebApplicationContext
2026-08-29 16:43:25.654 [main] INFO  o.s.b.w.s.c.ServletWebServerApplicationContext - Root WebApplicationContext: initialization completed in 1553 ms
2026-08-29 16:43:26.170 [main] INFO  o.s.a.v.pgvector.PgVectorStore - Using the vector table name: vector_store. Is empty: false
2026-08-29 16:43:26.173 [main] INFO  o.s.a.v.pgvector.PgVectorStore - Initializing PGVectorStore schema for table: vector_store in schema: public
2026-08-29 16:43:26.173 [main] INFO  o.s.a.v.pgvector.PgVectorStore - vectorTableValidationsEnabled false
2026-08-29 16:43:26.176 [main] INFO  com.zaxxer.hikari.HikariDataSource - HikariPool-1 - Starting...
2026-08-29 16:43:26.332 [main] INFO  com.zaxxer.hikari.pool.HikariPool - HikariPool-1 - Added connection org.postgresql.jdbc.PgConnection@da32ee2
2026-08-29 16:43:26.334 [main] INFO  com.zaxxer.hikari.HikariDataSource - HikariPool-1 - Start completed.
2026-08-29 16:43:26.977 [main] WARN  o.s.b.a.s.s.UserDetailsServiceAutoConfiguration - 

Using generated security password: c14c2fee-0e5d-4478-a86b-ee9626fc9583

This generated password is for development use only. Your security configuration must be updated before running your application in production.

2026-08-29 16:43:27.049 [main] INFO  o.s.b.a.w.s.WelcomePageHandlerMapping - Adding welcome page: class path resource [static/index.html]
2026-08-29 16:43:27.224 [main] INFO  o.s.b.a.e.web.EndpointLinksResolver - Exposing 4 endpoint(s) beneath base path '/actuator'
2026-08-29 16:43:27.275 [main] INFO  o.s.s.web.DefaultSecurityFilterChain - Will secure any request with [org.springframework.security.web.session.DisableEncodeUrlFilter@1036e813, org.springframework.security.web.context.request.async.WebAsyncManagerIntegrationFilter@357a40a0, org.springframework.security.web.context.SecurityContextHolderFilter@280cdaf4, org.springframework.security.web.header.HeaderWriterFilter@3e4700e5, org.springframework.security.web.authentication.logout.LogoutFilter@748f1fa4, com.aiservice.aireviewassistant.security.JwtAuthenticationFilter@45faa352, org.springframework.security.web.savedrequest.RequestCacheAwareFilter@5010e026, org.springframework.security.web.servletapi.SecurityContextHolderAwareRequestFilter@41f584dd, org.springframework.security.web.authentication.AnonymousAuthenticationFilter@33dcd988, org.springframework.security.web.session.SessionManagementFilter@3e9f7bcc, org.springframework.security.web.access.ExceptionTranslationFilter@160149cc, org.springframework.security.web.access.intercept.AuthorizationFilter@6526e89c]
2026-08-29 16:43:27.937 [main] ERROR i.n.r.d.DnsServerAddressStreamProviders - Unable to load io.netty.resolver.dns.macos.MacOSDnsServerAddressStreamProvider, fallback to system defaults. This may result in incorrect DNS resolutions on MacOS. Check whether you have a dependency on 'io.netty:netty-resolver-dns-native-macos'. Use DEBUG level to see the full stack: java.lang.UnsatisfiedLinkError: failed to load the required native library
2026-08-29 16:43:27.943 [main] INFO  o.a.coyote.http11.Http11NioProtocol - Starting ProtocolHandler ["http-nio-8080"]
2026-08-29 16:43:27.950 [main] INFO  o.s.b.w.e.tomcat.TomcatWebServer - Tomcat started on port 8080 (http) with context path ''
2026-08-29 16:43:27.969 [main] INFO  c.a.a.AiReviewAssistantApplication - Started AiReviewAssistantApplication in 4.279 seconds (process running for 4.584)
2026-08-29 16:43:28.525 [http-nio-8080-exec-1] INFO  o.a.c.c.C.[Tomcat].[localhost].[/] - Initializing Spring DispatcherServlet 'dispatcherServlet'
2026-08-29 16:43:28.525 [http-nio-8080-exec-1] INFO  o.s.web.servlet.DispatcherServlet - Initializing Servlet 'dispatcherServlet'
2026-08-29 16:43:28.526 [http-nio-8080-exec-1] INFO  o.s.web.servlet.DispatcherServlet - Completed initialization in 1 ms
2026-08-29 17:41:18.211 [SpringApplicationShutdownHook] INFO  com.zaxxer.hikari.HikariDataSource - HikariPool-1 - Shutdown initiated...
2026-08-29 17:41:18.215 [SpringApplicationShutdownHook] INFO  com.zaxxer.hikari.HikariDataSource - HikariPool-1 - Shutdown completed.
2026-08-29 17:41:26.740 [background-preinit] INFO  o.h.validator.internal.util.Version - HV000001: Hibernate Validator 8.0.1.Final
2026-08-29 17:41:26.815 [main] INFO  c.a.a.AiReviewAssistantApplication - Starting AiReviewAssistantApplication v0.0.1-SNAPSHOT using Java 22.0.1 with PID 45112 (/Users/h3rtz/Desktop/ai-review-assistant/target/ai-review-assistant-0.0.1-SNAPSHOT.jar started by h3rtz in /Users/h3rtz/Desktop/ai-review-assistant)
2026-08-29 17:41:26.815 [main] DEBUG c.a.a.AiReviewAssistantApplication - Running with Spring Boot v3.2.10, Spring v6.1.13
2026-08-29 17:41:26.815 [main] INFO  c.a.a.AiReviewAssistantApplication - No active profile set, falling back to 1 default profile: "default"
2026-08-29 17:41:28.375 [main] INFO  o.s.b.w.e.tomcat.TomcatWebServer - Tomcat initialized with port 8080 (http)
2026-08-29 17:41:28.382 [main] INFO  o.a.coyote.http11.Http11NioProtocol - Initializing ProtocolHandler ["http-nio-8080"]
2026-08-29 17:41:28.384 [main] INFO  o.a.catalina.core.StandardService - Starting service [Tomcat]
2026-08-29 17:41:28.384 [main] INFO  o.a.catalina.core.StandardEngine - Starting Servlet engine: [Apache Tomcat/10.1.30]
2026-08-29 17:41:28.404 [main] INFO  o.a.c.c.C.[Tomcat].[localhost].[/] - Initializing Spring embedded WebApplicationContext
2026-08-29 17:41:28.404 [main] INFO  o.s.b.w.s.c.ServletWebServerApplicationContext - Root WebApplicationContext: initialization completed in 1557 ms
2026-08-29 17:41:28.927 [main] INFO  o.s.a.v.pgvector.PgVectorStore - Using the vector table name: vector_store. Is empty: false
2026-08-29 17:41:28.930 [main] INFO  o.s.a.v.pgvector.PgVectorStore - Initializing PGVectorStore schema for table: vector_store in schema: public
2026-08-29 17:41:28.930 [main] INFO  o.s.a.v.pgvector.PgVectorStore - vectorTableValidationsEnabled false
2026-08-29 17:41:28.933 [main] INFO  com.zaxxer.hikari.HikariDataSource - HikariPool-1 - Starting...
2026-08-29 17:41:29.066 [main] INFO  com.zaxxer.hikari.pool.HikariPool - HikariPool-1 - Added connection org.postgresql.jdbc.PgConnection@78c203e9
2026-08-29 17:41:29.067 [main] INFO  com.zaxxer.hikari.HikariDataSource - HikariPool-1 - Start completed.
2026-08-29 17:41:29.741 [main] WARN  o.s.b.a.s.s.UserDetailsServiceAutoConfiguration - 

Using generated security password: 004b2b96-d7c8-45a6-93de-40f2328f4cb2

This generated password is for development use only. Your security configuration must be updated before running your application in production.

2026-08-29 17:41:29.818 [main] INFO  o.s.b.a.w.s.WelcomePageHandlerMapping - Adding welcome page: class path resource [static/index.html]
2026-08-29 17:41:29.996 [main] INFO  o.s.b.a.e.web.EndpointLinksResolver - Exposing 4 endpoint(s) beneath base path '/actuator'
2026-08-29 17:41:30.052 [main] INFO  o.s.s.web.DefaultSecurityFilterChain - Will secure any request with [org.springframework.security.web.session.DisableEncodeUrlFilter@748f1fa4, org.springframework.security.web.context.request.async.WebAsyncManagerIntegrationFilter@4419e9d9, org.springframework.security.web.context.SecurityContextHolderFilter@15eec397, org.springframework.security.web.header.HeaderWriterFilter@1037a234, org.springframework.security.web.authentication.logout.LogoutFilter@77673a33, com.aiservice.aireviewassistant.security.JwtAuthenticationFilter@7dbf35e9, org.springframework.security.web.savedrequest.RequestCacheAwareFilter@3e4700e5, org.springframework.security.web.servletapi.SecurityContextHolderAwareRequestFilter@192b9521, org.springframework.security.web.authentication.AnonymousAuthenticationFilter@16b32e49, org.springframework.security.web.session.SessionManagementFilter@de20a4, org.springframework.security.web.access.ExceptionTranslationFilter@39dd3b25, org.springframework.security.web.access.intercept.AuthorizationFilter@49b2931c]
2026-08-29 17:41:30.759 [main] ERROR i.n.r.d.DnsServerAddressStreamProviders - Unable to load io.netty.resolver.dns.macos.MacOSDnsServerAddressStreamProvider, fallback to system defaults. This may result in incorrect DNS resolutions on MacOS. Check whether you have a dependency on 'io.netty:netty-resolver-dns-native-macos'. Use DEBUG level to see the full stack: java.lang.UnsatisfiedLinkError: failed to load the required native library
2026-08-29 17:41:30.766 [main] INFO  o.a.coyote.http11.Http11NioProtocol - Starting ProtocolHandler ["http-nio-8080"]
2026-08-29 17:41:30.772 [main] INFO  o.s.b.w.e.tomcat.TomcatWebServer - Tomcat started on port 8080 (http) with context path ''
2026-08-29 17:41:30.791 [main] INFO  c.a.a.AiReviewAssistantApplication - Started AiReviewAssistantApplication in 4.369 seconds (process running for 4.656)
2026-08-29 17:41:31.275 [http-nio-8080-exec-1] INFO  o.a.c.c.C.[Tomcat].[localhost].[/] - Initializing Spring DispatcherServlet 'dispatcherServlet'
2026-08-29 17:41:31.276 [http-nio-8080-exec-1] INFO  o.s.web.servlet.DispatcherServlet - Initializing Servlet 'dispatcherServlet'
2026-08-29 17:41:31.277 [http-nio-8080-exec-1] INFO  o.s.web.servlet.DispatcherServlet - Completed initialization in 1 ms
2026-08-29 18:33:55.537 [SpringApplicationShutdownHook] INFO  com.zaxxer.hikari.HikariDataSource - HikariPool-1 - Shutdown initiated...
2026-08-29 18:33:55.542 [SpringApplicationShutdownHook] INFO  com.zaxxer.hikari.HikariDataSource - HikariPool-1 - Shutdown completed.
2026-08-29 18:33:58.356 [background-preinit] INFO  o.h.validator.internal.util.Version - HV000001: Hibernate Validator 8.0.1.Final
2026-08-29 18:33:58.421 [main] INFO  c.a.a.AiReviewAssistantApplication - Starting AiReviewAssistantApplication v0.0.1-SNAPSHOT using Java 22.0.1 with PID 55651 (/Users/h3rtz/Desktop/ai-review-assistant/target/ai-review-assistant-0.0.1-SNAPSHOT.jar started by h3rtz in /Users/h3rtz/Desktop/ai-review-assistant)
2026-08-29 18:33:58.422 [main] DEBUG c.a.a.AiReviewAssistantApplication - Running with Spring Boot v3.2.10, Spring v6.1.13
2026-08-29 18:33:58.422 [main] INFO  c.a.a.AiReviewAssistantApplication - No active profile set, falling back to 1 default profile: "default"
2026-08-29 18:33:59.828 [main] INFO  o.s.b.w.e.tomcat.TomcatWebServer - Tomcat initialized with port 8080 (http)
2026-08-29 18:33:59.834 [main] INFO  o.a.coyote.http11.Http11NioProtocol - Initializing ProtocolHandler ["http-nio-8080"]
2026-08-29 18:33:59.836 [main] INFO  o.a.catalina.core.StandardService - Starting service [Tomcat]
2026-08-29 18:33:59.836 [main] INFO  o.a.catalina.core.StandardEngine - Starting Servlet engine: [Apache Tomcat/10.1.30]
2026-08-29 18:33:59.854 [main] INFO  o.a.c.c.C.[Tomcat].[localhost].[/] - Initializing Spring embedded WebApplicationContext
2026-08-29 18:33:59.854 [main] INFO  o.s.b.w.s.c.ServletWebServerApplicationContext - Root WebApplicationContext: initialization completed in 1407 ms
2026-08-29 18:34:00.346 [main] INFO  o.s.a.v.pgvector.PgVectorStore - Using the vector table name: vector_store. Is empty: false
2026-08-29 18:34:00.349 [main] INFO  o.s.a.v.pgvector.PgVectorStore - Initializing PGVectorStore schema for table: vector_store in schema: public
2026-08-29 18:34:00.349 [main] INFO  o.s.a.v.pgvector.PgVectorStore - vectorTableValidationsEnabled false
2026-08-29 18:34:00.351 [main] INFO  com.zaxxer.hikari.HikariDataSource - HikariPool-1 - Starting...
2026-08-29 18:34:00.493 [main] INFO  com.zaxxer.hikari.pool.HikariPool - HikariPool-1 - Added connection org.postgresql.jdbc.PgConnection@78c203e9
2026-08-29 18:34:00.494 [main] INFO  com.zaxxer.hikari.HikariDataSource - HikariPool-1 - Start completed.
2026-08-29 18:34:01.090 [main] WARN  o.s.b.a.s.s.UserDetailsServiceAutoConfiguration - 

Using generated security password: 07112236-24f8-4c60-b1ef-e172a2430a3b

This generated password is for development use only. Your security configuration must be updated before running your application in production.

2026-08-29 18:34:01.157 [main] INFO  o.s.b.a.w.s.WelcomePageHandlerMapping - Adding welcome page: class path resource [static/index.html]
2026-08-29 18:34:01.315 [main] INFO  o.s.b.a.e.web.EndpointLinksResolver - Exposing 4 endpoint(s) beneath base path '/actuator'
2026-08-29 18:34:01.359 [main] INFO  o.s.s.web.DefaultSecurityFilterChain - Will secure any request with [org.springframework.security.web.session.DisableEncodeUrlFilter@4419e9d9, org.springframework.security.web.context.request.async.WebAsyncManagerIntegrationFilter@7dbf35e9, org.springframework.security.web.context.SecurityContextHolderFilter@7a1019b4, org.springframework.security.web.header.HeaderWriterFilter@543ca0a1, org.springframework.security.web.authentication.logout.LogoutFilter@5ea8e39b, com.aiservice.aireviewassistant.security.JwtAuthenticationFilter@16b32e49, org.springframework.security.web.savedrequest.RequestCacheAwareFilter@44607320, org.springframework.security.web.servletapi.SecurityContextHolderAwareRequestFilter@78ae6b30, org.springframework.security.web.authentication.AnonymousAuthenticationFilter@1acd6104, org.springframework.security.web.session.SessionManagementFilter@4576f822, org.springframework.security.web.access.ExceptionTranslationFilter@72a0e33f, org.springframework.security.web.access.intercept.AuthorizationFilter@2ed3ceb2]
2026-08-29 18:34:01.985 [main] ERROR i.n.r.d.DnsServerAddressStreamProviders - Unable to load io.netty.resolver.dns.macos.MacOSDnsServerAddressStreamProvider, fallback to system defaults. This may result in incorrect DNS resolutions on MacOS. Check whether you have a dependency on 'io.netty:netty-resolver-dns-native-macos'. Use DEBUG level to see the full stack: java.lang.UnsatisfiedLinkError: failed to load the required native library
2026-08-29 18:34:01.991 [main] INFO  o.a.coyote.http11.Http11NioProtocol - Starting ProtocolHandler ["http-nio-8080"]
2026-08-29 18:34:02.001 [main] INFO  o.s.b.w.e.tomcat.TomcatWebServer - Tomcat started on port 8080 (http) with context path ''
2026-08-29 18:34:02.018 [main] INFO  c.a.a.AiReviewAssistantApplication - Started AiReviewAssistantApplication in 3.97 seconds (process running for 4.336)
2026-08-29 18:34:02.826 [http-nio-8080-exec-1] INFO  o.a.c.c.C.[Tomcat].[localhost].[/] - Initializing Spring DispatcherServlet 'dispatcherServlet'
2026-08-29 18:34:02.826 [http-nio-8080-exec-1] INFO  o.s.web.servlet.DispatcherServlet - Initializing Servlet 'dispatcherServlet'
2026-08-29 18:34:02.827 [http-nio-8080-exec-1] INFO  o.s.web.servlet.DispatcherServlet - Completed initialization in 1 ms
2026-08-29 18:34:17.570 [http-nio-8080-exec-4] DEBUG c.a.a.m.C.selectList - ==>  Preparing: SELECT id,title,user_id,course_id,created_at,updated_at FROM conversation ORDER BY updated_at DESC
2026-08-29 18:34:17.579 [http-nio-8080-exec-4] DEBUG c.a.a.m.C.selectList - ==> Parameters: 
2026-08-29 18:34:17.598 [http-nio-8080-exec-4] DEBUG c.a.a.m.C.selectList - <==      Total: 12
2026-08-29 18:34:21.861 [http-nio-8080-exec-7] DEBUG c.a.a.m.AppUserMapper.selectList - ==>  Preparing: SELECT id,username,password,nickname,avatar,role,created_at,updated_at FROM app_user WHERE (username = ?)
2026-08-29 18:34:21.862 [http-nio-8080-exec-7] DEBUG c.a.a.m.AppUserMapper.selectList - ==> Parameters: mipa(String)
2026-08-29 18:34:21.867 [http-nio-8080-exec-7] DEBUG c.a.a.m.AppUserMapper.selectList - <==      Total: 1
2026-08-29 18:34:22.054 [http-nio-8080-exec-10] DEBUG c.a.a.m.C.selectList - ==>  Preparing: SELECT id,title,user_id,course_id,created_at,updated_at FROM conversation WHERE (user_id = ?) ORDER BY updated_at DESC
2026-08-29 18:34:22.055 [http-nio-8080-exec-10] DEBUG c.a.a.m.C.selectList - ==> Parameters: 1(String)
2026-08-29 18:34:22.057 [http-nio-8080-exec-10] DEBUG c.a.a.m.C.selectList - <==      Total: 0
2026-08-29 18:34:29.193 [http-nio-8080-exec-1] DEBUG c.a.a.m.ConversationMapper.insert - ==>  Preparing: INSERT INTO conversation ( title, user_id ) VALUES ( ?, ? )
2026-08-29 18:34:29.194 [http-nio-8080-exec-1] DEBUG c.a.a.m.ConversationMapper.insert - ==> Parameters: 你好(String), 1(String)
2026-08-29 18:34:29.198 [http-nio-8080-exec-1] DEBUG c.a.a.m.ConversationMapper.insert - <==    Updates: 1
2026-08-29 18:34:29.200 [http-nio-8080-exec-1] DEBUG c.a.a.mapper.MessageMapper.insert - ==>  Preparing: INSERT INTO message ( conversation_id, role, content ) VALUES ( ?, ?, ? )
2026-08-29 18:34:29.202 [http-nio-8080-exec-1] DEBUG c.a.a.mapper.MessageMapper.insert - ==> Parameters: 18(Integer), user(String), 你好(String)
2026-08-29 18:34:29.204 [http-nio-8080-exec-1] DEBUG c.a.a.mapper.MessageMapper.insert - <==    Updates: 1
2026-08-29 18:34:29.206 [http-nio-8080-exec-1] DEBUG c.a.a.m.MessageMapper.selectList - ==>  Preparing: SELECT id,conversation_id,role,content,intent,created_at FROM message WHERE (conversation_id = ?) ORDER BY created_at ASC LIMIT 10
2026-08-29 18:34:29.206 [http-nio-8080-exec-1] DEBUG c.a.a.m.MessageMapper.selectList - ==> Parameters: 18(Integer)
2026-08-29 18:34:29.208 [http-nio-8080-exec-1] DEBUG c.a.a.m.MessageMapper.selectList - <==      Total: 1
2026-08-29 18:34:30.349 [http-nio-8080-exec-1] DEBUG c.a.a.s.impl.ReviewAssistantAgent - ========== Agent 流式意图识别 ==========
2026-08-29 18:34:30.350 [http-nio-8080-exec-1] DEBUG c.a.a.s.impl.ReviewAssistantAgent - 用户消息: 你好
2026-08-29 18:34:30.350 [http-nio-8080-exec-1] DEBUG c.a.a.s.impl.ReviewAssistantAgent - 识别意图: CHAT
2026-08-29 18:34:30.350 [http-nio-8080-exec-1] DEBUG c.a.a.s.impl.ReviewAssistantAgent - 提取参数: {}
2026-08-29 18:34:30.350 [http-nio-8080-exec-1] DEBUG c.a.a.s.impl.ReviewAssistantAgent - [Agent] 流式调用工具: CHAT
2026-08-29 18:34:30.350 [http-nio-8080-exec-1] DEBUG c.a.a.s.impl.ReviewAssistantAgent - ================================
2026-08-29 18:34:31.289 [boundedElastic-1] DEBUG c.a.a.mapper.MessageMapper.insert - ==>  Preparing: INSERT INTO message ( conversation_id, role, content, intent ) VALUES ( ?, ?, ?, ? )
2026-08-29 18:34:31.290 [boundedElastic-1] DEBUG c.a.a.mapper.MessageMapper.insert - ==> Parameters: 18(Integer), assistant(String), 你好！请告诉我你想复习的具体科目或知识点，我会为你提供清晰、高效的复习支持。(String), CHAT(String)
2026-08-29 18:34:31.293 [boundedElastic-1] DEBUG c.a.a.mapper.MessageMapper.insert - <==    Updates: 1
2026-08-29 18:34:31.294 [boundedElastic-1] DEBUG c.a.a.m.C.selectById - ==>  Preparing: SELECT id,title,user_id,course_id,created_at,updated_at FROM conversation WHERE id=?
2026-08-29 18:34:31.294 [boundedElastic-1] DEBUG c.a.a.m.C.selectById - ==> Parameters: 18(Integer)
2026-08-29 18:34:31.296 [boundedElastic-1] DEBUG c.a.a.m.C.selectById - <==      Total: 1
2026-08-29 18:34:31.296 [boundedElastic-1] DEBUG c.a.a.m.ReviewRecordsMapper.insert - ==>  Preparing: INSERT INTO review_records ( conversation_id, user_id, question, answer, created_at ) VALUES ( ?, ?, ?, ?, ? )
2026-08-29 18:34:31.297 [boundedElastic-1] DEBUG c.a.a.m.ReviewRecordsMapper.insert - ==> Parameters: 18(Integer), 1(String), 你好(String), 你好！请告诉我你想复习的具体科目或知识点，我会为你提供清晰、高效的复习支持。(String), 2026-08-29T18:34:31.296393(LocalDateTime)
2026-08-29 18:34:31.361 [boundedElastic-1] WARN  c.a.a.s.impl.ReviewAssistantAgent - [Agent] 保存复习记录失败: 
### Error updating database.  Cause: org.postgresql.util.PSQLException: ERROR: null value in column "course_id" of relation "review_records" violates not-null constraint
  Detail: Failing row contains (12, null, 1, 你好, 你好！请告诉我你想复习的具体科目或知识点，..., 2026-08-29 18:34:31.296393, 18).
### The error may exist in com/aiservice/aireviewassistant/mapper/ReviewRecordsMapper.java (best guess)
### The error may involve com.aiservice.aireviewassistant.mapper.ReviewRecordsMapper.insert-Inline
### The error occurred while setting parameters
### SQL: INSERT INTO review_records  ( conversation_id,  user_id, question, answer, created_at )  VALUES (  ?,  ?, ?, ?, ?  )
### Cause: org.postgresql.util.PSQLException: ERROR: null value in column "course_id" of relation "review_records" violates not-null constraint
  Detail: Failing row contains (12, null, 1, 你好, 你好！请告诉我你想复习的具体科目或知识点，..., 2026-08-29 18:34:31.296393, 18).
; ERROR: null value in column "course_id" of relation "review_records" violates not-null constraint
  Detail: Failing row contains (12, null, 1, 你好, 你好！请告诉我你想复习的具体科目或知识点，..., 2026-08-29 18:34:31.296393, 18).
2026-08-29 18:34:31.363 [boundedElastic-1] DEBUG c.a.a.mapper.AgentLogMapper.insert - ==>  Preparing: INSERT INTO agent_log ( conversation_id, user_message, intent, parameters, latency_ms, success, created_at ) VALUES ( ?, ?, ?, ?, ?, ?, ? )
2026-08-29 18:34:31.363 [boundedElastic-1] DEBUG c.a.a.mapper.AgentLogMapper.insert - ==> Parameters: 18(Integer), 你好(String), CHAT(String), {}(String), 2174(Long), true(Boolean), 2026-08-29T18:34:31.362450(LocalDateTime)
2026-08-29 18:34:31.367 [boundedElastic-1] DEBUG c.a.a.mapper.AgentLogMapper.insert - <==    Updates: 1
2026-08-29 18:34:31.382 [http-nio-8080-exec-3] DEBUG c.a.a.m.C.selectList - ==>  Preparing: SELECT id,title,user_id,course_id,created_at,updated_at FROM conversation WHERE (user_id = ?) ORDER BY updated_at DESC
2026-08-29 18:34:31.383 [http-nio-8080-exec-3] DEBUG c.a.a.m.C.selectList - ==> Parameters: 1(String)
2026-08-29 18:34:31.384 [http-nio-8080-exec-3] DEBUG c.a.a.m.C.selectList - <==      Total: 1
2026-08-29 18:34:44.877 [http-nio-8080-exec-4] DEBUG c.a.a.m.ConversationMapper.insert - ==>  Preparing: INSERT INTO conversation ( title, user_id ) VALUES ( ?, ? )
2026-08-29 18:34:44.878 [http-nio-8080-exec-4] DEBUG c.a.a.m.ConversationMapper.insert - ==> Parameters: 复习离散数学(String), 1(String)
2026-08-29 18:34:44.879 [http-nio-8080-exec-4] DEBUG c.a.a.m.ConversationMapper.insert - <==    Updates: 1
2026-08-29 18:34:44.880 [http-nio-8080-exec-4] DEBUG c.a.a.mapper.MessageMapper.insert - ==>  Preparing: INSERT INTO message ( conversation_id, role, content ) VALUES ( ?, ?, ? )
2026-08-29 18:34:44.880 [http-nio-8080-exec-4] DEBUG c.a.a.mapper.MessageMapper.insert - ==> Parameters: 19(Integer), user(String), 复习离散数学(String)
2026-08-29 18:34:44.881 [http-nio-8080-exec-4] DEBUG c.a.a.mapper.MessageMapper.insert - <==    Updates: 1
2026-08-29 18:34:44.882 [http-nio-8080-exec-4] DEBUG c.a.a.m.MessageMapper.selectList - ==>  Preparing: SELECT id,conversation_id,role,content,intent,created_at FROM message WHERE (conversation_id = ?) ORDER BY created_at ASC LIMIT 10
2026-08-29 18:34:44.882 [http-nio-8080-exec-4] DEBUG c.a.a.m.MessageMapper.selectList - ==> Parameters: 19(Integer)
2026-08-29 18:34:44.884 [http-nio-8080-exec-4] DEBUG c.a.a.m.MessageMapper.selectList - <==      Total: 1
2026-08-29 18:34:45.944 [http-nio-8080-exec-4] DEBUG c.a.a.s.impl.ReviewAssistantAgent - ========== Agent 流式意图识别 ==========
2026-08-29 18:34:45.945 [http-nio-8080-exec-4] DEBUG c.a.a.s.impl.ReviewAssistantAgent - 用户消息: 复习离散数学
2026-08-29 18:34:45.945 [http-nio-8080-exec-4] DEBUG c.a.a.s.impl.ReviewAssistantAgent - 识别意图: PLAN
2026-08-29 18:34:45.945 [http-nio-8080-exec-4] DEBUG c.a.a.s.impl.ReviewAssistantAgent - 提取参数: {courseName=离散数学}
2026-08-29 18:34:45.945 [http-nio-8080-exec-4] DEBUG c.a.a.s.impl.ReviewAssistantAgent - [Agent] 流式调用工具: PLAN
2026-08-29 18:34:45.945 [http-nio-8080-exec-4] DEBUG c.a.a.s.impl.ReviewAssistantAgent - ================================
2026-08-29 18:35:45.957 [http-nio-8080-exec-4] WARN  o.s.a.r.a.SpringAiRetryAutoConfiguration - Retry error. Retry count: 1, Exception: Error while extracting response for type [com.alibaba.cloud.ai.dashscope.api.DashScopeApi$ChatCompletion] and content type [application/octet-stream]
org.springframework.web.client.RestClientException: Error while extracting response for type [com.alibaba.cloud.ai.dashscope.api.DashScopeApi$ChatCompletion] and content type [application/octet-stream]
	at org.springframework.web.client.DefaultRestClient.readWithMessageConverters(DefaultRestClient.java:237)
	at org.springframework.web.client.DefaultRestClient$DefaultResponseSpec.readBody(DefaultRestClient.java:694)
	at org.springframework.web.client.DefaultRestClient$DefaultResponseSpec.toEntityInternal(DefaultRestClient.java:664)
	at org.springframework.web.client.DefaultRestClient$DefaultResponseSpec.toEntity(DefaultRestClient.java:653)
	at com.alibaba.cloud.ai.dashscope.api.DashScopeApi.chatCompletionEntity(DashScopeApi.java:1382)
	at com.alibaba.cloud.ai.dashscope.chat.DashScopeChatModel.lambda$internalCall$1(DashScopeChatModel.java:183)
	at org.springframework.retry.support.RetryTemplate.doExecute(RetryTemplate.java:344)
	at org.springframework.retry.support.RetryTemplate.execute(RetryTemplate.java:217)
	at com.alibaba.cloud.ai.dashscope.chat.DashScopeChatModel.lambda$internalCall$2(DashScopeChatModel.java:183)
	at io.micrometer.observation.Observation.observe(Observation.java:565)
	at com.alibaba.cloud.ai.dashscope.chat.DashScopeChatModel.internalCall(DashScopeChatModel.java:180)
	at com.alibaba.cloud.ai.dashscope.chat.DashScopeChatModel.call(DashScopeChatModel.java:161)
	at org.springframework.ai.chat.client.advisor.ChatModelCallAdvisor.adviseCall(ChatModelCallAdvisor.java:54)
	at org.springframework.ai.chat.client.advisor.DefaultAroundAdvisorChain.lambda$nextCall$1(DefaultAroundAdvisorChain.java:110)
	at io.micrometer.observation.Observation.observe(Observation.java:565)
	at org.springframework.ai.chat.client.advisor.DefaultAroundAdvisorChain.nextCall(DefaultAroundAdvisorChain.java:110)
	at org.springframework.ai.chat.client.DefaultChatClient$DefaultCallResponseSpec.lambda$doGetObservableChatClientResponse$1(DefaultChatClient.java:469)
	at io.micrometer.observation.Observation.observe(Observation.java:565)
	at org.springframework.ai.chat.client.DefaultChatClient$DefaultCallResponseSpec.doGetObservableChatClientResponse(DefaultChatClient.java:467)
	at org.springframework.ai.chat.client.DefaultChatClient$DefaultCallResponseSpec.doGetObservableChatClientResponse(DefaultChatClient.java:446)
	at org.springframework.ai.chat.client.DefaultChatClient$DefaultCallResponseSpec.content(DefaultChatClient.java:441)
	at com.aiservice.aireviewassistant.service.impl.PlanServiceImpl.createPlan(PlanServiceImpl.java:33)
	at com.aiservice.aireviewassistant.service.impl.PlanServiceImpl.createPlanStream(PlanServiceImpl.java:39)
	at java.base/jdk.internal.reflect.DirectMethodHandleAccessor.invoke(DirectMethodHandleAccessor.java:103)
	at java.base/java.lang.reflect.Method.invoke(Method.java:580)
	at org.springframework.aop.support.AopUtils.invokeJoinpointUsingReflection(AopUtils.java:355)
	at org.springframework.aop.framework.CglibAopProxy$DynamicAdvisedInterceptor.intercept(CglibAopProxy.java:716)
	at com.aiservice.aireviewassistant.service.impl.PlanServiceImpl$$SpringCGLIB$$0.createPlanStream(<generated>)
	at com.aiservice.aireviewassistant.agent.tool.PlanTool.stream(PlanTool.java:46)
	at com.aiservice.aireviewassistant.service.impl.ReviewAssistantAgent.chatStream(ReviewAssistantAgent.java:232)
	at com.aiservice.aireviewassistant.controller.AgentController.stream(AgentController.java:43)
	at java.base/jdk.internal.reflect.DirectMethodHandleAccessor.invoke(DirectMethodHandleAccessor.java:103)
	at java.base/java.lang.reflect.Method.invoke(Method.java:580)
	at org.springframework.aop.support.AopUtils.invokeJoinpointUsingReflection(AopUtils.java:355)
	at org.springframework.aop.framework.ReflectiveMethodInvocation.invokeJoinpoint(ReflectiveMethodInvocation.java:196)
	at org.springframework.aop.framework.ReflectiveMethodInvocation.proceed(ReflectiveMethodInvocation.java:163)
	at org.springframework.aop.framework.CglibAopProxy$CglibMethodInvocation.proceed(CglibAopProxy.java:768)
	at org.springframework.validation.beanvalidation.MethodValidationInterceptor.invoke(MethodValidationInterceptor.java:174)
	at org.springframework.aop.framework.ReflectiveMethodInvocation.proceed(ReflectiveMethodInvocation.java:184)
	at org.springframework.aop.framework.CglibAopProxy$CglibMethodInvocation.proceed(CglibAopProxy.java:768)
	at org.springframework.aop.aspectj.MethodInvocationProceedingJoinPoint.proceed(MethodInvocationProceedingJoinPoint.java:89)
	at com.aiservice.aireviewassistant.aspect.RateLimitAspect.around(RateLimitAspect.java:30)
	at java.base/jdk.internal.reflect.DirectMethodHandleAccessor.invoke(DirectMethodHandleAccessor.java:103)
	at java.base/java.lang.reflect.Method.invoke(Method.java:580)
	at org.springframework.aop.aspectj.AbstractAspectJAdvice.invokeAdviceMethodWithGivenArgs(AbstractAspectJAdvice.java:637)
	at org.springframework.aop.aspectj.AbstractAspectJAdvice.invokeAdviceMethod(AbstractAspectJAdvice.java:627)
	at org.springframework.aop.aspectj.AspectJAroundAdvice.invoke(AspectJAroundAdvice.java:71)
	at org.springframework.aop.framework.ReflectiveMethodInvocation.proceed(ReflectiveMethodInvocation.java:173)
	at org.springframework.aop.framework.CglibAopProxy$CglibMethodInvocation.proceed(CglibAopProxy.java:768)
	at org.springframework.aop.interceptor.ExposeInvocationInterceptor.invoke(ExposeInvocationInterceptor.java:97)
	at org.springframework.aop.framework.ReflectiveMethodInvocation.proceed(ReflectiveMethodInvocation.java:184)
	at org.springframework.aop.framework.CglibAopProxy$CglibMethodInvocation.proceed(CglibAopProxy.java:768)
	at org.springframework.aop.framework.CglibAopProxy$DynamicAdvisedInterceptor.intercept(CglibAopProxy.java:720)
	at com.aiservice.aireviewassistant.controller.AgentController$$SpringCGLIB$$0.stream(<generated>)
	at java.base/jdk.internal.reflect.DirectMethodHandleAccessor.invoke(DirectMethodHandleAccessor.java:103)
	at java.base/java.lang.reflect.Method.invoke(Method.java:580)
	at org.springframework.web.method.support.InvocableHandlerMethod.doInvoke(InvocableHandlerMethod.java:255)
	at org.springframework.web.method.support.InvocableHandlerMethod.invokeForRequest(InvocableHandlerMethod.java:188)
	at org.springframework.web.servlet.mvc.method.annotation.ServletInvocableHandlerMethod.invokeAndHandle(ServletInvocableHandlerMethod.java:118)
	at org.springframework.web.servlet.mvc.method.annotation.RequestMappingHandlerAdapter.invokeHandlerMethod(RequestMappingHandlerAdapter.java:926)
	at org.springframework.web.servlet.mvc.method.annotation.RequestMappingHandlerAdapter.handleInternal(RequestMappingHandlerAdapter.java:831)
	at org.springframework.web.servlet.mvc.method.AbstractHandlerMethodAdapter.handle(AbstractHandlerMethodAdapter.java:87)
	at org.springframework.web.servlet.DispatcherServlet.doDispatch(DispatcherServlet.java:1089)
	at org.springframework.web.servlet.DispatcherServlet.doService(DispatcherServlet.java:979)
	at org.springframework.web.servlet.FrameworkServlet.processRequest(FrameworkServlet.java:1014)
	at org.springframework.web.servlet.FrameworkServlet.doGet(FrameworkServlet.java:903)
	at jakarta.servlet.http.HttpServlet.service(HttpServlet.java:564)
	at org.springframework.web.servlet.FrameworkServlet.service(FrameworkServlet.java:885)
	at jakarta.servlet.http.HttpServlet.service(HttpServlet.java:658)
	at org.apache.catalina.core.ApplicationFilterChain.internalDoFilter(ApplicationFilterChain.java:195)
	at org.apache.catalina.core.ApplicationFilterChain.doFilter(ApplicationFilterChain.java:140)
	at org.apache.tomcat.websocket.server.WsFilter.doFilter(WsFilter.java:51)
	at org.apache.catalina.core.ApplicationFilterChain.internalDoFilter(ApplicationFilterChain.java:164)
	at org.apache.catalina.core.ApplicationFilterChain.doFilter(ApplicationFilterChain.java:140)
	at org.springframework.web.filter.CompositeFilter$VirtualFilterChain.doFilter(CompositeFilter.java:108)
	at org.springframework.security.web.FilterChainProxy.lambda$doFilterInternal$3(FilterChainProxy.java:231)
	at org.springframework.security.web.ObservationFilterChainDecorator$FilterObservation$SimpleFilterObservation.lambda$wrap$1(ObservationFilterChainDecorator.java:479)
	at org.springframework.security.web.ObservationFilterChainDecorator$AroundFilterObservation$SimpleAroundFilterObservation.lambda$wrap$1(ObservationFilterChainDecorator.java:340)
	at org.springframework.security.web.ObservationFilterChainDecorator.lambda$wrapSecured$0(ObservationFilterChainDecorator.java:82)
	at org.springframework.security.web.ObservationFilterChainDecorator$VirtualFilterChain.doFilter(ObservationFilterChainDecorator.java:128)
	at org.springframework.security.web.access.intercept.AuthorizationFilter.doFilter(AuthorizationFilter.java:100)
	at org.springframework.security.web.ObservationFilterChainDecorator$ObservationFilter.wrapFilter(ObservationFilterChainDecorator.java:240)
	at org.springframework.security.web.ObservationFilterChainDecorator$ObservationFilter.doFilter(ObservationFilterChainDecorator.java:227)
	at org.springframework.security.web.ObservationFilterChainDecorator$VirtualFilterChain.doFilter(ObservationFilterChainDecorator.java:137)
	at org.springframework.security.web.access.ExceptionTranslationFilter.doFilter(ExceptionTranslationFilter.java:126)
	at org.springframework.security.web.access.ExceptionTranslationFilter.doFilter(ExceptionTranslationFilter.java:120)
	at org.springframework.security.web.ObservationFilterChainDecorator$ObservationFilter.wrapFilter(ObservationFilterChainDecorator.java:240)
	at org.springframework.security.web.ObservationFilterChainDecorator$ObservationFilter.doFilter(ObservationFilterChainDecorator.java:227)
	at org.springframework.security.web.ObservationFilterChainDecorator$VirtualFilterChain.doFilter(ObservationFilterChainDecorator.java:137)
	at org.springframework.security.web.session.SessionManagementFilter.doFilter(SessionManagementFilter.java:131)
	at org.springframework.security.web.session.SessionManagementFilter.doFilter(SessionManagementFilter.java:85)
	at org.springframework.security.web.ObservationFilterChainDecorator$ObservationFilter.wrapFilter(ObservationFilterChainDecorator.java:240)
	at org.springframework.security.web.ObservationFilterChainDecorator$ObservationFilter.doFilter(ObservationFilterChainDecorator.java:227)
	at org.springframework.security.web.ObservationFilterChainDecorator$VirtualFilterChain.doFilter(ObservationFilterChainDecorator.java:137)
	at org.springframework.security.web.authentication.AnonymousAuthenticationFilter.doFilter(AnonymousAuthenticationFilter.java:100)
	at org.springframework.security.web.ObservationFilterChainDecorator$ObservationFilter.wrapFilter(ObservationFilterChainDecorator.java:240)
	at org.springframework.security.web.ObservationFilterChainDecorator$ObservationFilter.doFilter(ObservationFilterChainDecorator.java:227)
	at org.springframework.security.web.ObservationFilterChainDecorator$VirtualFilterChain.doFilter(ObservationFilterChainDecorator.java:137)
	at org.springframework.security.web.servletapi.SecurityContextHolderAwareRequestFilter.doFilter(SecurityContextHolderAwareRequestFilter.java:179)
	at org.springframework.security.web.ObservationFilterChainDecorator$ObservationFilter.wrapFilter(ObservationFilterChainDecorator.java:240)
	at org.springframework.security.web.ObservationFilterChainDecorator$ObservationFilter.doFilter(ObservationFilterChainDecorator.java:227)
	at org.springframework.security.web.ObservationFilterChainDecorator$VirtualFilterChain.doFilter(ObservationFilterChainDecorator.java:137)
	at org.springframework.security.web.savedrequest.RequestCacheAwareFilter.doFilter(RequestCacheAwareFilter.java:63)
	at org.springframework.security.web.ObservationFilterChainDecorator$ObservationFilter.wrapFilter(ObservationFilterChainDecorator.java:240)
	at org.springframework.security.web.ObservationFilterChainDecorator$ObservationFilter.doFilter(ObservationFilterChainDecorator.java:227)
	at org.springframework.security.web.ObservationFilterChainDecorator$VirtualFilterChain.doFilter(ObservationFilterChainDecorator.java:137)
	at com.aiservice.aireviewassistant.security.JwtAuthenticationFilter.doFilterInternal(JwtAuthenticationFilter.java:54)
	at org.springframework.web.filter.OncePerRequestFilter.doFilter(OncePerRequestFilter.java:116)
	at org.springframework.security.web.ObservationFilterChainDecorator$ObservationFilter.wrapFilter(ObservationFilterChainDecorator.java:240)
	at org.springframework.security.web.ObservationFilterChainDecorator$ObservationFilter.doFilter(ObservationFilterChainDecorator.java:227)
	at org.springframework.security.web.ObservationFilterChainDecorator$VirtualFilterChain.doFilter(ObservationFilterChainDecorator.java:137)
	at org.springframework.security.web.authentication.logout.LogoutFilter.doFilter(LogoutFilter.java:107)
	at org.springframework.security.web.authentication.logout.LogoutFilter.doFilter(LogoutFilter.java:93)
	at org.springframework.security.web.ObservationFilterChainDecorator$ObservationFilter.wrapFilter(ObservationFilterChainDecorator.java:240)
	at org.springframework.security.web.ObservationFilterChainDecorator$ObservationFilter.doFilter(ObservationFilterChainDecorator.java:227)
	at org.springframework.security.web.ObservationFilterChainDecorator$VirtualFilterChain.doFilter(ObservationFilterChainDecorator.java:137)
	at org.springframework.security.web.header.HeaderWriterFilter.doHeadersAfter(HeaderWriterFilter.java:90)
	at org.springframework.security.web.header.HeaderWriterFilter.doFilterInternal(HeaderWriterFilter.java:75)
	at org.springframework.web.filter.OncePerRequestFilter.doFilter(OncePerRequestFilter.java:116)
	at org.springframework.security.web.ObservationFilterChainDecorator$ObservationFilter.wrapFilter(ObservationFilterChainDecorator.java:240)
	at org.springframework.security.web.ObservationFilterChainDecorator$ObservationFilter.doFilter(ObservationFilterChainDecorator.java:227)
	at org.springframework.security.web.ObservationFilterChainDecorator$VirtualFilterChain.doFilter(ObservationFilterChainDecorator.java:137)
	at org.springframework.security.web.context.SecurityContextHolderFilter.doFilter(SecurityContextHolderFilter.java:82)
	at org.springframework.security.web.context.SecurityContextHolderFilter.doFilter(SecurityContextHolderFilter.java:69)
	at org.springframework.security.web.ObservationFilterChainDecorator$ObservationFilter.wrapFilter(ObservationFilterChainDecorator.java:240)
	at org.springframework.security.web.ObservationFilterChainDecorator$ObservationFilter.doFilter(ObservationFilterChainDecorator.java:227)
	at org.springframework.security.web.ObservationFilterChainDecorator$VirtualFilterChain.doFilter(ObservationFilterChainDecorator.java:137)
	at org.springframework.security.web.context.request.async.WebAsyncManagerIntegrationFilter.doFilterInternal(WebAsyncManagerIntegrationFilter.java:62)
	at org.springframework.web.filter.OncePerRequestFilter.doFilter(OncePerRequestFilter.java:116)
	at org.springframework.security.web.ObservationFilterChainDecorator$ObservationFilter.wrapFilter(ObservationFilterChainDecorator.java:240)
	at org.springframework.security.web.ObservationFilterChainDecorator$ObservationFilter.doFilter(ObservationFilterChainDecorator.java:227)
	at org.springframework.security.web.ObservationFilterChainDecorator$VirtualFilterChain.doFilter(ObservationFilterChainDecorator.java:137)
	at org.springframework.security.web.session.DisableEncodeUrlFilter.doFilterInternal(DisableEncodeUrlFilter.java:42)
	at org.springframework.web.filter.OncePerRequestFilter.doFilter(OncePerRequestFilter.java:116)
	at org.springframework.security.web.ObservationFilterChainDecorator$ObservationFilter.wrapFilter(ObservationFilterChainDecorator.java:240)
	at org.springframework.security.web.ObservationFilterChainDecorator$AroundFilterObservation$SimpleAroundFilterObservation.lambda$wrap$0(ObservationFilterChainDecorator.java:323)
	at org.springframework.security.web.ObservationFilterChainDecorator$ObservationFilter.doFilter(ObservationFilterChainDecorator.java:224)
	at org.springframework.security.web.ObservationFilterChainDecorator$VirtualFilterChain.doFilter(ObservationFilterChainDecorator.java:137)
	at org.springframework.security.web.FilterChainProxy.doFilterInternal(FilterChainProxy.java:233)
	at org.springframework.security.web.FilterChainProxy.doFilter(FilterChainProxy.java:191)
	at org.springframework.web.filter.CompositeFilter$VirtualFilterChain.doFilter(CompositeFilter.java:113)
	at org.springframework.web.servlet.handler.HandlerMappingIntrospector.lambda$createCacheFilter$3(HandlerMappingIntrospector.java:195)
	at org.springframework.web.filter.CompositeFilter$VirtualFilterChain.doFilter(CompositeFilter.java:113)
	at org.springframework.web.filter.CompositeFilter.doFilter(CompositeFilter.java:74)
	at org.springframework.security.config.annotation.web.configuration.WebMvcSecurityConfiguration$CompositeFilterChainProxy.doFilter(WebMvcSecurityConfiguration.java:230)
	at org.springframework.web.filter.DelegatingFilterProxy.invokeDelegate(DelegatingFilterProxy.java:352)
	at org.springframework.web.filter.DelegatingFilterProxy.doFilter(DelegatingFilterProxy.java:268)
	at org.apache.catalina.core.ApplicationFilterChain.internalDoFilter(ApplicationFilterChain.java:164)
	at org.apache.catalina.core.ApplicationFilterChain.doFilter(ApplicationFilterChain.java:140)
	at org.springframework.web.filter.RequestContextFilter.doFilterInternal(RequestContextFilter.java:100)
	at org.springframework.web.filter.OncePerRequestFilter.doFilter(OncePerRequestFilter.java:116)
	at org.apache.catalina.core.ApplicationFilterChain.internalDoFilter(ApplicationFilterChain.java:164)
	at org.apache.catalina.core.ApplicationFilterChain.doFilter(ApplicationFilterChain.java:140)
	at org.springframework.web.filter.FormContentFilter.doFilterInternal(FormContentFilter.java:93)
	at org.springframework.web.filter.OncePerRequestFilter.doFilter(OncePerRequestFilter.java:116)
	at org.apache.catalina.core.ApplicationFilterChain.internalDoFilter(ApplicationFilterChain.java:164)
	at org.apache.catalina.core.ApplicationFilterChain.doFilter(ApplicationFilterChain.java:140)
	at org.springframework.web.filter.ServerHttpObservationFilter.doFilterInternal(ServerHttpObservationFilter.java:113)
	at org.springframework.web.filter.OncePerRequestFilter.doFilter(OncePerRequestFilter.java:116)
	at org.apache.catalina.core.ApplicationFilterChain.internalDoFilter(ApplicationFilterChain.java:164)
	at org.apache.catalina.core.ApplicationFilterChain.doFilter(ApplicationFilterChain.java:140)
	at org.springframework.web.filter.CharacterEncodingFilter.doFilterInternal(CharacterEncodingFilter.java:201)
	at org.springframework.web.filter.OncePerRequestFilter.doFilter(OncePerRequestFilter.java:116)
	at org.apache.catalina.core.ApplicationFilterChain.internalDoFilter(ApplicationFilterChain.java:164)
	at org.apache.catalina.core.ApplicationFilterChain.doFilter(ApplicationFilterChain.java:140)
	at org.apache.catalina.core.StandardWrapperValve.invoke(StandardWrapperValve.java:167)
	at org.apache.catalina.core.StandardContextValve.invoke(StandardContextValve.java:90)
	at org.apache.catalina.authenticator.AuthenticatorBase.invoke(AuthenticatorBase.java:483)
	at org.apache.catalina.core.StandardHostValve.invoke(StandardHostValve.java:115)
	at org.apache.catalina.valves.ErrorReportValve.invoke(ErrorReportValve.java:93)
	at org.apache.catalina.core.StandardEngineValve.invoke(StandardEngineValve.java:74)
	at org.apache.catalina.connector.CoyoteAdapter.service(CoyoteAdapter.java:344)
	at org.apache.coyote.http11.Http11Processor.service(Http11Processor.java:384)
	at org.apache.coyote.AbstractProcessorLight.process(AbstractProcessorLight.java:63)
	at org.apache.coyote.AbstractProtocol$ConnectionHandler.process(AbstractProtocol.java:905)
	at org.apache.tomcat.util.net.NioEndpoint$SocketProcessor.doRun(NioEndpoint.java:1741)
	at org.apache.tomcat.util.net.SocketProcessorBase.run(SocketProcessorBase.java:52)
	at org.apache.tomcat.util.threads.ThreadPoolExecutor.runWorker(ThreadPoolExecutor.java:1190)
	at org.apache.tomcat.util.threads.ThreadPoolExecutor$Worker.run(ThreadPoolExecutor.java:659)
	at org.apache.tomcat.util.threads.TaskThread$WrappingRunnable.run(TaskThread.java:63)
	at java.base/java.lang.Thread.run(Thread.java:1570)
Caused by: java.net.SocketTimeoutException: Read timed out
	at java.base/jdk.internal.reflect.DirectConstructorHandleAccessor.newInstance(DirectConstructorHandleAccessor.java:62)
	at java.base/java.lang.reflect.Constructor.newInstanceWithCaller(Constructor.java:502)
	at java.base/java.lang.reflect.Constructor.newInstance(Constructor.java:486)
	at java.base/sun.net.www.protocol.http.HttpURLConnection$10.run(HttpURLConnection.java:2071)
	at java.base/sun.net.www.protocol.http.HttpURLConnection$10.run(HttpURLConnection.java:2066)
	at java.base/java.security.AccessController.doPrivileged(AccessController.java:571)
	at java.base/sun.net.www.protocol.http.HttpURLConnection.getChainedException(HttpURLConnection.java:2065)
	at java.base/sun.net.www.protocol.http.HttpURLConnection.getInputStream0(HttpURLConnection.java:1635)
	at java.base/sun.net.www.protocol.http.HttpURLConnection.getInputStream(HttpURLConnection.java:1615)
	at java.base/java.net.HttpURLConnection.getResponseCode(HttpURLConnection.java:531)
	at java.base/sun.net.www.protocol.https.HttpsURLConnectionImpl.getResponseCode(HttpsURLConnectionImpl.java:307)
	at org.springframework.http.client.SimpleClientHttpResponse.getStatusCode(SimpleClientHttpResponse.java:55)
	at org.springframework.ai.retry.autoconfigure.SpringAiRetryAutoConfiguration$2.hasError(SpringAiRetryAutoConfiguration.java:86)
	at org.springframework.web.client.StatusHandler.test(StatusHandler.java:142)
	at org.springframework.web.client.DefaultRestClient$DefaultResponseSpec.applyStatusHandlers(DefaultRestClient.java:706)
	at org.springframework.web.client.DefaultRestClient.readWithMessageConverters(DefaultRestClient.java:200)
	... 180 common frames omitted
Caused by: java.net.SocketTimeoutException: Read timed out
	at java.base/sun.nio.ch.NioSocketImpl.timedRead(NioSocketImpl.java:278)
	at java.base/sun.nio.ch.NioSocketImpl.implRead(NioSocketImpl.java:304)
	at java.base/sun.nio.ch.NioSocketImpl.read(NioSocketImpl.java:346)
	at java.base/sun.nio.ch.NioSocketImpl$1.read(NioSocketImpl.java:796)
	at java.base/java.net.Socket$SocketInputStream.implRead(Socket.java:1108)
	at java.base/java.net.Socket$SocketInputStream.read(Socket.java:1095)
	at java.base/sun.security.ssl.SSLSocketInputRecord.read(SSLSocketInputRecord.java:489)
	at java.base/sun.security.ssl.SSLSocketInputRecord.readHeader(SSLSocketInputRecord.java:483)
	at java.base/sun.security.ssl.SSLSocketInputRecord.bytesInCompletePacket(SSLSocketInputRecord.java:70)
	at java.base/sun.security.ssl.SSLSocketImpl.readApplicationRecord(SSLSocketImpl.java:1462)
	at java.base/sun.security.ssl.SSLSocketImpl$AppInputStream.read(SSLSocketImpl.java:1068)
	at java.base/java.io.BufferedInputStream.fill(BufferedInputStream.java:291)
	at java.base/java.io.BufferedInputStream.read1(BufferedInputStream.java:347)
	at java.base/java.io.BufferedInputStream.implRead(BufferedInputStream.java:420)
	at java.base/java.io.BufferedInputStream.read(BufferedInputStream.java:399)
	at java.base/sun.net.www.http.HttpClient.parseHTTPHeader(HttpClient.java:827)
	at java.base/sun.net.www.http.HttpClient.parseHTTP(HttpClient.java:759)
	at java.base/sun.net.www.protocol.http.HttpURLConnection.getInputStream0(HttpURLConnection.java:1706)
	at java.base/sun.net.www.protocol.http.HttpURLConnection.getInputStream(HttpURLConnection.java:1615)
	at java.base/sun.net.www.protocol.http.HttpURLConnection.getHeaderFieldKey(HttpURLConnection.java:3304)
	at java.base/sun.net.www.protocol.https.HttpsURLConnectionImpl.getHeaderFieldKey(HttpsURLConnectionImpl.java:276)
	at org.springframework.http.client.SimpleClientHttpResponse.getHeaders(SimpleClientHttpResponse.java:69)
	at org.springframework.web.client.DefaultRestClient$DefaultConvertibleClientHttpResponse.getHeaders(DefaultRestClient.java:764)
	at org.springframework.web.client.DefaultRestClient.getContentType(DefaultRestClient.java:255)
	at org.springframework.web.client.DefaultRestClient.readWithMessageConverters(DefaultRestClient.java:197)
	... 180 common frames omitted
2026-08-29 18:37:01.089 [http-nio-8080-exec-4] WARN  o.s.a.r.a.SpringAiRetryAutoConfiguration - Retry error. Retry count: 2, Exception: Error while extracting response for type [com.alibaba.cloud.ai.dashscope.api.DashScopeApi$ChatCompletion] and content type [application/octet-stream]
org.springframework.web.client.RestClientException: Error while extracting response for type [com.alibaba.cloud.ai.dashscope.api.DashScopeApi$ChatCompletion] and content type [application/octet-stream]
	at org.springframework.web.client.DefaultRestClient.readWithMessageConverters(DefaultRestClient.java:237)
	at org.springframework.web.client.DefaultRestClient$DefaultResponseSpec.readBody(DefaultRestClient.java:694)
	at org.springframework.web.client.DefaultRestClient$DefaultResponseSpec.toEntityInternal(DefaultRestClient.java:664)
	at org.springframework.web.client.DefaultRestClient$DefaultResponseSpec.toEntity(DefaultRestClient.java:653)
	at com.alibaba.cloud.ai.dashscope.api.DashScopeApi.chatCompletionEntity(DashScopeApi.java:1382)
	at com.alibaba.cloud.ai.dashscope.chat.DashScopeChatModel.lambda$internalCall$1(DashScopeChatModel.java:183)
	at org.springframework.retry.support.RetryTemplate.doExecute(RetryTemplate.java:344)
	at org.springframework.retry.support.RetryTemplate.execute(RetryTemplate.java:217)
	at com.alibaba.cloud.ai.dashscope.chat.DashScopeChatModel.lambda$internalCall$2(DashScopeChatModel.java:183)
	at io.micrometer.observation.Observation.observe(Observation.java:565)
	at com.alibaba.cloud.ai.dashscope.chat.DashScopeChatModel.internalCall(DashScopeChatModel.java:180)
	at com.alibaba.cloud.ai.dashscope.chat.DashScopeChatModel.call(DashScopeChatModel.java:161)
	at org.springframework.ai.chat.client.advisor.ChatModelCallAdvisor.adviseCall(ChatModelCallAdvisor.java:54)
	at org.springframework.ai.chat.client.advisor.DefaultAroundAdvisorChain.lambda$nextCall$1(DefaultAroundAdvisorChain.java:110)
	at io.micrometer.observation.Observation.observe(Observation.java:565)
	at org.springframework.ai.chat.client.advisor.DefaultAroundAdvisorChain.nextCall(DefaultAroundAdvisorChain.java:110)
	at org.springframework.ai.chat.client.DefaultChatClient$DefaultCallResponseSpec.lambda$doGetObservableChatClientResponse$1(DefaultChatClient.java:469)
	at io.micrometer.observation.Observation.observe(Observation.java:565)
	at org.springframework.ai.chat.client.DefaultChatClient$DefaultCallResponseSpec.doGetObservableChatClientResponse(DefaultChatClient.java:467)
	at org.springframework.ai.chat.client.DefaultChatClient$DefaultCallResponseSpec.doGetObservableChatClientResponse(DefaultChatClient.java:446)
	at org.springframework.ai.chat.client.DefaultChatClient$DefaultCallResponseSpec.content(DefaultChatClient.java:441)
	at com.aiservice.aireviewassistant.service.impl.PlanServiceImpl.createPlan(PlanServiceImpl.java:33)
	at com.aiservice.aireviewassistant.service.impl.PlanServiceImpl.createPlanStream(PlanServiceImpl.java:39)
	at java.base/jdk.internal.reflect.DirectMethodHandleAccessor.invoke(DirectMethodHandleAccessor.java:103)
	at java.base/java.lang.reflect.Method.invoke(Method.java:580)
	at org.springframework.aop.support.AopUtils.invokeJoinpointUsingReflection(AopUtils.java:355)
	at org.springframework.aop.framework.CglibAopProxy$DynamicAdvisedInterceptor.intercept(CglibAopProxy.java:716)
	at com.aiservice.aireviewassistant.service.impl.PlanServiceImpl$$SpringCGLIB$$0.createPlanStream(<generated>)
	at com.aiservice.aireviewassistant.agent.tool.PlanTool.stream(PlanTool.java:46)
	at com.aiservice.aireviewassistant.service.impl.ReviewAssistantAgent.chatStream(ReviewAssistantAgent.java:232)
	at com.aiservice.aireviewassistant.controller.AgentController.stream(AgentController.java:43)
	at java.base/jdk.internal.reflect.DirectMethodHandleAccessor.invoke(DirectMethodHandleAccessor.java:103)
	at java.base/java.lang.reflect.Method.invoke(Method.java:580)
	at org.springframework.aop.support.AopUtils.invokeJoinpointUsingReflection(AopUtils.java:355)
	at org.springframework.aop.framework.ReflectiveMethodInvocation.invokeJoinpoint(ReflectiveMethodInvocation.java:196)
	at org.springframework.aop.framework.ReflectiveMethodInvocation.proceed(ReflectiveMethodInvocation.java:163)
	at org.springframework.aop.framework.CglibAopProxy$CglibMethodInvocation.proceed(CglibAopProxy.java:768)
	at org.springframework.validation.beanvalidation.MethodValidationInterceptor.invoke(MethodValidationInterceptor.java:174)
	at org.springframework.aop.framework.ReflectiveMethodInvocation.proceed(ReflectiveMethodInvocation.java:184)
	at org.springframework.aop.framework.CglibAopProxy$CglibMethodInvocation.proceed(CglibAopProxy.java:768)
	at org.springframework.aop.aspectj.MethodInvocationProceedingJoinPoint.proceed(MethodInvocationProceedingJoinPoint.java:89)
	at com.aiservice.aireviewassistant.aspect.RateLimitAspect.around(RateLimitAspect.java:30)
	at java.base/jdk.internal.reflect.DirectMethodHandleAccessor.invoke(DirectMethodHandleAccessor.java:103)
	at java.base/java.lang.reflect.Method.invoke(Method.java:580)
	at org.springframework.aop.aspectj.AbstractAspectJAdvice.invokeAdviceMethodWithGivenArgs(AbstractAspectJAdvice.java:637)
	at org.springframework.aop.aspectj.AbstractAspectJAdvice.invokeAdviceMethod(AbstractAspectJAdvice.java:627)
	at org.springframework.aop.aspectj.AspectJAroundAdvice.invoke(AspectJAroundAdvice.java:71)
	at org.springframework.aop.framework.ReflectiveMethodInvocation.proceed(ReflectiveMethodInvocation.java:173)
	at org.springframework.aop.framework.CglibAopProxy$CglibMethodInvocation.proceed(CglibAopProxy.java:768)
	at org.springframework.aop.interceptor.ExposeInvocationInterceptor.invoke(ExposeInvocationInterceptor.java:97)
	at org.springframework.aop.framework.ReflectiveMethodInvocation.proceed(ReflectiveMethodInvocation.java:184)
	at org.springframework.aop.framework.CglibAopProxy$CglibMethodInvocation.proceed(CglibAopProxy.java:768)
	at org.springframework.aop.framework.CglibAopProxy$DynamicAdvisedInterceptor.intercept(CglibAopProxy.java:720)
	at com.aiservice.aireviewassistant.controller.AgentController$$SpringCGLIB$$0.stream(<generated>)
	at java.base/jdk.internal.reflect.DirectMethodHandleAccessor.invoke(DirectMethodHandleAccessor.java:103)
	at java.base/java.lang.reflect.Method.invoke(Method.java:580)
	at org.springframework.web.method.support.InvocableHandlerMethod.doInvoke(InvocableHandlerMethod.java:255)
	at org.springframework.web.method.support.InvocableHandlerMethod.invokeForRequest(InvocableHandlerMethod.java:188)
	at org.springframework.web.servlet.mvc.method.annotation.ServletInvocableHandlerMethod.invokeAndHandle(ServletInvocableHandlerMethod.java:118)
	at org.springframework.web.servlet.mvc.method.annotation.RequestMappingHandlerAdapter.invokeHandlerMethod(RequestMappingHandlerAdapter.java:926)
	at org.springframework.web.servlet.mvc.method.annotation.RequestMappingHandlerAdapter.handleInternal(RequestMappingHandlerAdapter.java:831)
	at org.springframework.web.servlet.mvc.method.AbstractHandlerMethodAdapter.handle(AbstractHandlerMethodAdapter.java:87)
	at org.springframework.web.servlet.DispatcherServlet.doDispatch(DispatcherServlet.java:1089)
	at org.springframework.web.servlet.DispatcherServlet.doService(DispatcherServlet.java:979)
	at org.springframework.web.servlet.FrameworkServlet.processRequest(FrameworkServlet.java:1014)
	at org.springframework.web.servlet.FrameworkServlet.doGet(FrameworkServlet.java:903)
	at jakarta.servlet.http.HttpServlet.service(HttpServlet.java:564)
	at org.springframework.web.servlet.FrameworkServlet.service(FrameworkServlet.java:885)
	at jakarta.servlet.http.HttpServlet.service(HttpServlet.java:658)
	at org.apache.catalina.core.ApplicationFilterChain.internalDoFilter(ApplicationFilterChain.java:195)
	at org.apache.catalina.core.ApplicationFilterChain.doFilter(ApplicationFilterChain.java:140)
	at org.apache.tomcat.websocket.server.WsFilter.doFilter(WsFilter.java:51)
	at org.apache.catalina.core.ApplicationFilterChain.internalDoFilter(ApplicationFilterChain.java:164)
	at org.apache.catalina.core.ApplicationFilterChain.doFilter(ApplicationFilterChain.java:140)
	at org.springframework.web.filter.CompositeFilter$VirtualFilterChain.doFilter(CompositeFilter.java:108)
	at org.springframework.security.web.FilterChainProxy.lambda$doFilterInternal$3(FilterChainProxy.java:231)
	at org.springframework.security.web.ObservationFilterChainDecorator$FilterObservation$SimpleFilterObservation.lambda$wrap$1(ObservationFilterChainDecorator.java:479)
	at org.springframework.security.web.ObservationFilterChainDecorator$AroundFilterObservation$SimpleAroundFilterObservation.lambda$wrap$1(ObservationFilterChainDecorator.java:340)
	at org.springframework.security.web.ObservationFilterChainDecorator.lambda$wrapSecured$0(ObservationFilterChainDecorator.java:82)
	at org.springframework.security.web.ObservationFilterChainDecorator$VirtualFilterChain.doFilter(ObservationFilterChainDecorator.java:128)
	at org.springframework.security.web.access.intercept.AuthorizationFilter.doFilter(AuthorizationFilter.java:100)
	at org.springframework.security.web.ObservationFilterChainDecorator$ObservationFilter.wrapFilter(ObservationFilterChainDecorator.java:240)
	at org.springframework.security.web.ObservationFilterChainDecorator$ObservationFilter.doFilter(ObservationFilterChainDecorator.java:227)
	at org.springframework.security.web.ObservationFilterChainDecorator$VirtualFilterChain.doFilter(ObservationFilterChainDecorator.java:137)
	at org.springframework.security.web.access.ExceptionTranslationFilter.doFilter(ExceptionTranslationFilter.java:126)
	at org.springframework.security.web.access.ExceptionTranslationFilter.doFilter(ExceptionTranslationFilter.java:120)
	at org.springframework.security.web.ObservationFilterChainDecorator$ObservationFilter.wrapFilter(ObservationFilterChainDecorator.java:240)
	at org.springframework.security.web.ObservationFilterChainDecorator$ObservationFilter.doFilter(ObservationFilterChainDecorator.java:227)
	at org.springframework.security.web.ObservationFilterChainDecorator$VirtualFilterChain.doFilter(ObservationFilterChainDecorator.java:137)
	at org.springframework.security.web.session.SessionManagementFilter.doFilter(SessionManagementFilter.java:131)
	at org.springframework.security.web.session.SessionManagementFilter.doFilter(SessionManagementFilter.java:85)
	at org.springframework.security.web.ObservationFilterChainDecorator$ObservationFilter.wrapFilter(ObservationFilterChainDecorator.java:240)
	at org.springframework.security.web.ObservationFilterChainDecorator$ObservationFilter.doFilter(ObservationFilterChainDecorator.java:227)
	at org.springframework.security.web.ObservationFilterChainDecorator$VirtualFilterChain.doFilter(ObservationFilterChainDecorator.java:137)
	at org.springframework.security.web.authentication.AnonymousAuthenticationFilter.doFilter(AnonymousAuthenticationFilter.java:100)
	at org.springframework.security.web.ObservationFilterChainDecorator$ObservationFilter.wrapFilter(ObservationFilterChainDecorator.java:240)
	at org.springframework.security.web.ObservationFilterChainDecorator$ObservationFilter.doFilter(ObservationFilterChainDecorator.java:227)
	at org.springframework.security.web.ObservationFilterChainDecorator$VirtualFilterChain.doFilter(ObservationFilterChainDecorator.java:137)
	at org.springframework.security.web.servletapi.SecurityContextHolderAwareRequestFilter.doFilter(SecurityContextHolderAwareRequestFilter.java:179)
	at org.springframework.security.web.ObservationFilterChainDecorator$ObservationFilter.wrapFilter(ObservationFilterChainDecorator.java:240)
	at org.springframework.security.web.ObservationFilterChainDecorator$ObservationFilter.doFilter(ObservationFilterChainDecorator.java:227)
	at org.springframework.security.web.ObservationFilterChainDecorator$VirtualFilterChain.doFilter(ObservationFilterChainDecorator.java:137)
	at org.springframework.security.web.savedrequest.RequestCacheAwareFilter.doFilter(RequestCacheAwareFilter.java:63)
	at org.springframework.security.web.ObservationFilterChainDecorator$ObservationFilter.wrapFilter(ObservationFilterChainDecorator.java:240)
	at org.springframework.security.web.ObservationFilterChainDecorator$ObservationFilter.doFilter(ObservationFilterChainDecorator.java:227)
	at org.springframework.security.web.ObservationFilterChainDecorator$VirtualFilterChain.doFilter(ObservationFilterChainDecorator.java:137)
	at com.aiservice.aireviewassistant.security.JwtAuthenticationFilter.doFilterInternal(JwtAuthenticationFilter.java:54)
	at org.springframework.web.filter.OncePerRequestFilter.doFilter(OncePerRequestFilter.java:116)
	at org.springframework.security.web.ObservationFilterChainDecorator$ObservationFilter.wrapFilter(ObservationFilterChainDecorator.java:240)
	at org.springframework.security.web.ObservationFilterChainDecorator$ObservationFilter.doFilter(ObservationFilterChainDecorator.java:227)
	at org.springframework.security.web.ObservationFilterChainDecorator$VirtualFilterChain.doFilter(ObservationFilterChainDecorator.java:137)
	at org.springframework.security.web.authentication.logout.LogoutFilter.doFilter(LogoutFilter.java:107)
	at org.springframework.security.web.authentication.logout.LogoutFilter.doFilter(LogoutFilter.java:93)
	at org.springframework.security.web.ObservationFilterChainDecorator$ObservationFilter.wrapFilter(ObservationFilterChainDecorator.java:240)
	at org.springframework.security.web.ObservationFilterChainDecorator$ObservationFilter.doFilter(ObservationFilterChainDecorator.java:227)
	at org.springframework.security.web.ObservationFilterChainDecorator$VirtualFilterChain.doFilter(ObservationFilterChainDecorator.java:137)
	at org.springframework.security.web.header.HeaderWriterFilter.doHeadersAfter(HeaderWriterFilter.java:90)
	at org.springframework.security.web.header.HeaderWriterFilter.doFilterInternal(HeaderWriterFilter.java:75)
	at org.springframework.web.filter.OncePerRequestFilter.doFilter(OncePerRequestFilter.java:116)
	at org.springframework.security.web.ObservationFilterChainDecorator$ObservationFilter.wrapFilter(ObservationFilterChainDecorator.java:240)
	at org.springframework.security.web.ObservationFilterChainDecorator$ObservationFilter.doFilter(ObservationFilterChainDecorator.java:227)
	at org.springframework.security.web.ObservationFilterChainDecorator$VirtualFilterChain.doFilter(ObservationFilterChainDecorator.java:137)
	at org.springframework.security.web.context.SecurityContextHolderFilter.doFilter(SecurityContextHolderFilter.java:82)
	at org.springframework.security.web.context.SecurityContextHolderFilter.doFilter(SecurityContextHolderFilter.java:69)
	at org.springframework.security.web.ObservationFilterChainDecorator$ObservationFilter.wrapFilter(ObservationFilterChainDecorator.java:240)
	at org.springframework.security.web.ObservationFilterChainDecorator$ObservationFilter.doFilter(ObservationFilterChainDecorator.java:227)
	at org.springframework.security.web.ObservationFilterChainDecorator$VirtualFilterChain.doFilter(ObservationFilterChainDecorator.java:137)
	at org.springframework.security.web.context.request.async.WebAsyncManagerIntegrationFilter.doFilterInternal(WebAsyncManagerIntegrationFilter.java:62)
	at org.springframework.web.filter.OncePerRequestFilter.doFilter(OncePerRequestFilter.java:116)
	at org.springframework.security.web.ObservationFilterChainDecorator$ObservationFilter.wrapFilter(ObservationFilterChainDecorator.java:240)
	at org.springframework.security.web.ObservationFilterChainDecorator$ObservationFilter.doFilter(ObservationFilterChainDecorator.java:227)
	at org.springframework.security.web.ObservationFilterChainDecorator$VirtualFilterChain.doFilter(ObservationFilterChainDecorator.java:137)
	at org.springframework.security.web.session.DisableEncodeUrlFilter.doFilterInternal(DisableEncodeUrlFilter.java:42)
	at org.springframework.web.filter.OncePerRequestFilter.doFilter(OncePerRequestFilter.java:116)
	at org.springframework.security.web.ObservationFilterChainDecorator$ObservationFilter.wrapFilter(ObservationFilterChainDecorator.java:240)
	at org.springframework.security.web.ObservationFilterChainDecorator$AroundFilterObservation$SimpleAroundFilterObservation.lambda$wrap$0(ObservationFilterChainDecorator.java:323)
	at org.springframework.security.web.ObservationFilterChainDecorator$ObservationFilter.doFilter(ObservationFilterChainDecorator.java:224)
	at org.springframework.security.web.ObservationFilterChainDecorator$VirtualFilterChain.doFilter(ObservationFilterChainDecorator.java:137)
	at org.springframework.security.web.FilterChainProxy.doFilterInternal(FilterChainProxy.java:233)
	at org.springframework.security.web.FilterChainProxy.doFilter(FilterChainProxy.java:191)
	at org.springframework.web.filter.CompositeFilter$VirtualFilterChain.doFilter(CompositeFilter.java:113)
	at org.springframework.web.servlet.handler.HandlerMappingIntrospector.lambda$createCacheFilter$3(HandlerMappingIntrospector.java:195)
	at org.springframework.web.filter.CompositeFilter$VirtualFilterChain.doFilter(CompositeFilter.java:113)
	at org.springframework.web.filter.CompositeFilter.doFilter(CompositeFilter.java:74)
	at org.springframework.security.config.annotation.web.configuration.WebMvcSecurityConfiguration$CompositeFilterChainProxy.doFilter(WebMvcSecurityConfiguration.java:230)
	at org.springframework.web.filter.DelegatingFilterProxy.invokeDelegate(DelegatingFilterProxy.java:352)
	at org.springframework.web.filter.DelegatingFilterProxy.doFilter(DelegatingFilterProxy.java:268)
	at org.apache.catalina.core.ApplicationFilterChain.internalDoFilter(ApplicationFilterChain.java:164)
	at org.apache.catalina.core.ApplicationFilterChain.doFilter(ApplicationFilterChain.java:140)
	at org.springframework.web.filter.RequestContextFilter.doFilterInternal(RequestContextFilter.java:100)
	at org.springframework.web.filter.OncePerRequestFilter.doFilter(OncePerRequestFilter.java:116)
	at org.apache.catalina.core.ApplicationFilterChain.internalDoFilter(ApplicationFilterChain.java:164)
	at org.apache.catalina.core.ApplicationFilterChain.doFilter(ApplicationFilterChain.java:140)
	at org.springframework.web.filter.FormContentFilter.doFilterInternal(FormContentFilter.java:93)
	at org.springframework.web.filter.OncePerRequestFilter.doFilter(OncePerRequestFilter.java:116)
	at org.apache.catalina.core.ApplicationFilterChain.internalDoFilter(ApplicationFilterChain.java:164)
	at org.apache.catalina.core.ApplicationFilterChain.doFilter(ApplicationFilterChain.java:140)
	at org.springframework.web.filter.ServerHttpObservationFilter.doFilterInternal(ServerHttpObservationFilter.java:113)
	at org.springframework.web.filter.OncePerRequestFilter.doFilter(OncePerRequestFilter.java:116)
	at org.apache.catalina.core.ApplicationFilterChain.internalDoFilter(ApplicationFilterChain.java:164)
	at org.apache.catalina.core.ApplicationFilterChain.doFilter(ApplicationFilterChain.java:140)
	at org.springframework.web.filter.CharacterEncodingFilter.doFilterInternal(CharacterEncodingFilter.java:201)
	at org.springframework.web.filter.OncePerRequestFilter.doFilter(OncePerRequestFilter.java:116)
	at org.apache.catalina.core.ApplicationFilterChain.internalDoFilter(ApplicationFilterChain.java:164)
	at org.apache.catalina.core.ApplicationFilterChain.doFilter(ApplicationFilterChain.java:140)
	at org.apache.catalina.core.StandardWrapperValve.invoke(StandardWrapperValve.java:167)
	at org.apache.catalina.core.StandardContextValve.invoke(StandardContextValve.java:90)
	at org.apache.catalina.authenticator.AuthenticatorBase.invoke(AuthenticatorBase.java:483)
	at org.apache.catalina.core.StandardHostValve.invoke(StandardHostValve.java:115)
	at org.apache.catalina.valves.ErrorReportValve.invoke(ErrorReportValve.java:93)
	at org.apache.catalina.core.StandardEngineValve.invoke(StandardEngineValve.java:74)
	at org.apache.catalina.connector.CoyoteAdapter.service(CoyoteAdapter.java:344)
	at org.apache.coyote.http11.Http11Processor.service(Http11Processor.java:384)
	at org.apache.coyote.AbstractProcessorLight.process(AbstractProcessorLight.java:63)
	at org.apache.coyote.AbstractProtocol$ConnectionHandler.process(AbstractProtocol.java:905)
	at org.apache.tomcat.util.net.NioEndpoint$SocketProcessor.doRun(NioEndpoint.java:1741)
	at org.apache.tomcat.util.net.SocketProcessorBase.run(SocketProcessorBase.java:52)
	at org.apache.tomcat.util.threads.ThreadPoolExecutor.runWorker(ThreadPoolExecutor.java:1190)
	at org.apache.tomcat.util.threads.ThreadPoolExecutor$Worker.run(ThreadPoolExecutor.java:659)
	at org.apache.tomcat.util.threads.TaskThread$WrappingRunnable.run(TaskThread.java:63)
	at java.base/java.lang.Thread.run(Thread.java:1570)
Caused by: java.net.SocketTimeoutException: Read timed out
	at java.base/jdk.internal.reflect.DirectConstructorHandleAccessor.newInstance(DirectConstructorHandleAccessor.java:62)
	at java.base/java.lang.reflect.Constructor.newInstanceWithCaller(Constructor.java:502)
	at java.base/java.lang.reflect.Constructor.newInstance(Constructor.java:486)
	at java.base/sun.net.www.protocol.http.HttpURLConnection$10.run(HttpURLConnection.java:2071)
	at java.base/sun.net.www.protocol.http.HttpURLConnection$10.run(HttpURLConnection.java:2066)
	at java.base/java.security.AccessController.doPrivileged(AccessController.java:571)
	at java.base/sun.net.www.protocol.http.HttpURLConnection.getChainedException(HttpURLConnection.java:2065)
	at java.base/sun.net.www.protocol.http.HttpURLConnection.getInputStream0(HttpURLConnection.java:1635)
	at java.base/sun.net.www.protocol.http.HttpURLConnection.getInputStream(HttpURLConnection.java:1615)
	at java.base/java.net.HttpURLConnection.getResponseCode(HttpURLConnection.java:531)
	at java.base/sun.net.www.protocol.https.HttpsURLConnectionImpl.getResponseCode(HttpsURLConnectionImpl.java:307)
	at org.springframework.http.client.SimpleClientHttpResponse.getStatusCode(SimpleClientHttpResponse.java:55)
	at org.springframework.ai.retry.autoconfigure.SpringAiRetryAutoConfiguration$2.hasError(SpringAiRetryAutoConfiguration.java:86)
	at org.springframework.web.client.StatusHandler.test(StatusHandler.java:142)
	at org.springframework.web.client.DefaultRestClient$DefaultResponseSpec.applyStatusHandlers(DefaultRestClient.java:706)
	at org.springframework.web.client.DefaultRestClient.readWithMessageConverters(DefaultRestClient.java:200)
	... 180 common frames omitted
Caused by: java.net.SocketTimeoutException: Read timed out
	at java.base/sun.nio.ch.NioSocketImpl.timedRead(NioSocketImpl.java:278)
	at java.base/sun.nio.ch.NioSocketImpl.implRead(NioSocketImpl.java:304)
	at java.base/sun.nio.ch.NioSocketImpl.read(NioSocketImpl.java:346)
	at java.base/sun.nio.ch.NioSocketImpl$1.read(NioSocketImpl.java:796)
	at java.base/java.net.Socket$SocketInputStream.implRead(Socket.java:1108)
	at java.base/java.net.Socket$SocketInputStream.read(Socket.java:1095)
	at java.base/sun.security.ssl.SSLSocketInputRecord.read(SSLSocketInputRecord.java:489)
	at java.base/sun.security.ssl.SSLSocketInputRecord.readHeader(SSLSocketInputRecord.java:483)
	at java.base/sun.security.ssl.SSLSocketInputRecord.bytesInCompletePacket(SSLSocketInputRecord.java:70)
	at java.base/sun.security.ssl.SSLSocketImpl.readApplicationRecord(SSLSocketImpl.java:1462)
	at java.base/sun.security.ssl.SSLSocketImpl$AppInputStream.read(SSLSocketImpl.java:1068)
	at java.base/java.io.BufferedInputStream.fill(BufferedInputStream.java:291)
	at java.base/java.io.BufferedInputStream.read1(BufferedInputStream.java:347)
	at java.base/java.io.BufferedInputStream.implRead(BufferedInputStream.java:420)
	at java.base/java.io.BufferedInputStream.read(BufferedInputStream.java:399)
	at java.base/sun.net.www.http.HttpClient.parseHTTPHeader(HttpClient.java:827)
	at java.base/sun.net.www.http.HttpClient.parseHTTP(HttpClient.java:759)
	at java.base/sun.net.www.protocol.http.HttpURLConnection.getInputStream0(HttpURLConnection.java:1706)
	at java.base/sun.net.www.protocol.http.HttpURLConnection.getInputStream(HttpURLConnection.java:1615)
	at java.base/sun.net.www.protocol.http.HttpURLConnection.getHeaderFieldKey(HttpURLConnection.java:3304)
	at java.base/sun.net.www.protocol.https.HttpsURLConnectionImpl.getHeaderFieldKey(HttpsURLConnectionImpl.java:276)
	at org.springframework.http.client.SimpleClientHttpResponse.getHeaders(SimpleClientHttpResponse.java:69)
	at org.springframework.web.client.DefaultRestClient$DefaultConvertibleClientHttpResponse.getHeaders(DefaultRestClient.java:764)
	at org.springframework.web.client.DefaultRestClient.getContentType(DefaultRestClient.java:255)
	at org.springframework.web.client.DefaultRestClient.readWithMessageConverters(DefaultRestClient.java:197)
	... 180 common frames omitted
2026-08-29 18:38:16.059 [http-nio-8080-exec-4] WARN  o.s.a.r.a.SpringAiRetryAutoConfiguration - Retry error. Retry count: 3, Exception: Error while extracting response for type [com.alibaba.cloud.ai.dashscope.api.DashScopeApi$ChatCompletion] and content type [application/octet-stream]
org.springframework.web.client.RestClientException: Error while extracting response for type [com.alibaba.cloud.ai.dashscope.api.DashScopeApi$ChatCompletion] and content type [application/octet-stream]
	at org.springframework.web.client.DefaultRestClient.readWithMessageConverters(DefaultRestClient.java:237)
	at org.springframework.web.client.DefaultRestClient$DefaultResponseSpec.readBody(DefaultRestClient.java:694)
	at org.springframework.web.client.DefaultRestClient$DefaultResponseSpec.toEntityInternal(DefaultRestClient.java:664)
	at org.springframework.web.client.DefaultRestClient$DefaultResponseSpec.toEntity(DefaultRestClient.java:653)
	at com.alibaba.cloud.ai.dashscope.api.DashScopeApi.chatCompletionEntity(DashScopeApi.java:1382)
	at com.alibaba.cloud.ai.dashscope.chat.DashScopeChatModel.lambda$internalCall$1(DashScopeChatModel.java:183)
	at org.springframework.retry.support.RetryTemplate.doExecute(RetryTemplate.java:344)
	at org.springframework.retry.support.RetryTemplate.execute(RetryTemplate.java:217)
	at com.alibaba.cloud.ai.dashscope.chat.DashScopeChatModel.lambda$internalCall$2(DashScopeChatModel.java:183)
	at io.micrometer.observation.Observation.observe(Observation.java:565)
	at com.alibaba.cloud.ai.dashscope.chat.DashScopeChatModel.internalCall(DashScopeChatModel.java:180)
	at com.alibaba.cloud.ai.dashscope.chat.DashScopeChatModel.call(DashScopeChatModel.java:161)
	at org.springframework.ai.chat.client.advisor.ChatModelCallAdvisor.adviseCall(ChatModelCallAdvisor.java:54)
	at org.springframework.ai.chat.client.advisor.DefaultAroundAdvisorChain.lambda$nextCall$1(DefaultAroundAdvisorChain.java:110)
	at io.micrometer.observation.Observation.observe(Observation.java:565)
	at org.springframework.ai.chat.client.advisor.DefaultAroundAdvisorChain.nextCall(DefaultAroundAdvisorChain.java:110)
	at org.springframework.ai.chat.client.DefaultChatClient$DefaultCallResponseSpec.lambda$doGetObservableChatClientResponse$1(DefaultChatClient.java:469)
	at io.micrometer.observation.Observation.observe(Observation.java:565)
	at org.springframework.ai.chat.client.DefaultChatClient$DefaultCallResponseSpec.doGetObservableChatClientResponse(DefaultChatClient.java:467)
	at org.springframework.ai.chat.client.DefaultChatClient$DefaultCallResponseSpec.doGetObservableChatClientResponse(DefaultChatClient.java:446)
	at org.springframework.ai.chat.client.DefaultChatClient$DefaultCallResponseSpec.content(DefaultChatClient.java:441)
	at com.aiservice.aireviewassistant.service.impl.PlanServiceImpl.createPlan(PlanServiceImpl.java:33)
	at com.aiservice.aireviewassistant.service.impl.PlanServiceImpl.createPlanStream(PlanServiceImpl.java:39)
	at java.base/jdk.internal.reflect.DirectMethodHandleAccessor.invoke(DirectMethodHandleAccessor.java:103)
	at java.base/java.lang.reflect.Method.invoke(Method.java:580)
	at org.springframework.aop.support.AopUtils.invokeJoinpointUsingReflection(AopUtils.java:355)
	at org.springframework.aop.framework.CglibAopProxy$DynamicAdvisedInterceptor.intercept(CglibAopProxy.java:716)
	at com.aiservice.aireviewassistant.service.impl.PlanServiceImpl$$SpringCGLIB$$0.createPlanStream(<generated>)
	at com.aiservice.aireviewassistant.agent.tool.PlanTool.stream(PlanTool.java:46)
	at com.aiservice.aireviewassistant.service.impl.ReviewAssistantAgent.chatStream(ReviewAssistantAgent.java:232)
	at com.aiservice.aireviewassistant.controller.AgentController.stream(AgentController.java:43)
	at java.base/jdk.internal.reflect.DirectMethodHandleAccessor.invoke(DirectMethodHandleAccessor.java:103)
	at java.base/java.lang.reflect.Method.invoke(Method.java:580)
	at org.springframework.aop.support.AopUtils.invokeJoinpointUsingReflection(AopUtils.java:355)
	at org.springframework.aop.framework.ReflectiveMethodInvocation.invokeJoinpoint(ReflectiveMethodInvocation.java:196)
	at org.springframework.aop.framework.ReflectiveMethodInvocation.proceed(ReflectiveMethodInvocation.java:163)
	at org.springframework.aop.framework.CglibAopProxy$CglibMethodInvocation.proceed(CglibAopProxy.java:768)
	at org.springframework.validation.beanvalidation.MethodValidationInterceptor.invoke(MethodValidationInterceptor.java:174)
	at org.springframework.aop.framework.ReflectiveMethodInvocation.proceed(ReflectiveMethodInvocation.java:184)
	at org.springframework.aop.framework.CglibAopProxy$CglibMethodInvocation.proceed(CglibAopProxy.java:768)
	at org.springframework.aop.aspectj.MethodInvocationProceedingJoinPoint.proceed(MethodInvocationProceedingJoinPoint.java:89)
	at com.aiservice.aireviewassistant.aspect.RateLimitAspect.around(RateLimitAspect.java:30)
	at java.base/jdk.internal.reflect.DirectMethodHandleAccessor.invoke(DirectMethodHandleAccessor.java:103)
	at java.base/java.lang.reflect.Method.invoke(Method.java:580)
	at org.springframework.aop.aspectj.AbstractAspectJAdvice.invokeAdviceMethodWithGivenArgs(AbstractAspectJAdvice.java:637)
	at org.springframework.aop.aspectj.AbstractAspectJAdvice.invokeAdviceMethod(AbstractAspectJAdvice.java:627)
	at org.springframework.aop.aspectj.AspectJAroundAdvice.invoke(AspectJAroundAdvice.java:71)
	at org.springframework.aop.framework.ReflectiveMethodInvocation.proceed(ReflectiveMethodInvocation.java:173)
	at org.springframework.aop.framework.CglibAopProxy$CglibMethodInvocation.proceed(CglibAopProxy.java:768)
	at org.springframework.aop.interceptor.ExposeInvocationInterceptor.invoke(ExposeInvocationInterceptor.java:97)
	at org.springframework.aop.framework.ReflectiveMethodInvocation.proceed(ReflectiveMethodInvocation.java:184)
	at org.springframework.aop.framework.CglibAopProxy$CglibMethodInvocation.proceed(CglibAopProxy.java:768)
	at org.springframework.aop.framework.CglibAopProxy$DynamicAdvisedInterceptor.intercept(CglibAopProxy.java:720)
	at com.aiservice.aireviewassistant.controller.AgentController$$SpringCGLIB$$0.stream(<generated>)
	at java.base/jdk.internal.reflect.DirectMethodHandleAccessor.invoke(DirectMethodHandleAccessor.java:103)
	at java.base/java.lang.reflect.Method.invoke(Method.java:580)
	at org.springframework.web.method.support.InvocableHandlerMethod.doInvoke(InvocableHandlerMethod.java:255)
	at org.springframework.web.method.support.InvocableHandlerMethod.invokeForRequest(InvocableHandlerMethod.java:188)
	at org.springframework.web.servlet.mvc.method.annotation.ServletInvocableHandlerMethod.invokeAndHandle(ServletInvocableHandlerMethod.java:118)
	at org.springframework.web.servlet.mvc.method.annotation.RequestMappingHandlerAdapter.invokeHandlerMethod(RequestMappingHandlerAdapter.java:926)
	at org.springframework.web.servlet.mvc.method.annotation.RequestMappingHandlerAdapter.handleInternal(RequestMappingHandlerAdapter.java:831)
	at org.springframework.web.servlet.mvc.method.AbstractHandlerMethodAdapter.handle(AbstractHandlerMethodAdapter.java:87)
	at org.springframework.web.servlet.DispatcherServlet.doDispatch(DispatcherServlet.java:1089)
	at org.springframework.web.servlet.DispatcherServlet.doService(DispatcherServlet.java:979)
	at org.springframework.web.servlet.FrameworkServlet.processRequest(FrameworkServlet.java:1014)
	at org.springframework.web.servlet.FrameworkServlet.doGet(FrameworkServlet.java:903)
	at jakarta.servlet.http.HttpServlet.service(HttpServlet.java:564)
	at org.springframework.web.servlet.FrameworkServlet.service(FrameworkServlet.java:885)
	at jakarta.servlet.http.HttpServlet.service(HttpServlet.java:658)
	at org.apache.catalina.core.ApplicationFilterChain.internalDoFilter(ApplicationFilterChain.java:195)
	at org.apache.catalina.core.ApplicationFilterChain.doFilter(ApplicationFilterChain.java:140)
	at org.apache.tomcat.websocket.server.WsFilter.doFilter(WsFilter.java:51)
	at org.apache.catalina.core.ApplicationFilterChain.internalDoFilter(ApplicationFilterChain.java:164)
	at org.apache.catalina.core.ApplicationFilterChain.doFilter(ApplicationFilterChain.java:140)
	at org.springframework.web.filter.CompositeFilter$VirtualFilterChain.doFilter(CompositeFilter.java:108)
	at org.springframework.security.web.FilterChainProxy.lambda$doFilterInternal$3(FilterChainProxy.java:231)
	at org.springframework.security.web.ObservationFilterChainDecorator$FilterObservation$SimpleFilterObservation.lambda$wrap$1(ObservationFilterChainDecorator.java:479)
	at org.springframework.security.web.ObservationFilterChainDecorator$AroundFilterObservation$SimpleAroundFilterObservation.lambda$wrap$1(ObservationFilterChainDecorator.java:340)
	at org.springframework.security.web.ObservationFilterChainDecorator.lambda$wrapSecured$0(ObservationFilterChainDecorator.java:82)
	at org.springframework.security.web.ObservationFilterChainDecorator$VirtualFilterChain.doFilter(ObservationFilterChainDecorator.java:128)
	at org.springframework.security.web.access.intercept.AuthorizationFilter.doFilter(AuthorizationFilter.java:100)
	at org.springframework.security.web.ObservationFilterChainDecorator$ObservationFilter.wrapFilter(ObservationFilterChainDecorator.java:240)
	at org.springframework.security.web.ObservationFilterChainDecorator$ObservationFilter.doFilter(ObservationFilterChainDecorator.java:227)
	at org.springframework.security.web.ObservationFilterChainDecorator$VirtualFilterChain.doFilter(ObservationFilterChainDecorator.java:137)
	at org.springframework.security.web.access.ExceptionTranslationFilter.doFilter(ExceptionTranslationFilter.java:126)
	at org.springframework.security.web.access.ExceptionTranslationFilter.doFilter(ExceptionTranslationFilter.java:120)
	at org.springframework.security.web.ObservationFilterChainDecorator$ObservationFilter.wrapFilter(ObservationFilterChainDecorator.java:240)
	at org.springframework.security.web.ObservationFilterChainDecorator$ObservationFilter.doFilter(ObservationFilterChainDecorator.java:227)
	at org.springframework.security.web.ObservationFilterChainDecorator$VirtualFilterChain.doFilter(ObservationFilterChainDecorator.java:137)
	at org.springframework.security.web.session.SessionManagementFilter.doFilter(SessionManagementFilter.java:131)
	at org.springframework.security.web.session.SessionManagementFilter.doFilter(SessionManagementFilter.java:85)
	at org.springframework.security.web.ObservationFilterChainDecorator$ObservationFilter.wrapFilter(ObservationFilterChainDecorator.java:240)
	at org.springframework.security.web.ObservationFilterChainDecorator$ObservationFilter.doFilter(ObservationFilterChainDecorator.java:227)
	at org.springframework.security.web.ObservationFilterChainDecorator$VirtualFilterChain.doFilter(ObservationFilterChainDecorator.java:137)
	at org.springframework.security.web.authentication.AnonymousAuthenticationFilter.doFilter(AnonymousAuthenticationFilter.java:100)
	at org.springframework.security.web.ObservationFilterChainDecorator$ObservationFilter.wrapFilter(ObservationFilterChainDecorator.java:240)
	at org.springframework.security.web.ObservationFilterChainDecorator$ObservationFilter.doFilter(ObservationFilterChainDecorator.java:227)
	at org.springframework.security.web.ObservationFilterChainDecorator$VirtualFilterChain.doFilter(ObservationFilterChainDecorator.java:137)
	at org.springframework.security.web.servletapi.SecurityContextHolderAwareRequestFilter.doFilter(SecurityContextHolderAwareRequestFilter.java:179)
	at org.springframework.security.web.ObservationFilterChainDecorator$ObservationFilter.wrapFilter(ObservationFilterChainDecorator.java:240)
	at org.springframework.security.web.ObservationFilterChainDecorator$ObservationFilter.doFilter(ObservationFilterChainDecorator.java:227)
	at org.springframework.security.web.ObservationFilterChainDecorator$VirtualFilterChain.doFilter(ObservationFilterChainDecorator.java:137)
	at org.springframework.security.web.savedrequest.RequestCacheAwareFilter.doFilter(RequestCacheAwareFilter.java:63)
	at org.springframework.security.web.ObservationFilterChainDecorator$ObservationFilter.wrapFilter(ObservationFilterChainDecorator.java:240)
	at org.springframework.security.web.ObservationFilterChainDecorator$ObservationFilter.doFilter(ObservationFilterChainDecorator.java:227)
	at org.springframework.security.web.ObservationFilterChainDecorator$VirtualFilterChain.doFilter(ObservationFilterChainDecorator.java:137)
	at com.aiservice.aireviewassistant.security.JwtAuthenticationFilter.doFilterInternal(JwtAuthenticationFilter.java:54)
	at org.springframework.web.filter.OncePerRequestFilter.doFilter(OncePerRequestFilter.java:116)
	at org.springframework.security.web.ObservationFilterChainDecorator$ObservationFilter.wrapFilter(ObservationFilterChainDecorator.java:240)
	at org.springframework.security.web.ObservationFilterChainDecorator$ObservationFilter.doFilter(ObservationFilterChainDecorator.java:227)
	at org.springframework.security.web.ObservationFilterChainDecorator$VirtualFilterChain.doFilter(ObservationFilterChainDecorator.java:137)
	at org.springframework.security.web.authentication.logout.LogoutFilter.doFilter(LogoutFilter.java:107)
	at org.springframework.security.web.authentication.logout.LogoutFilter.doFilter(LogoutFilter.java:93)
	at org.springframework.security.web.ObservationFilterChainDecorator$ObservationFilter.wrapFilter(ObservationFilterChainDecorator.java:240)
	at org.springframework.security.web.ObservationFilterChainDecorator$ObservationFilter.doFilter(ObservationFilterChainDecorator.java:227)
	at org.springframework.security.web.ObservationFilterChainDecorator$VirtualFilterChain.doFilter(ObservationFilterChainDecorator.java:137)
	at org.springframework.security.web.header.HeaderWriterFilter.doHeadersAfter(HeaderWriterFilter.java:90)
	at org.springframework.security.web.header.HeaderWriterFilter.doFilterInternal(HeaderWriterFilter.java:75)
	at org.springframework.web.filter.OncePerRequestFilter.doFilter(OncePerRequestFilter.java:116)
	at org.springframework.security.web.ObservationFilterChainDecorator$ObservationFilter.wrapFilter(ObservationFilterChainDecorator.java:240)
	at org.springframework.security.web.ObservationFilterChainDecorator$ObservationFilter.doFilter(ObservationFilterChainDecorator.java:227)
	at org.springframework.security.web.ObservationFilterChainDecorator$VirtualFilterChain.doFilter(ObservationFilterChainDecorator.java:137)
	at org.springframework.security.web.context.SecurityContextHolderFilter.doFilter(SecurityContextHolderFilter.java:82)
	at org.springframework.security.web.context.SecurityContextHolderFilter.doFilter(SecurityContextHolderFilter.java:69)
	at org.springframework.security.web.ObservationFilterChainDecorator$ObservationFilter.wrapFilter(ObservationFilterChainDecorator.java:240)
	at org.springframework.security.web.ObservationFilterChainDecorator$ObservationFilter.doFilter(ObservationFilterChainDecorator.java:227)
	at org.springframework.security.web.ObservationFilterChainDecorator$VirtualFilterChain.doFilter(ObservationFilterChainDecorator.java:137)
	at org.springframework.security.web.context.request.async.WebAsyncManagerIntegrationFilter.doFilterInternal(WebAsyncManagerIntegrationFilter.java:62)
	at org.springframework.web.filter.OncePerRequestFilter.doFilter(OncePerRequestFilter.java:116)
	at org.springframework.security.web.ObservationFilterChainDecorator$ObservationFilter.wrapFilter(ObservationFilterChainDecorator.java:240)
	at org.springframework.security.web.ObservationFilterChainDecorator$ObservationFilter.doFilter(ObservationFilterChainDecorator.java:227)
	at org.springframework.security.web.ObservationFilterChainDecorator$VirtualFilterChain.doFilter(ObservationFilterChainDecorator.java:137)
	at org.springframework.security.web.session.DisableEncodeUrlFilter.doFilterInternal(DisableEncodeUrlFilter.java:42)
	at org.springframework.web.filter.OncePerRequestFilter.doFilter(OncePerRequestFilter.java:116)
	at org.springframework.security.web.ObservationFilterChainDecorator$ObservationFilter.wrapFilter(ObservationFilterChainDecorator.java:240)
	at org.springframework.security.web.ObservationFilterChainDecorator$AroundFilterObservation$SimpleAroundFilterObservation.lambda$wrap$0(ObservationFilterChainDecorator.java:323)
	at org.springframework.security.web.ObservationFilterChainDecorator$ObservationFilter.doFilter(ObservationFilterChainDecorator.java:224)
	at org.springframework.security.web.ObservationFilterChainDecorator$VirtualFilterChain.doFilter(ObservationFilterChainDecorator.java:137)
	at org.springframework.security.web.FilterChainProxy.doFilterInternal(FilterChainProxy.java:233)
	at org.springframework.security.web.FilterChainProxy.doFilter(FilterChainProxy.java:191)
	at org.springframework.web.filter.CompositeFilter$VirtualFilterChain.doFilter(CompositeFilter.java:113)
	at org.springframework.web.servlet.handler.HandlerMappingIntrospector.lambda$createCacheFilter$3(HandlerMappingIntrospector.java:195)
	at org.springframework.web.filter.CompositeFilter$VirtualFilterChain.doFilter(CompositeFilter.java:113)
	at org.springframework.web.filter.CompositeFilter.doFilter(CompositeFilter.java:74)
	at org.springframework.security.config.annotation.web.configuration.WebMvcSecurityConfiguration$CompositeFilterChainProxy.doFilter(WebMvcSecurityConfiguration.java:230)
	at org.springframework.web.filter.DelegatingFilterProxy.invokeDelegate(DelegatingFilterProxy.java:352)
	at org.springframework.web.filter.DelegatingFilterProxy.doFilter(DelegatingFilterProxy.java:268)
	at org.apache.catalina.core.ApplicationFilterChain.internalDoFilter(ApplicationFilterChain.java:164)
	at org.apache.catalina.core.ApplicationFilterChain.doFilter(ApplicationFilterChain.java:140)
	at org.springframework.web.filter.RequestContextFilter.doFilterInternal(RequestContextFilter.java:100)
	at org.springframework.web.filter.OncePerRequestFilter.doFilter(OncePerRequestFilter.java:116)
	at org.apache.catalina.core.ApplicationFilterChain.internalDoFilter(ApplicationFilterChain.java:164)
	at org.apache.catalina.core.ApplicationFilterChain.doFilter(ApplicationFilterChain.java:140)
	at org.springframework.web.filter.FormContentFilter.doFilterInternal(FormContentFilter.java:93)
	at org.springframework.web.filter.OncePerRequestFilter.doFilter(OncePerRequestFilter.java:116)
	at org.apache.catalina.core.ApplicationFilterChain.internalDoFilter(ApplicationFilterChain.java:164)
	at org.apache.catalina.core.ApplicationFilterChain.doFilter(ApplicationFilterChain.java:140)
	at org.springframework.web.filter.ServerHttpObservationFilter.doFilterInternal(ServerHttpObservationFilter.java:113)
	at org.springframework.web.filter.OncePerRequestFilter.doFilter(OncePerRequestFilter.java:116)
	at org.apache.catalina.core.ApplicationFilterChain.internalDoFilter(ApplicationFilterChain.java:164)
	at org.apache.catalina.core.ApplicationFilterChain.doFilter(ApplicationFilterChain.java:140)
	at org.springframework.web.filter.CharacterEncodingFilter.doFilterInternal(CharacterEncodingFilter.java:201)
	at org.springframework.web.filter.OncePerRequestFilter.doFilter(OncePerRequestFilter.java:116)
	at org.apache.catalina.core.ApplicationFilterChain.internalDoFilter(ApplicationFilterChain.java:164)
	at org.apache.catalina.core.ApplicationFilterChain.doFilter(ApplicationFilterChain.java:140)
	at org.apache.catalina.core.StandardWrapperValve.invoke(StandardWrapperValve.java:167)
	at org.apache.catalina.core.StandardContextValve.invoke(StandardContextValve.java:90)
	at org.apache.catalina.authenticator.AuthenticatorBase.invoke(AuthenticatorBase.java:483)
	at org.apache.catalina.core.StandardHostValve.invoke(StandardHostValve.java:115)
	at org.apache.catalina.valves.ErrorReportValve.invoke(ErrorReportValve.java:93)
	at org.apache.catalina.core.StandardEngineValve.invoke(StandardEngineValve.java:74)
	at org.apache.catalina.connector.CoyoteAdapter.service(CoyoteAdapter.java:344)
	at org.apache.coyote.http11.Http11Processor.service(Http11Processor.java:384)
	at org.apache.coyote.AbstractProcessorLight.process(AbstractProcessorLight.java:63)
	at org.apache.coyote.AbstractProtocol$ConnectionHandler.process(AbstractProtocol.java:905)
	at org.apache.tomcat.util.net.NioEndpoint$SocketProcessor.doRun(NioEndpoint.java:1741)
	at org.apache.tomcat.util.net.SocketProcessorBase.run(SocketProcessorBase.java:52)
	at org.apache.tomcat.util.threads.ThreadPoolExecutor.runWorker(ThreadPoolExecutor.java:1190)
	at org.apache.tomcat.util.threads.ThreadPoolExecutor$Worker.run(ThreadPoolExecutor.java:659)
	at org.apache.tomcat.util.threads.TaskThread$WrappingRunnable.run(TaskThread.java:63)
	at java.base/java.lang.Thread.run(Thread.java:1570)
Caused by: java.net.SocketTimeoutException: Read timed out
	at java.base/jdk.internal.reflect.DirectConstructorHandleAccessor.newInstance(DirectConstructorHandleAccessor.java:62)
	at java.base/java.lang.reflect.Constructor.newInstanceWithCaller(Constructor.java:502)
	at java.base/java.lang.reflect.Constructor.newInstance(Constructor.java:486)
	at java.base/sun.net.www.protocol.http.HttpURLConnection$10.run(HttpURLConnection.java:2071)
	at java.base/sun.net.www.protocol.http.HttpURLConnection$10.run(HttpURLConnection.java:2066)
	at java.base/java.security.AccessController.doPrivileged(AccessController.java:571)
	at java.base/sun.net.www.protocol.http.HttpURLConnection.getChainedException(HttpURLConnection.java:2065)
	at java.base/sun.net.www.protocol.http.HttpURLConnection.getInputStream0(HttpURLConnection.java:1635)
	at java.base/sun.net.www.protocol.http.HttpURLConnection.getInputStream(HttpURLConnection.java:1615)
	at java.base/java.net.HttpURLConnection.getResponseCode(HttpURLConnection.java:531)
	at java.base/sun.net.www.protocol.https.HttpsURLConnectionImpl.getResponseCode(HttpsURLConnectionImpl.java:307)
	at org.springframework.http.client.SimpleClientHttpResponse.getStatusCode(SimpleClientHttpResponse.java:55)
	at org.springframework.ai.retry.autoconfigure.SpringAiRetryAutoConfiguration$2.hasError(SpringAiRetryAutoConfiguration.java:86)
	at org.springframework.web.client.StatusHandler.test(StatusHandler.java:142)
	at org.springframework.web.client.DefaultRestClient$DefaultResponseSpec.applyStatusHandlers(DefaultRestClient.java:706)
	at org.springframework.web.client.DefaultRestClient.readWithMessageConverters(DefaultRestClient.java:200)
	... 180 common frames omitted
Caused by: java.net.SocketTimeoutException: Read timed out
	at java.base/sun.nio.ch.NioSocketImpl.timedRead(NioSocketImpl.java:278)
	at java.base/sun.nio.ch.NioSocketImpl.implRead(NioSocketImpl.java:304)
	at java.base/sun.nio.ch.NioSocketImpl.read(NioSocketImpl.java:346)
	at java.base/sun.nio.ch.NioSocketImpl$1.read(NioSocketImpl.java:796)
	at java.base/java.net.Socket$SocketInputStream.implRead(Socket.java:1108)
	at java.base/java.net.Socket$SocketInputStream.read(Socket.java:1095)
	at java.base/sun.security.ssl.SSLSocketInputRecord.read(SSLSocketInputRecord.java:489)
	at java.base/sun.security.ssl.SSLSocketInputRecord.readHeader(SSLSocketInputRecord.java:483)
	at java.base/sun.security.ssl.SSLSocketInputRecord.bytesInCompletePacket(SSLSocketInputRecord.java:70)
	at java.base/sun.security.ssl.SSLSocketImpl.readApplicationRecord(SSLSocketImpl.java:1462)
	at java.base/sun.security.ssl.SSLSocketImpl$AppInputStream.read(SSLSocketImpl.java:1068)
	at java.base/java.io.BufferedInputStream.fill(BufferedInputStream.java:291)
	at java.base/java.io.BufferedInputStream.read1(BufferedInputStream.java:347)
	at java.base/java.io.BufferedInputStream.implRead(BufferedInputStream.java:420)
	at java.base/java.io.BufferedInputStream.read(BufferedInputStream.java:399)
	at java.base/sun.net.www.http.HttpClient.parseHTTPHeader(HttpClient.java:827)
	at java.base/sun.net.www.http.HttpClient.parseHTTP(HttpClient.java:759)
	at java.base/sun.net.www.protocol.http.HttpURLConnection.getInputStream0(HttpURLConnection.java:1706)
	at java.base/sun.net.www.protocol.http.HttpURLConnection.getInputStream(HttpURLConnection.java:1615)
	at java.base/sun.net.www.protocol.http.HttpURLConnection.getHeaderFieldKey(HttpURLConnection.java:3304)
	at java.base/sun.net.www.protocol.https.HttpsURLConnectionImpl.getHeaderFieldKey(HttpsURLConnectionImpl.java:276)
	at org.springframework.http.client.SimpleClientHttpResponse.getHeaders(SimpleClientHttpResponse.java:69)
	at org.springframework.web.client.DefaultRestClient$DefaultConvertibleClientHttpResponse.getHeaders(DefaultRestClient.java:764)
	at org.springframework.web.client.DefaultRestClient.getContentType(DefaultRestClient.java:255)
	at org.springframework.web.client.DefaultRestClient.readWithMessageConverters(DefaultRestClient.java:197)
	... 180 common frames omitted
2026-08-29 18:38:30.449 [HikariPool-1 housekeeper] WARN  com.zaxxer.hikari.pool.HikariPool - HikariPool-1 - Retrograde clock change detected (housekeeper delta=29s832ms), soft-evicting connections from pool.
2026-08-29 18:39:31.182 [http-nio-8080-exec-4] WARN  o.s.a.r.a.SpringAiRetryAutoConfiguration - Retry error. Retry count: 4, Exception: Error while extracting response for type [com.alibaba.cloud.ai.dashscope.api.DashScopeApi$ChatCompletion] and content type [application/octet-stream]
org.springframework.web.client.RestClientException: Error while extracting response for type [com.alibaba.cloud.ai.dashscope.api.DashScopeApi$ChatCompletion] and content type [application/octet-stream]
	at org.springframework.web.client.DefaultRestClient.readWithMessageConverters(DefaultRestClient.java:237)
	at org.springframework.web.client.DefaultRestClient$DefaultResponseSpec.readBody(DefaultRestClient.java:694)
	at org.springframework.web.client.DefaultRestClient$DefaultResponseSpec.toEntityInternal(DefaultRestClient.java:664)
	at org.springframework.web.client.DefaultRestClient$DefaultResponseSpec.toEntity(DefaultRestClient.java:653)
	at com.alibaba.cloud.ai.dashscope.api.DashScopeApi.chatCompletionEntity(DashScopeApi.java:1382)
	at com.alibaba.cloud.ai.dashscope.chat.DashScopeChatModel.lambda$internalCall$1(DashScopeChatModel.java:183)
	at org.springframework.retry.support.RetryTemplate.doExecute(RetryTemplate.java:344)
	at org.springframework.retry.support.RetryTemplate.execute(RetryTemplate.java:217)
	at com.alibaba.cloud.ai.dashscope.chat.DashScopeChatModel.lambda$internalCall$2(DashScopeChatModel.java:183)
	at io.micrometer.observation.Observation.observe(Observation.java:565)
	at com.alibaba.cloud.ai.dashscope.chat.DashScopeChatModel.internalCall(DashScopeChatModel.java:180)
	at com.alibaba.cloud.ai.dashscope.chat.DashScopeChatModel.call(DashScopeChatModel.java:161)
	at org.springframework.ai.chat.client.advisor.ChatModelCallAdvisor.adviseCall(ChatModelCallAdvisor.java:54)
	at org.springframework.ai.chat.client.advisor.DefaultAroundAdvisorChain.lambda$nextCall$1(DefaultAroundAdvisorChain.java:110)
	at io.micrometer.observation.Observation.observe(Observation.java:565)
	at org.springframework.ai.chat.client.advisor.DefaultAroundAdvisorChain.nextCall(DefaultAroundAdvisorChain.java:110)
	at org.springframework.ai.chat.client.DefaultChatClient$DefaultCallResponseSpec.lambda$doGetObservableChatClientResponse$1(DefaultChatClient.java:469)
	at io.micrometer.observation.Observation.observe(Observation.java:565)
	at org.springframework.ai.chat.client.DefaultChatClient$DefaultCallResponseSpec.doGetObservableChatClientResponse(DefaultChatClient.java:467)
	at org.springframework.ai.chat.client.DefaultChatClient$DefaultCallResponseSpec.doGetObservableChatClientResponse(DefaultChatClient.java:446)
	at org.springframework.ai.chat.client.DefaultChatClient$DefaultCallResponseSpec.content(DefaultChatClient.java:441)
	at com.aiservice.aireviewassistant.service.impl.PlanServiceImpl.createPlan(PlanServiceImpl.java:33)
	at com.aiservice.aireviewassistant.service.impl.PlanServiceImpl.createPlanStream(PlanServiceImpl.java:39)
	at java.base/jdk.internal.reflect.DirectMethodHandleAccessor.invoke(DirectMethodHandleAccessor.java:103)
	at java.base/java.lang.reflect.Method.invoke(Method.java:580)
	at org.springframework.aop.support.AopUtils.invokeJoinpointUsingReflection(AopUtils.java:355)
	at org.springframework.aop.framework.CglibAopProxy$DynamicAdvisedInterceptor.intercept(CglibAopProxy.java:716)
	at com.aiservice.aireviewassistant.service.impl.PlanServiceImpl$$SpringCGLIB$$0.createPlanStream(<generated>)
	at com.aiservice.aireviewassistant.agent.tool.PlanTool.stream(PlanTool.java:46)
	at com.aiservice.aireviewassistant.service.impl.ReviewAssistantAgent.chatStream(ReviewAssistantAgent.java:232)
	at com.aiservice.aireviewassistant.controller.AgentController.stream(AgentController.java:43)
	at java.base/jdk.internal.reflect.DirectMethodHandleAccessor.invoke(DirectMethodHandleAccessor.java:103)
	at java.base/java.lang.reflect.Method.invoke(Method.java:580)
	at org.springframework.aop.support.AopUtils.invokeJoinpointUsingReflection(AopUtils.java:355)
	at org.springframework.aop.framework.ReflectiveMethodInvocation.invokeJoinpoint(ReflectiveMethodInvocation.java:196)
	at org.springframework.aop.framework.ReflectiveMethodInvocation.proceed(ReflectiveMethodInvocation.java:163)
	at org.springframework.aop.framework.CglibAopProxy$CglibMethodInvocation.proceed(CglibAopProxy.java:768)
	at org.springframework.validation.beanvalidation.MethodValidationInterceptor.invoke(MethodValidationInterceptor.java:174)
	at org.springframework.aop.framework.ReflectiveMethodInvocation.proceed(ReflectiveMethodInvocation.java:184)
	at org.springframework.aop.framework.CglibAopProxy$CglibMethodInvocation.proceed(CglibAopProxy.java:768)
	at org.springframework.aop.aspectj.MethodInvocationProceedingJoinPoint.proceed(MethodInvocationProceedingJoinPoint.java:89)
	at com.aiservice.aireviewassistant.aspect.RateLimitAspect.around(RateLimitAspect.java:30)
	at java.base/jdk.internal.reflect.DirectMethodHandleAccessor.invoke(DirectMethodHandleAccessor.java:103)
	at java.base/java.lang.reflect.Method.invoke(Method.java:580)
	at org.springframework.aop.aspectj.AbstractAspectJAdvice.invokeAdviceMethodWithGivenArgs(AbstractAspectJAdvice.java:637)
	at org.springframework.aop.aspectj.AbstractAspectJAdvice.invokeAdviceMethod(AbstractAspectJAdvice.java:627)
	at org.springframework.aop.aspectj.AspectJAroundAdvice.invoke(AspectJAroundAdvice.java:71)
	at org.springframework.aop.framework.ReflectiveMethodInvocation.proceed(ReflectiveMethodInvocation.java:173)
	at org.springframework.aop.framework.CglibAopProxy$CglibMethodInvocation.proceed(CglibAopProxy.java:768)
	at org.springframework.aop.interceptor.ExposeInvocationInterceptor.invoke(ExposeInvocationInterceptor.java:97)
	at org.springframework.aop.framework.ReflectiveMethodInvocation.proceed(ReflectiveMethodInvocation.java:184)
	at org.springframework.aop.framework.CglibAopProxy$CglibMethodInvocation.proceed(CglibAopProxy.java:768)
	at org.springframework.aop.framework.CglibAopProxy$DynamicAdvisedInterceptor.intercept(CglibAopProxy.java:720)
	at com.aiservice.aireviewassistant.controller.AgentController$$SpringCGLIB$$0.stream(<generated>)
	at java.base/jdk.internal.reflect.DirectMethodHandleAccessor.invoke(DirectMethodHandleAccessor.java:103)
	at java.base/java.lang.reflect.Method.invoke(Method.java:580)
	at org.springframework.web.method.support.InvocableHandlerMethod.doInvoke(InvocableHandlerMethod.java:255)
	at org.springframework.web.method.support.InvocableHandlerMethod.invokeForRequest(InvocableHandlerMethod.java:188)
	at org.springframework.web.servlet.mvc.method.annotation.ServletInvocableHandlerMethod.invokeAndHandle(ServletInvocableHandlerMethod.java:118)
	at org.springframework.web.servlet.mvc.method.annotation.RequestMappingHandlerAdapter.invokeHandlerMethod(RequestMappingHandlerAdapter.java:926)
	at org.springframework.web.servlet.mvc.method.annotation.RequestMappingHandlerAdapter.handleInternal(RequestMappingHandlerAdapter.java:831)
	at org.springframework.web.servlet.mvc.method.AbstractHandlerMethodAdapter.handle(AbstractHandlerMethodAdapter.java:87)
	at org.springframework.web.servlet.DispatcherServlet.doDispatch(DispatcherServlet.java:1089)
	at org.springframework.web.servlet.DispatcherServlet.doService(DispatcherServlet.java:979)
	at org.springframework.web.servlet.FrameworkServlet.processRequest(FrameworkServlet.java:1014)
	at org.springframework.web.servlet.FrameworkServlet.doGet(FrameworkServlet.java:903)
	at jakarta.servlet.http.HttpServlet.service(HttpServlet.java:564)
	at org.springframework.web.servlet.FrameworkServlet.service(FrameworkServlet.java:885)
	at jakarta.servlet.http.HttpServlet.service(HttpServlet.java:658)
	at org.apache.catalina.core.ApplicationFilterChain.internalDoFilter(ApplicationFilterChain.java:195)
	at org.apache.catalina.core.ApplicationFilterChain.doFilter(ApplicationFilterChain.java:140)
	at org.apache.tomcat.websocket.server.WsFilter.doFilter(WsFilter.java:51)
	at org.apache.catalina.core.ApplicationFilterChain.internalDoFilter(ApplicationFilterChain.java:164)
	at org.apache.catalina.core.ApplicationFilterChain.doFilter(ApplicationFilterChain.java:140)
	at org.springframework.web.filter.CompositeFilter$VirtualFilterChain.doFilter(CompositeFilter.java:108)
	at org.springframework.security.web.FilterChainProxy.lambda$doFilterInternal$3(FilterChainProxy.java:231)
	at org.springframework.security.web.ObservationFilterChainDecorator$FilterObservation$SimpleFilterObservation.lambda$wrap$1(ObservationFilterChainDecorator.java:479)
	at org.springframework.security.web.ObservationFilterChainDecorator$AroundFilterObservation$SimpleAroundFilterObservation.lambda$wrap$1(ObservationFilterChainDecorator.java:340)
	at org.springframework.security.web.ObservationFilterChainDecorator.lambda$wrapSecured$0(ObservationFilterChainDecorator.java:82)
	at org.springframework.security.web.ObservationFilterChainDecorator$VirtualFilterChain.doFilter(ObservationFilterChainDecorator.java:128)
	at org.springframework.security.web.access.intercept.AuthorizationFilter.doFilter(AuthorizationFilter.java:100)
	at org.springframework.security.web.ObservationFilterChainDecorator$ObservationFilter.wrapFilter(ObservationFilterChainDecorator.java:240)
	at org.springframework.security.web.ObservationFilterChainDecorator$ObservationFilter.doFilter(ObservationFilterChainDecorator.java:227)
	at org.springframework.security.web.ObservationFilterChainDecorator$VirtualFilterChain.doFilter(ObservationFilterChainDecorator.java:137)
	at org.springframework.security.web.access.ExceptionTranslationFilter.doFilter(ExceptionTranslationFilter.java:126)
	at org.springframework.security.web.access.ExceptionTranslationFilter.doFilter(ExceptionTranslationFilter.java:120)
	at org.springframework.security.web.ObservationFilterChainDecorator$ObservationFilter.wrapFilter(ObservationFilterChainDecorator.java:240)
	at org.springframework.security.web.ObservationFilterChainDecorator$ObservationFilter.doFilter(ObservationFilterChainDecorator.java:227)
	at org.springframework.security.web.ObservationFilterChainDecorator$VirtualFilterChain.doFilter(ObservationFilterChainDecorator.java:137)
	at org.springframework.security.web.session.SessionManagementFilter.doFilter(SessionManagementFilter.java:131)
	at org.springframework.security.web.session.SessionManagementFilter.doFilter(SessionManagementFilter.java:85)
	at org.springframework.security.web.ObservationFilterChainDecorator$ObservationFilter.wrapFilter(ObservationFilterChainDecorator.java:240)
	at org.springframework.security.web.ObservationFilterChainDecorator$ObservationFilter.doFilter(ObservationFilterChainDecorator.java:227)
	at org.springframework.security.web.ObservationFilterChainDecorator$VirtualFilterChain.doFilter(ObservationFilterChainDecorator.java:137)
	at org.springframework.security.web.authentication.AnonymousAuthenticationFilter.doFilter(AnonymousAuthenticationFilter.java:100)
	at org.springframework.security.web.ObservationFilterChainDecorator$ObservationFilter.wrapFilter(ObservationFilterChainDecorator.java:240)
	at org.springframework.security.web.ObservationFilterChainDecorator$ObservationFilter.doFilter(ObservationFilterChainDecorator.java:227)
	at org.springframework.security.web.ObservationFilterChainDecorator$VirtualFilterChain.doFilter(ObservationFilterChainDecorator.java:137)
	at org.springframework.security.web.servletapi.SecurityContextHolderAwareRequestFilter.doFilter(SecurityContextHolderAwareRequestFilter.java:179)
	at org.springframework.security.web.ObservationFilterChainDecorator$ObservationFilter.wrapFilter(ObservationFilterChainDecorator.java:240)
	at org.springframework.security.web.ObservationFilterChainDecorator$ObservationFilter.doFilter(ObservationFilterChainDecorator.java:227)
	at org.springframework.security.web.ObservationFilterChainDecorator$VirtualFilterChain.doFilter(ObservationFilterChainDecorator.java:137)
	at org.springframework.security.web.savedrequest.RequestCacheAwareFilter.doFilter(RequestCacheAwareFilter.java:63)
	at org.springframework.security.web.ObservationFilterChainDecorator$ObservationFilter.wrapFilter(ObservationFilterChainDecorator.java:240)
	at org.springframework.security.web.ObservationFilterChainDecorator$ObservationFilter.doFilter(ObservationFilterChainDecorator.java:227)
	at org.springframework.security.web.ObservationFilterChainDecorator$VirtualFilterChain.doFilter(ObservationFilterChainDecorator.java:137)
	at com.aiservice.aireviewassistant.security.JwtAuthenticationFilter.doFilterInternal(JwtAuthenticationFilter.java:54)
	at org.springframework.web.filter.OncePerRequestFilter.doFilter(OncePerRequestFilter.java:116)
	at org.springframework.security.web.ObservationFilterChainDecorator$ObservationFilter.wrapFilter(ObservationFilterChainDecorator.java:240)
	at org.springframework.security.web.ObservationFilterChainDecorator$ObservationFilter.doFilter(ObservationFilterChainDecorator.java:227)
	at org.springframework.security.web.ObservationFilterChainDecorator$VirtualFilterChain.doFilter(ObservationFilterChainDecorator.java:137)
	at org.springframework.security.web.authentication.logout.LogoutFilter.doFilter(LogoutFilter.java:107)
	at org.springframework.security.web.authentication.logout.LogoutFilter.doFilter(LogoutFilter.java:93)
	at org.springframework.security.web.ObservationFilterChainDecorator$ObservationFilter.wrapFilter(ObservationFilterChainDecorator.java:240)
	at org.springframework.security.web.ObservationFilterChainDecorator$ObservationFilter.doFilter(ObservationFilterChainDecorator.java:227)
	at org.springframework.security.web.ObservationFilterChainDecorator$VirtualFilterChain.doFilter(ObservationFilterChainDecorator.java:137)
	at org.springframework.security.web.header.HeaderWriterFilter.doHeadersAfter(HeaderWriterFilter.java:90)
	at org.springframework.security.web.header.HeaderWriterFilter.doFilterInternal(HeaderWriterFilter.java:75)
	at org.springframework.web.filter.OncePerRequestFilter.doFilter(OncePerRequestFilter.java:116)
	at org.springframework.security.web.ObservationFilterChainDecorator$ObservationFilter.wrapFilter(ObservationFilterChainDecorator.java:240)
	at org.springframework.security.web.ObservationFilterChainDecorator$ObservationFilter.doFilter(ObservationFilterChainDecorator.java:227)
	at org.springframework.security.web.ObservationFilterChainDecorator$VirtualFilterChain.doFilter(ObservationFilterChainDecorator.java:137)
	at org.springframework.security.web.context.SecurityContextHolderFilter.doFilter(SecurityContextHolderFilter.java:82)
	at org.springframework.security.web.context.SecurityContextHolderFilter.doFilter(SecurityContextHolderFilter.java:69)
	at org.springframework.security.web.ObservationFilterChainDecorator$ObservationFilter.wrapFilter(ObservationFilterChainDecorator.java:240)
	at org.springframework.security.web.ObservationFilterChainDecorator$ObservationFilter.doFilter(ObservationFilterChainDecorator.java:227)
	at org.springframework.security.web.ObservationFilterChainDecorator$VirtualFilterChain.doFilter(ObservationFilterChainDecorator.java:137)
	at org.springframework.security.web.context.request.async.WebAsyncManagerIntegrationFilter.doFilterInternal(WebAsyncManagerIntegrationFilter.java:62)
	at org.springframework.web.filter.OncePerRequestFilter.doFilter(OncePerRequestFilter.java:116)
	at org.springframework.security.web.ObservationFilterChainDecorator$ObservationFilter.wrapFilter(ObservationFilterChainDecorator.java:240)
	at org.springframework.security.web.ObservationFilterChainDecorator$ObservationFilter.doFilter(ObservationFilterChainDecorator.java:227)
	at org.springframework.security.web.ObservationFilterChainDecorator$VirtualFilterChain.doFilter(ObservationFilterChainDecorator.java:137)
	at org.springframework.security.web.session.DisableEncodeUrlFilter.doFilterInternal(DisableEncodeUrlFilter.java:42)
	at org.springframework.web.filter.OncePerRequestFilter.doFilter(OncePerRequestFilter.java:116)
	at org.springframework.security.web.ObservationFilterChainDecorator$ObservationFilter.wrapFilter(ObservationFilterChainDecorator.java:240)
	at org.springframework.security.web.ObservationFilterChainDecorator$AroundFilterObservation$SimpleAroundFilterObservation.lambda$wrap$0(ObservationFilterChainDecorator.java:323)
	at org.springframework.security.web.ObservationFilterChainDecorator$ObservationFilter.doFilter(ObservationFilterChainDecorator.java:224)
	at org.springframework.security.web.ObservationFilterChainDecorator$VirtualFilterChain.doFilter(ObservationFilterChainDecorator.java:137)
	at org.springframework.security.web.FilterChainProxy.doFilterInternal(FilterChainProxy.java:233)
	at org.springframework.security.web.FilterChainProxy.doFilter(FilterChainProxy.java:191)
	at org.springframework.web.filter.CompositeFilter$VirtualFilterChain.doFilter(CompositeFilter.java:113)
	at org.springframework.web.servlet.handler.HandlerMappingIntrospector.lambda$createCacheFilter$3(HandlerMappingIntrospector.java:195)
	at org.springframework.web.filter.CompositeFilter$VirtualFilterChain.doFilter(CompositeFilter.java:113)
	at org.springframework.web.filter.CompositeFilter.doFilter(CompositeFilter.java:74)
	at org.springframework.security.config.annotation.web.configuration.WebMvcSecurityConfiguration$CompositeFilterChainProxy.doFilter(WebMvcSecurityConfiguration.java:230)
	at org.springframework.web.filter.DelegatingFilterProxy.invokeDelegate(DelegatingFilterProxy.java:352)
	at org.springframework.web.filter.DelegatingFilterProxy.doFilter(DelegatingFilterProxy.java:268)
	at org.apache.catalina.core.ApplicationFilterChain.internalDoFilter(ApplicationFilterChain.java:164)
	at org.apache.catalina.core.ApplicationFilterChain.doFilter(ApplicationFilterChain.java:140)
	at org.springframework.web.filter.RequestContextFilter.doFilterInternal(RequestContextFilter.java:100)
	at org.springframework.web.filter.OncePerRequestFilter.doFilter(OncePerRequestFilter.java:116)
	at org.apache.catalina.core.ApplicationFilterChain.internalDoFilter(ApplicationFilterChain.java:164)
	at org.apache.catalina.core.ApplicationFilterChain.doFilter(ApplicationFilterChain.java:140)
	at org.springframework.web.filter.FormContentFilter.doFilterInternal(FormContentFilter.java:93)
	at org.springframework.web.filter.OncePerRequestFilter.doFilter(OncePerRequestFilter.java:116)
	at org.apache.catalina.core.ApplicationFilterChain.internalDoFilter(ApplicationFilterChain.java:164)
	at org.apache.catalina.core.ApplicationFilterChain.doFilter(ApplicationFilterChain.java:140)
	at org.springframework.web.filter.ServerHttpObservationFilter.doFilterInternal(ServerHttpObservationFilter.java:113)
	at org.springframework.web.filter.OncePerRequestFilter.doFilter(OncePerRequestFilter.java:116)
	at org.apache.catalina.core.ApplicationFilterChain.internalDoFilter(ApplicationFilterChain.java:164)
	at org.apache.catalina.core.ApplicationFilterChain.doFilter(ApplicationFilterChain.java:140)
	at org.springframework.web.filter.CharacterEncodingFilter.doFilterInternal(CharacterEncodingFilter.java:201)
	at org.springframework.web.filter.OncePerRequestFilter.doFilter(OncePerRequestFilter.java:116)
	at org.apache.catalina.core.ApplicationFilterChain.internalDoFilter(ApplicationFilterChain.java:164)
	at org.apache.catalina.core.ApplicationFilterChain.doFilter(ApplicationFilterChain.java:140)
	at org.apache.catalina.core.StandardWrapperValve.invoke(StandardWrapperValve.java:167)
	at org.apache.catalina.core.StandardContextValve.invoke(StandardContextValve.java:90)
	at org.apache.catalina.authenticator.AuthenticatorBase.invoke(AuthenticatorBase.java:483)
	at org.apache.catalina.core.StandardHostValve.invoke(StandardHostValve.java:115)
	at org.apache.catalina.valves.ErrorReportValve.invoke(ErrorReportValve.java:93)
	at org.apache.catalina.core.StandardEngineValve.invoke(StandardEngineValve.java:74)
	at org.apache.catalina.connector.CoyoteAdapter.service(CoyoteAdapter.java:344)
	at org.apache.coyote.http11.Http11Processor.service(Http11Processor.java:384)
	at org.apache.coyote.AbstractProcessorLight.process(AbstractProcessorLight.java:63)
	at org.apache.coyote.AbstractProtocol$ConnectionHandler.process(AbstractProtocol.java:905)
	at org.apache.tomcat.util.net.NioEndpoint$SocketProcessor.doRun(NioEndpoint.java:1741)
	at org.apache.tomcat.util.net.SocketProcessorBase.run(SocketProcessorBase.java:52)
	at org.apache.tomcat.util.threads.ThreadPoolExecutor.runWorker(ThreadPoolExecutor.java:1190)
	at org.apache.tomcat.util.threads.ThreadPoolExecutor$Worker.run(ThreadPoolExecutor.java:659)
	at org.apache.tomcat.util.threads.TaskThread$WrappingRunnable.run(TaskThread.java:63)
	at java.base/java.lang.Thread.run(Thread.java:1570)
Caused by: java.net.SocketTimeoutException: Read timed out
	at java.base/jdk.internal.reflect.DirectConstructorHandleAccessor.newInstance(DirectConstructorHandleAccessor.java:62)
	at java.base/java.lang.reflect.Constructor.newInstanceWithCaller(Constructor.java:502)
	at java.base/java.lang.reflect.Constructor.newInstance(Constructor.java:486)
	at java.base/sun.net.www.protocol.http.HttpURLConnection$10.run(HttpURLConnection.java:2071)
	at java.base/sun.net.www.protocol.http.HttpURLConnection$10.run(HttpURLConnection.java:2066)
	at java.base/java.security.AccessController.doPrivileged(AccessController.java:571)
	at java.base/sun.net.www.protocol.http.HttpURLConnection.getChainedException(HttpURLConnection.java:2065)
	at java.base/sun.net.www.protocol.http.HttpURLConnection.getInputStream0(HttpURLConnection.java:1635)
	at java.base/sun.net.www.protocol.http.HttpURLConnection.getInputStream(HttpURLConnection.java:1615)
	at java.base/java.net.HttpURLConnection.getResponseCode(HttpURLConnection.java:531)
	at java.base/sun.net.www.protocol.https.HttpsURLConnectionImpl.getResponseCode(HttpsURLConnectionImpl.java:307)
	at org.springframework.http.client.SimpleClientHttpResponse.getStatusCode(SimpleClientHttpResponse.java:55)
	at org.springframework.ai.retry.autoconfigure.SpringAiRetryAutoConfiguration$2.hasError(SpringAiRetryAutoConfiguration.java:86)
	at org.springframework.web.client.StatusHandler.test(StatusHandler.java:142)
	at org.springframework.web.client.DefaultRestClient$DefaultResponseSpec.applyStatusHandlers(DefaultRestClient.java:706)
	at org.springframework.web.client.DefaultRestClient.readWithMessageConverters(DefaultRestClient.java:200)
	... 180 common frames omitted
Caused by: java.net.SocketTimeoutException: Read timed out
	at java.base/sun.nio.ch.NioSocketImpl.timedRead(NioSocketImpl.java:278)
	at java.base/sun.nio.ch.NioSocketImpl.implRead(NioSocketImpl.java:304)
	at java.base/sun.nio.ch.NioSocketImpl.read(NioSocketImpl.java:346)
	at java.base/sun.nio.ch.NioSocketImpl$1.read(NioSocketImpl.java:796)
	at java.base/java.net.Socket$SocketInputStream.implRead(Socket.java:1108)
	at java.base/java.net.Socket$SocketInputStream.read(Socket.java:1095)
	at java.base/sun.security.ssl.SSLSocketInputRecord.read(SSLSocketInputRecord.java:489)
	at java.base/sun.security.ssl.SSLSocketInputRecord.readHeader(SSLSocketInputRecord.java:483)
	at java.base/sun.security.ssl.SSLSocketInputRecord.bytesInCompletePacket(SSLSocketInputRecord.java:70)
	at java.base/sun.security.ssl.SSLSocketImpl.readApplicationRecord(SSLSocketImpl.java:1462)
	at java.base/sun.security.ssl.SSLSocketImpl$AppInputStream.read(SSLSocketImpl.java:1068)
	at java.base/java.io.BufferedInputStream.fill(BufferedInputStream.java:291)
	at java.base/java.io.BufferedInputStream.read1(BufferedInputStream.java:347)
	at java.base/java.io.BufferedInputStream.implRead(BufferedInputStream.java:420)
	at java.base/java.io.BufferedInputStream.read(BufferedInputStream.java:399)
	at java.base/sun.net.www.http.HttpClient.parseHTTPHeader(HttpClient.java:827)
	at java.base/sun.net.www.http.HttpClient.parseHTTP(HttpClient.java:759)
	at java.base/sun.net.www.protocol.http.HttpURLConnection.getInputStream0(HttpURLConnection.java:1706)
	at java.base/sun.net.www.protocol.http.HttpURLConnection.getInputStream(HttpURLConnection.java:1615)
	at java.base/sun.net.www.protocol.http.HttpURLConnection.getHeaderFieldKey(HttpURLConnection.java:3304)
	at java.base/sun.net.www.protocol.https.HttpsURLConnectionImpl.getHeaderFieldKey(HttpsURLConnectionImpl.java:276)
	at org.springframework.http.client.SimpleClientHttpResponse.getHeaders(SimpleClientHttpResponse.java:69)
	at org.springframework.web.client.DefaultRestClient$DefaultConvertibleClientHttpResponse.getHeaders(DefaultRestClient.java:764)
	at org.springframework.web.client.DefaultRestClient.getContentType(DefaultRestClient.java:255)
	at org.springframework.web.client.DefaultRestClient.readWithMessageConverters(DefaultRestClient.java:197)
	... 180 common frames omitted
2026-08-29 18:40:29.927 [SpringApplicationShutdownHook] INFO  com.zaxxer.hikari.HikariDataSource - HikariPool-1 - Shutdown initiated...
2026-08-29 18:40:29.930 [SpringApplicationShutdownHook] INFO  com.zaxxer.hikari.HikariDataSource - HikariPool-1 - Shutdown completed.
2026-08-29 18:40:39.636 [background-preinit] INFO  o.h.validator.internal.util.Version - HV000001: Hibernate Validator 8.0.1.Final
2026-08-29 18:40:39.699 [main] INFO  c.a.a.AiReviewAssistantApplication - Starting AiReviewAssistantApplication v0.0.1-SNAPSHOT using Java 22.0.1 with PID 58383 (/Users/h3rtz/Desktop/ai-review-assistant/target/ai-review-assistant-0.0.1-SNAPSHOT.jar started by h3rtz in /Users/h3rtz/Desktop/ai-review-assistant)
2026-08-29 18:40:39.699 [main] DEBUG c.a.a.AiReviewAssistantApplication - Running with Spring Boot v3.2.10, Spring v6.1.13
2026-08-29 18:40:39.699 [main] INFO  c.a.a.AiReviewAssistantApplication - No active profile set, falling back to 1 default profile: "default"
2026-08-29 18:40:41.318 [main] INFO  o.s.b.w.e.tomcat.TomcatWebServer - Tomcat initialized with port 8080 (http)
2026-08-29 18:40:41.326 [main] INFO  o.a.coyote.http11.Http11NioProtocol - Initializing ProtocolHandler ["http-nio-8080"]
2026-08-29 18:40:41.328 [main] INFO  o.a.catalina.core.StandardService - Starting service [Tomcat]
2026-08-29 18:40:41.328 [main] INFO  o.a.catalina.core.StandardEngine - Starting Servlet engine: [Apache Tomcat/10.1.30]
2026-08-29 18:40:41.350 [main] INFO  o.a.c.c.C.[Tomcat].[localhost].[/] - Initializing Spring embedded WebApplicationContext
2026-08-29 18:40:41.350 [main] INFO  o.s.b.w.s.c.ServletWebServerApplicationContext - Root WebApplicationContext: initialization completed in 1622 ms
2026-08-29 18:40:41.891 [main] INFO  o.s.a.v.pgvector.PgVectorStore - Using the vector table name: vector_store. Is empty: false
2026-08-29 18:40:41.894 [main] INFO  o.s.a.v.pgvector.PgVectorStore - Initializing PGVectorStore schema for table: vector_store in schema: public
2026-08-29 18:40:41.894 [main] INFO  o.s.a.v.pgvector.PgVectorStore - vectorTableValidationsEnabled false
2026-08-29 18:40:41.897 [main] INFO  com.zaxxer.hikari.HikariDataSource - HikariPool-1 - Starting...
2026-08-29 18:40:42.041 [main] INFO  com.zaxxer.hikari.pool.HikariPool - HikariPool-1 - Added connection org.postgresql.jdbc.PgConnection@59707ffd
2026-08-29 18:40:42.042 [main] INFO  com.zaxxer.hikari.HikariDataSource - HikariPool-1 - Start completed.
2026-08-29 18:40:42.719 [main] WARN  o.s.b.a.s.s.UserDetailsServiceAutoConfiguration - 

Using generated security password: ef601246-2be4-411d-a2df-8a4a00db4eb2

This generated password is for development use only. Your security configuration must be updated before running your application in production.

2026-08-29 18:40:42.788 [main] INFO  o.s.b.a.w.s.WelcomePageHandlerMapping - Adding welcome page: class path resource [static/index.html]
2026-08-29 18:40:42.972 [main] INFO  o.s.b.a.e.web.EndpointLinksResolver - Exposing 4 endpoint(s) beneath base path '/actuator'
2026-08-29 18:40:43.027 [main] INFO  o.s.s.web.DefaultSecurityFilterChain - Will secure any request with [org.springframework.security.web.session.DisableEncodeUrlFilter@25e45d8, org.springframework.security.web.context.request.async.WebAsyncManagerIntegrationFilter@42069ac7, org.springframework.security.web.context.SecurityContextHolderFilter@7f3eeec2, org.springframework.security.web.header.HeaderWriterFilter@66437013, org.springframework.security.web.authentication.logout.LogoutFilter@19440b78, com.aiservice.aireviewassistant.security.JwtAuthenticationFilter@1036e813, org.springframework.security.web.savedrequest.RequestCacheAwareFilter@718f8280, org.springframework.security.web.servletapi.SecurityContextHolderAwareRequestFilter@6203580c, org.springframework.security.web.authentication.AnonymousAuthenticationFilter@357a40a0, org.springframework.security.web.session.SessionManagementFilter@3f5d1b00, org.springframework.security.web.access.ExceptionTranslationFilter@4576f822, org.springframework.security.web.access.intercept.AuthorizationFilter@66faccdc]
2026-08-29 18:40:43.803 [main] ERROR i.n.r.d.DnsServerAddressStreamProviders - Unable to load io.netty.resolver.dns.macos.MacOSDnsServerAddressStreamProvider, fallback to system defaults. This may result in incorrect DNS resolutions on MacOS. Check whether you have a dependency on 'io.netty:netty-resolver-dns-native-macos'. Use DEBUG level to see the full stack: java.lang.UnsatisfiedLinkError: failed to load the required native library
2026-08-29 18:40:43.812 [main] INFO  o.a.coyote.http11.Http11NioProtocol - Starting ProtocolHandler ["http-nio-8080"]
2026-08-29 18:40:43.818 [main] INFO  o.s.b.w.e.tomcat.TomcatWebServer - Tomcat started on port 8080 (http) with context path ''
2026-08-29 18:40:43.836 [main] INFO  c.a.a.AiReviewAssistantApplication - Started AiReviewAssistantApplication in 4.511 seconds (process running for 4.809)
2026-08-29 18:40:44.162 [http-nio-8080-exec-1] INFO  o.a.c.c.C.[Tomcat].[localhost].[/] - Initializing Spring DispatcherServlet 'dispatcherServlet'
2026-08-29 18:40:44.162 [http-nio-8080-exec-1] INFO  o.s.web.servlet.DispatcherServlet - Initializing Servlet 'dispatcherServlet'
2026-08-29 18:40:44.163 [http-nio-8080-exec-1] INFO  o.s.web.servlet.DispatcherServlet - Completed initialization in 1 ms
2026-08-29 18:42:05.037 [http-nio-8080-exec-3] DEBUG c.a.a.m.C.selectList - ==>  Preparing: SELECT id,title,user_id,course_id,created_at,updated_at FROM conversation WHERE (user_id = ?) ORDER BY updated_at DESC
2026-08-29 18:42:05.045 [http-nio-8080-exec-3] DEBUG c.a.a.m.C.selectList - ==> Parameters: 1(String)
2026-08-29 18:42:05.059 [http-nio-8080-exec-3] DEBUG c.a.a.m.C.selectList - <==      Total: 1
2026-08-29 18:42:08.191 [http-nio-8080-exec-6] DEBUG c.a.a.m.C.selectList - ==>  Preparing: SELECT id,title,user_id,course_id,created_at,updated_at FROM conversation WHERE (user_id = ?) ORDER BY updated_at DESC
2026-08-29 18:42:08.191 [http-nio-8080-exec-6] DEBUG c.a.a.m.C.selectList - ==> Parameters: 1(String)
2026-08-29 18:42:08.194 [http-nio-8080-exec-6] DEBUG c.a.a.m.C.selectList - <==      Total: 1
2026-08-29 18:46:14.672 [SpringApplicationShutdownHook] INFO  com.zaxxer.hikari.HikariDataSource - HikariPool-1 - Shutdown initiated...
2026-08-29 18:46:14.678 [SpringApplicationShutdownHook] INFO  com.zaxxer.hikari.HikariDataSource - HikariPool-1 - Shutdown completed.
2026-08-29 18:46:23.130 [background-preinit] INFO  o.h.validator.internal.util.Version - HV000001: Hibernate Validator 8.0.1.Final
2026-08-29 18:46:23.196 [main] INFO  c.a.a.AiReviewAssistantApplication - Starting AiReviewAssistantApplication v0.0.1-SNAPSHOT using Java 22.0.1 with PID 60260 (/Users/h3rtz/Desktop/ai-review-assistant/target/ai-review-assistant-0.0.1-SNAPSHOT.jar started by h3rtz in /Users/h3rtz/Desktop/ai-review-assistant)
2026-08-29 18:46:23.196 [main] DEBUG c.a.a.AiReviewAssistantApplication - Running with Spring Boot v3.2.10, Spring v6.1.13
2026-08-29 18:46:23.196 [main] INFO  c.a.a.AiReviewAssistantApplication - No active profile set, falling back to 1 default profile: "default"
2026-08-29 18:46:24.735 [main] INFO  o.s.b.w.e.tomcat.TomcatWebServer - Tomcat initialized with port 8080 (http)
2026-08-29 18:46:24.741 [main] INFO  o.a.coyote.http11.Http11NioProtocol - Initializing ProtocolHandler ["http-nio-8080"]
2026-08-29 18:46:24.743 [main] INFO  o.a.catalina.core.StandardService - Starting service [Tomcat]
2026-08-29 18:46:24.744 [main] INFO  o.a.catalina.core.StandardEngine - Starting Servlet engine: [Apache Tomcat/10.1.30]
2026-08-29 18:46:24.761 [main] INFO  o.a.c.c.C.[Tomcat].[localhost].[/] - Initializing Spring embedded WebApplicationContext
2026-08-29 18:46:24.762 [main] INFO  o.s.b.w.s.c.ServletWebServerApplicationContext - Root WebApplicationContext: initialization completed in 1526 ms
2026-08-29 18:46:25.267 [main] INFO  o.s.a.v.pgvector.PgVectorStore - Using the vector table name: vector_store. Is empty: false
2026-08-29 18:46:25.269 [main] INFO  o.s.a.v.pgvector.PgVectorStore - Initializing PGVectorStore schema for table: vector_store in schema: public
2026-08-29 18:46:25.270 [main] INFO  o.s.a.v.pgvector.PgVectorStore - vectorTableValidationsEnabled false
2026-08-29 18:46:25.273 [main] INFO  com.zaxxer.hikari.HikariDataSource - HikariPool-1 - Starting...
2026-08-29 18:46:25.399 [main] INFO  com.zaxxer.hikari.pool.HikariPool - HikariPool-1 - Added connection org.postgresql.jdbc.PgConnection@1c88d43e
2026-08-29 18:46:25.400 [main] INFO  com.zaxxer.hikari.HikariDataSource - HikariPool-1 - Start completed.
2026-08-29 18:46:26.158 [main] WARN  o.s.b.a.s.s.UserDetailsServiceAutoConfiguration - 

Using generated security password: 4f99ee16-de84-489a-bee1-655e9dddd714

This generated password is for development use only. Your security configuration must be updated before running your application in production.

2026-08-29 18:46:26.244 [main] INFO  o.s.b.a.w.s.WelcomePageHandlerMapping - Adding welcome page: class path resource [static/index.html]
2026-08-29 18:46:26.418 [main] INFO  o.s.b.a.e.web.EndpointLinksResolver - Exposing 4 endpoint(s) beneath base path '/actuator'
2026-08-29 18:46:26.470 [main] INFO  o.s.s.web.DefaultSecurityFilterChain - Will secure any request with [org.springframework.security.web.session.DisableEncodeUrlFilter@2ff18289, org.springframework.security.web.context.request.async.WebAsyncManagerIntegrationFilter@7d2554da, org.springframework.security.web.context.SecurityContextHolderFilter@7a9a0bef, org.springframework.security.web.header.HeaderWriterFilter@4576f822, org.springframework.security.web.authentication.logout.LogoutFilter@35c8f5e, com.aiservice.aireviewassistant.security.JwtAuthenticationFilter@66faccdc, org.springframework.security.web.savedrequest.RequestCacheAwareFilter@14f0ca83, org.springframework.security.web.servletapi.SecurityContextHolderAwareRequestFilter@5d95f9b0, org.springframework.security.web.authentication.AnonymousAuthenticationFilter@4660df13, org.springframework.security.web.session.SessionManagementFilter@6f7efeaa, org.springframework.security.web.access.ExceptionTranslationFilter@4e39e85a, org.springframework.security.web.access.intercept.AuthorizationFilter@7dbdc18f]
2026-08-29 18:46:27.156 [main] ERROR i.n.r.d.DnsServerAddressStreamProviders - Unable to load io.netty.resolver.dns.macos.MacOSDnsServerAddressStreamProvider, fallback to system defaults. This may result in incorrect DNS resolutions on MacOS. Check whether you have a dependency on 'io.netty:netty-resolver-dns-native-macos'. Use DEBUG level to see the full stack: java.lang.UnsatisfiedLinkError: failed to load the required native library
2026-08-29 18:46:27.162 [main] INFO  o.a.coyote.http11.Http11NioProtocol - Starting ProtocolHandler ["http-nio-8080"]
2026-08-29 18:46:27.168 [main] INFO  o.s.b.w.e.tomcat.TomcatWebServer - Tomcat started on port 8080 (http) with context path ''
2026-08-29 18:46:27.189 [main] INFO  c.a.a.AiReviewAssistantApplication - Started AiReviewAssistantApplication in 4.368 seconds (process running for 4.66)
2026-08-29 18:46:27.660 [http-nio-8080-exec-1] INFO  o.a.c.c.C.[Tomcat].[localhost].[/] - Initializing Spring DispatcherServlet 'dispatcherServlet'
2026-08-29 18:46:27.661 [http-nio-8080-exec-1] INFO  o.s.web.servlet.DispatcherServlet - Initializing Servlet 'dispatcherServlet'
2026-08-29 18:46:27.662 [http-nio-8080-exec-1] INFO  o.s.web.servlet.DispatcherServlet - Completed initialization in 0 ms
2026-08-29 19:07:56.626 [SpringApplicationShutdownHook] INFO  com.zaxxer.hikari.HikariDataSource - HikariPool-1 - Shutdown initiated...
2026-08-29 19:07:56.630 [SpringApplicationShutdownHook] INFO  com.zaxxer.hikari.HikariDataSource - HikariPool-1 - Shutdown completed.
2026-08-29 19:08:05.481 [background-preinit] INFO  o.h.validator.internal.util.Version - HV000001: Hibernate Validator 8.0.1.Final
2026-08-29 19:08:05.551 [main] INFO  c.a.a.AiReviewAssistantApplication - Starting AiReviewAssistantApplication v0.0.1-SNAPSHOT using Java 22.0.1 with PID 65948 (/Users/h3rtz/Desktop/ai-review-assistant/target/ai-review-assistant-0.0.1-SNAPSHOT.jar started by h3rtz in /Users/h3rtz/Desktop/ai-review-assistant)
2026-08-29 19:08:05.551 [main] DEBUG c.a.a.AiReviewAssistantApplication - Running with Spring Boot v3.2.10, Spring v6.1.13
2026-08-29 19:08:05.551 [main] INFO  c.a.a.AiReviewAssistantApplication - No active profile set, falling back to 1 default profile: "default"
2026-08-29 19:08:07.143 [main] INFO  o.s.b.w.e.tomcat.TomcatWebServer - Tomcat initialized with port 8080 (http)
2026-08-29 19:08:07.150 [main] INFO  o.a.coyote.http11.Http11NioProtocol - Initializing ProtocolHandler ["http-nio-8080"]
2026-08-29 19:08:07.152 [main] INFO  o.a.catalina.core.StandardService - Starting service [Tomcat]
2026-08-29 19:08:07.152 [main] INFO  o.a.catalina.core.StandardEngine - Starting Servlet engine: [Apache Tomcat/10.1.30]
2026-08-29 19:08:07.171 [main] INFO  o.a.c.c.C.[Tomcat].[localhost].[/] - Initializing Spring embedded WebApplicationContext
2026-08-29 19:08:07.172 [main] INFO  o.s.b.w.s.c.ServletWebServerApplicationContext - Root WebApplicationContext: initialization completed in 1587 ms
2026-08-29 19:08:07.697 [main] INFO  o.s.a.v.pgvector.PgVectorStore - Using the vector table name: vector_store. Is empty: false
2026-08-29 19:08:07.699 [main] INFO  o.s.a.v.pgvector.PgVectorStore - Initializing PGVectorStore schema for table: vector_store in schema: public
2026-08-29 19:08:07.700 [main] INFO  o.s.a.v.pgvector.PgVectorStore - vectorTableValidationsEnabled false
2026-08-29 19:08:07.702 [main] INFO  com.zaxxer.hikari.HikariDataSource - HikariPool-1 - Starting...
2026-08-29 19:08:07.859 [main] INFO  com.zaxxer.hikari.pool.HikariPool - HikariPool-1 - Added connection org.postgresql.jdbc.PgConnection@1c88d43e
2026-08-29 19:08:07.861 [main] INFO  com.zaxxer.hikari.HikariDataSource - HikariPool-1 - Start completed.
2026-08-29 19:08:08.524 [main] WARN  o.s.b.a.s.s.UserDetailsServiceAutoConfiguration - 

Using generated security password: d2a73793-5b47-4e44-984c-7f949fb2aeab

This generated password is for development use only. Your security configuration must be updated before running your application in production.

2026-08-29 19:08:08.597 [main] INFO  o.s.b.a.w.s.WelcomePageHandlerMapping - Adding welcome page: class path resource [static/index.html]
2026-08-29 19:08:08.767 [main] INFO  o.s.b.a.e.web.EndpointLinksResolver - Exposing 4 endpoint(s) beneath base path '/actuator'
2026-08-29 19:08:08.824 [main] INFO  o.s.s.web.DefaultSecurityFilterChain - Will secure any request with [org.springframework.security.web.session.DisableEncodeUrlFilter@3aad1578, org.springframework.security.web.context.request.async.WebAsyncManagerIntegrationFilter@651fcb61, org.springframework.security.web.context.SecurityContextHolderFilter@192b9521, org.springframework.security.web.header.HeaderWriterFilter@45d619c2, org.springframework.security.web.authentication.logout.LogoutFilter@7622c1de, com.aiservice.aireviewassistant.security.JwtAuthenticationFilter@3c538d35, org.springframework.security.web.savedrequest.RequestCacheAwareFilter@3f5d1b00, org.springframework.security.web.servletapi.SecurityContextHolderAwareRequestFilter@1e855278, org.springframework.security.web.authentication.AnonymousAuthenticationFilter@2ff18289, org.springframework.security.web.session.SessionManagementFilter@110c7c13, org.springframework.security.web.access.ExceptionTranslationFilter@51ce1872, org.springframework.security.web.access.intercept.AuthorizationFilter@4cb17cdc]
2026-08-29 19:08:09.506 [main] ERROR i.n.r.d.DnsServerAddressStreamProviders - Unable to load io.netty.resolver.dns.macos.MacOSDnsServerAddressStreamProvider, fallback to system defaults. This may result in incorrect DNS resolutions on MacOS. Check whether you have a dependency on 'io.netty:netty-resolver-dns-native-macos'. Use DEBUG level to see the full stack: java.lang.UnsatisfiedLinkError: failed to load the required native library
2026-08-29 19:08:09.513 [main] INFO  o.a.coyote.http11.Http11NioProtocol - Starting ProtocolHandler ["http-nio-8080"]
2026-08-29 19:08:09.518 [main] INFO  o.s.b.w.e.tomcat.TomcatWebServer - Tomcat started on port 8080 (http) with context path ''
2026-08-29 19:08:09.539 [main] INFO  c.a.a.AiReviewAssistantApplication - Started AiReviewAssistantApplication in 4.371 seconds (process running for 4.66)
2026-08-29 19:08:10.022 [http-nio-8080-exec-1] INFO  o.a.c.c.C.[Tomcat].[localhost].[/] - Initializing Spring DispatcherServlet 'dispatcherServlet'
2026-08-29 19:08:10.022 [http-nio-8080-exec-1] INFO  o.s.web.servlet.DispatcherServlet - Initializing Servlet 'dispatcherServlet'
2026-08-29 19:08:10.023 [http-nio-8080-exec-1] INFO  o.s.web.servlet.DispatcherServlet - Completed initialization in 1 ms
2026-08-29 19:09:37.706 [HikariPool-1 housekeeper] WARN  com.zaxxer.hikari.pool.HikariPool - HikariPool-1 - Retrograde clock change detected (housekeeper delta=29s729ms), soft-evicting connections from pool.
2026-08-29 19:09:45.318 [http-nio-8080-exec-4] DEBUG c.a.a.m.C.selectList - ==>  Preparing: SELECT id,title,user_id,course_id,created_at,updated_at FROM conversation ORDER BY updated_at DESC
2026-08-29 19:09:45.329 [http-nio-8080-exec-4] DEBUG c.a.a.m.C.selectList - ==> Parameters: 
2026-08-29 19:09:45.350 [http-nio-8080-exec-4] DEBUG c.a.a.m.C.selectList - <==      Total: 13
2026-08-29 19:09:47.001 [http-nio-8080-exec-6] DEBUG c.a.a.m.C.selectList - ==>  Preparing: SELECT id,title,user_id,course_id,created_at,updated_at FROM conversation ORDER BY updated_at DESC
2026-08-29 19:09:47.002 [http-nio-8080-exec-6] DEBUG c.a.a.m.C.selectList - ==> Parameters: 
2026-08-29 19:09:47.004 [http-nio-8080-exec-6] DEBUG c.a.a.m.C.selectList - <==      Total: 13
2026-08-29 19:09:58.235 [http-nio-8080-exec-2] DEBUG c.a.a.m.C.selectList - ==>  Preparing: SELECT id,title,user_id,course_id,created_at,updated_at FROM conversation ORDER BY updated_at DESC
2026-08-29 19:09:58.236 [http-nio-8080-exec-2] DEBUG c.a.a.m.C.selectList - ==> Parameters: 
2026-08-29 19:09:58.239 [http-nio-8080-exec-2] DEBUG c.a.a.m.C.selectList - <==      Total: 10
2026-08-29 19:10:02.469 [http-nio-8080-exec-5] DEBUG c.a.a.m.AppUserMapper.selectList - ==>  Preparing: SELECT id,username,password,nickname,avatar,role,created_at,updated_at FROM app_user WHERE (username = ?)
2026-08-29 19:10:02.470 [http-nio-8080-exec-5] DEBUG c.a.a.m.AppUserMapper.selectList - ==> Parameters: mipa(String)
2026-08-29 19:10:02.473 [http-nio-8080-exec-5] DEBUG c.a.a.m.AppUserMapper.selectList - <==      Total: 1
2026-08-29 19:10:02.600 [http-nio-8080-exec-8] DEBUG c.a.a.m.C.selectList - ==>  Preparing: SELECT id,title,user_id,course_id,created_at,updated_at FROM conversation WHERE (user_id = ?) ORDER BY updated_at DESC
2026-08-29 19:10:02.601 [http-nio-8080-exec-8] DEBUG c.a.a.m.C.selectList - ==> Parameters: 1(String)
2026-08-29 19:10:02.602 [http-nio-8080-exec-8] DEBUG c.a.a.m.C.selectList - <==      Total: 0
2026-08-29 19:10:07.045 [http-nio-8080-exec-9] DEBUG c.a.a.m.ConversationMapper.insert - ==>  Preparing: INSERT INTO conversation ( title, user_id ) VALUES ( ?, ? )
2026-08-29 19:10:07.046 [http-nio-8080-exec-9] DEBUG c.a.a.m.ConversationMapper.insert - ==> Parameters: 你好(String), 1(String)
2026-08-29 19:10:07.050 [http-nio-8080-exec-9] DEBUG c.a.a.m.ConversationMapper.insert - <==    Updates: 1
2026-08-29 19:10:07.053 [http-nio-8080-exec-9] DEBUG c.a.a.mapper.MessageMapper.insert - ==>  Preparing: INSERT INTO message ( conversation_id, role, content ) VALUES ( ?, ?, ? )
2026-08-29 19:10:07.054 [http-nio-8080-exec-9] DEBUG c.a.a.mapper.MessageMapper.insert - ==> Parameters: 20(Integer), user(String), 你好(String)
2026-08-29 19:10:07.055 [http-nio-8080-exec-9] DEBUG c.a.a.mapper.MessageMapper.insert - <==    Updates: 1
2026-08-29 19:10:07.057 [http-nio-8080-exec-9] DEBUG c.a.a.m.MessageMapper.selectList - ==>  Preparing: SELECT id,conversation_id,role,content,intent,created_at FROM message WHERE (conversation_id = ?) ORDER BY created_at ASC LIMIT 10
2026-08-29 19:10:07.057 [http-nio-8080-exec-9] DEBUG c.a.a.m.MessageMapper.selectList - ==> Parameters: 20(Integer)
2026-08-29 19:10:07.059 [http-nio-8080-exec-9] DEBUG c.a.a.m.MessageMapper.selectList - <==      Total: 1
2026-08-29 19:10:08.080 [http-nio-8080-exec-9] DEBUG c.a.a.s.impl.ReviewAssistantAgent - ========== Agent 流式意图识别 ==========
2026-08-29 19:10:08.081 [http-nio-8080-exec-9] DEBUG c.a.a.s.impl.ReviewAssistantAgent - 用户消息: 你好
2026-08-29 19:10:08.081 [http-nio-8080-exec-9] DEBUG c.a.a.s.impl.ReviewAssistantAgent - 识别意图: CHAT
2026-08-29 19:10:08.081 [http-nio-8080-exec-9] DEBUG c.a.a.s.impl.ReviewAssistantAgent - 提取参数: {}
2026-08-29 19:10:08.081 [http-nio-8080-exec-9] DEBUG c.a.a.s.impl.ReviewAssistantAgent - [Agent] 流式调用工具: CHAT
2026-08-29 19:10:08.081 [http-nio-8080-exec-9] DEBUG c.a.a.s.impl.ReviewAssistantAgent - ================================
2026-08-29 19:10:09.557 [boundedElastic-1] DEBUG c.a.a.mapper.MessageMapper.insert - ==>  Preparing: INSERT INTO message ( conversation_id, role, content, intent ) VALUES ( ?, ?, ?, ? )
2026-08-29 19:10:09.558 [boundedElastic-1] DEBUG c.a.a.mapper.MessageMapper.insert - ==> Parameters: 20(Integer), assistant(String), 你好！请告诉我你想复习的具体科目或知识点，我会为你提供清晰、高效的复习支持。(String), CHAT(String)
2026-08-29 19:10:09.560 [boundedElastic-1] DEBUG c.a.a.mapper.MessageMapper.insert - <==    Updates: 1
2026-08-29 19:10:09.563 [boundedElastic-1] DEBUG c.a.a.m.C.selectById - ==>  Preparing: SELECT id,title,user_id,course_id,created_at,updated_at FROM conversation WHERE id=?
2026-08-29 19:10:09.563 [boundedElastic-1] DEBUG c.a.a.m.C.selectById - ==> Parameters: 20(Integer)
2026-08-29 19:10:09.565 [boundedElastic-1] DEBUG c.a.a.m.C.selectById - <==      Total: 1
2026-08-29 19:10:09.566 [boundedElastic-1] DEBUG c.a.a.m.ReviewRecordsMapper.insert - ==>  Preparing: INSERT INTO review_records ( conversation_id, user_id, question, answer, created_at ) VALUES ( ?, ?, ?, ?, ? )
2026-08-29 19:10:09.567 [boundedElastic-1] DEBUG c.a.a.m.ReviewRecordsMapper.insert - ==> Parameters: 20(Integer), 1(String), 你好(String), 你好！请告诉我你想复习的具体科目或知识点，我会为你提供清晰、高效的复习支持。(String), 2026-08-29T19:10:09.565913(LocalDateTime)
2026-08-29 19:10:09.659 [boundedElastic-1] WARN  c.a.a.s.impl.ReviewAssistantAgent - [Agent] 保存复习记录失败: 
### Error updating database.  Cause: org.postgresql.util.PSQLException: ERROR: null value in column "course_id" of relation "review_records" violates not-null constraint
  Detail: Failing row contains (13, null, 1, 你好, 你好！请告诉我你想复习的具体科目或知识点，..., 2026-08-29 19:10:09.565913, 20).
### The error may exist in com/aiservice/aireviewassistant/mapper/ReviewRecordsMapper.java (best guess)
### The error may involve com.aiservice.aireviewassistant.mapper.ReviewRecordsMapper.insert-Inline
### The error occurred while setting parameters
### SQL: INSERT INTO review_records  ( conversation_id,  user_id, question, answer, created_at )  VALUES (  ?,  ?, ?, ?, ?  )
### Cause: org.postgresql.util.PSQLException: ERROR: null value in column "course_id" of relation "review_records" violates not-null constraint
  Detail: Failing row contains (13, null, 1, 你好, 你好！请告诉我你想复习的具体科目或知识点，..., 2026-08-29 19:10:09.565913, 20).
; ERROR: null value in column "course_id" of relation "review_records" violates not-null constraint
  Detail: Failing row contains (13, null, 1, 你好, 你好！请告诉我你想复习的具体科目或知识点，..., 2026-08-29 19:10:09.565913, 20).
2026-08-29 19:10:09.660 [boundedElastic-1] DEBUG c.a.a.mapper.AgentLogMapper.insert - ==>  Preparing: INSERT INTO agent_log ( conversation_id, user_message, intent, parameters, latency_ms, success, created_at ) VALUES ( ?, ?, ?, ?, ?, ?, ? )
2026-08-29 19:10:09.661 [boundedElastic-1] DEBUG c.a.a.mapper.AgentLogMapper.insert - ==> Parameters: 20(Integer), 你好(String), CHAT(String), {}(String), 2621(Long), true(Boolean), 2026-08-29T19:10:09.659825(LocalDateTime)
2026-08-29 19:10:09.663 [boundedElastic-1] DEBUG c.a.a.mapper.AgentLogMapper.insert - <==    Updates: 1
2026-08-29 19:10:09.675 [http-nio-8080-exec-1] DEBUG c.a.a.m.C.selectList - ==>  Preparing: SELECT id,title,user_id,course_id,created_at,updated_at FROM conversation WHERE (user_id = ?) ORDER BY updated_at DESC
2026-08-29 19:10:09.675 [http-nio-8080-exec-1] DEBUG c.a.a.m.C.selectList - ==> Parameters: 1(String)
2026-08-29 19:10:09.676 [http-nio-8080-exec-1] DEBUG c.a.a.m.C.selectList - <==      Total: 1
2026-08-29 19:10:14.953 [http-nio-8080-exec-2] DEBUG c.a.a.m.ConversationMapper.insert - ==>  Preparing: INSERT INTO conversation ( title, user_id ) VALUES ( ?, ? )
2026-08-29 19:10:14.954 [http-nio-8080-exec-2] DEBUG c.a.a.m.ConversationMapper.insert - ==> Parameters: 我想复习agent(String), 1(String)
2026-08-29 19:10:14.957 [http-nio-8080-exec-2] DEBUG c.a.a.m.ConversationMapper.insert - <==    Updates: 1
2026-08-29 19:10:14.958 [http-nio-8080-exec-2] DEBUG c.a.a.mapper.MessageMapper.insert - ==>  Preparing: INSERT INTO message ( conversation_id, role, content ) VALUES ( ?, ?, ? )
2026-08-29 19:10:14.958 [http-nio-8080-exec-2] DEBUG c.a.a.mapper.MessageMapper.insert - ==> Parameters: 21(Integer), user(String), 我想复习agent(String)
2026-08-29 19:10:14.960 [http-nio-8080-exec-2] DEBUG c.a.a.mapper.MessageMapper.insert - <==    Updates: 1
2026-08-29 19:10:14.961 [http-nio-8080-exec-2] DEBUG c.a.a.m.MessageMapper.selectList - ==>  Preparing: SELECT id,conversation_id,role,content,intent,created_at FROM message WHERE (conversation_id = ?) ORDER BY created_at ASC LIMIT 10
2026-08-29 19:10:14.961 [http-nio-8080-exec-2] DEBUG c.a.a.m.MessageMapper.selectList - ==> Parameters: 21(Integer)
2026-08-29 19:10:14.963 [http-nio-8080-exec-2] DEBUG c.a.a.m.MessageMapper.selectList - <==      Total: 1
2026-08-29 19:10:15.933 [http-nio-8080-exec-2] DEBUG c.a.a.s.impl.ReviewAssistantAgent - ========== Agent 流式意图识别 ==========
2026-08-29 19:10:15.933 [http-nio-8080-exec-2] DEBUG c.a.a.s.impl.ReviewAssistantAgent - 用户消息: 我想复习agent
2026-08-29 19:10:15.933 [http-nio-8080-exec-2] DEBUG c.a.a.s.impl.ReviewAssistantAgent - 识别意图: PLAN
2026-08-29 19:10:15.933 [http-nio-8080-exec-2] DEBUG c.a.a.s.impl.ReviewAssistantAgent - 提取参数: {courseName=agent}
2026-08-29 19:10:15.934 [http-nio-8080-exec-2] DEBUG c.a.a.s.impl.ReviewAssistantAgent - [Agent] 流式调用工具: PLAN
2026-08-29 19:10:15.934 [http-nio-8080-exec-2] DEBUG c.a.a.s.impl.ReviewAssistantAgent - ================================
2026-08-29 19:10:55.679 [http-nio-8080-exec-2] DEBUG c.a.a.mapper.MessageMapper.insert - ==>  Preparing: INSERT INTO message ( conversation_id, role, content, intent ) VALUES ( ?, ?, ?, ? )
2026-08-29 19:10:55.681 [http-nio-8080-exec-2] DEBUG c.a.a.mapper.MessageMapper.insert - ==> Parameters: 21(Integer), assistant(String), 以下是为课程 **《Agent》**（假设为人工智能中智能体（Agent）相关核心课程，涵盖基础概念、架构、决策机制、多Agent系统等典型内容）制定的 **7天高效复习计划**。本计划兼顾知识梳理、深度理解与实战应用，适用于期末备考或能力强化。

---

### 📅 总体安排  
- **目标**：系统掌握Agent核心理论与实践能力，覆盖单Agent建模、理性决策、学习机制、通信协作及典型应用  
- **每日时长建议**：2.5–3 小时（含学习 + 练习 + 反思）  
- **配套资料建议**：教材（如 *Russell & Norvig《AI: A Modern Approach》Ch.2, 17, 18, 20*）、课堂笔记、经典论文（如 *Wooldridge《An Introduction to MultiAgent Systems》* 精选章节）、在线Lab（如 Gym/RLlib 简单Agent示例）

---

### 📚 每日复习计划  

#### **第1天：Agent基础与分类体系**  
- ✅ 复习知识点：  
  1. Agent定义：感知-行动循环（PEAS描述法）  
  2. Agent类型对比：简单反射型 / 基于模型的 / 基于目标的 / 基于效用的 / 学习型  
  3. 环境特性分析（可观测性、确定性、动态性、离散性等）及其对Agent设计的影响  
- 📝 练习题：  
  - 用PEAS框架描述一个“快递分拣机器人”Agent；  
  - 判断扫地机器人、股票交易程序、下棋AI分别属于哪类Agent？说明理由。  
- 💡 复习建议：手绘一张「Agent类型决策树」，标注每类适用环境特征。

#### **第2天：理性Agent与决策基础**  
- ✅ 复习知识点：  
  1. 理性Agent定义（最大化期望效用）  
  2. 决策要素：状态空间、动作集、转移模型、奖励函数、折扣因子  
  3. 完全可观察 vs 部分可观察环境下的决策差异  
- 📝 练习题：  
  - 构建一个2×2网格世界（含障碍与目标），写出其MDP四元组（S, A, T, R）；  
  - 若环境变为部分可观测（仅能感知邻近格子），Agent需增加什么能力？  
- 💡 复习建议：对照MDP公式，逐项检查自己写的例子是否满足数学严谨性。

#### **第3天：经典Agent架构与实现**  
- ✅ 复习知识点：  
  1. BDI（信念-愿望-意图）架构原理与生命周期  
  2. 分层控制结构（如Subsumption Architecture）  
  3. 基于规则的Agent（如CLIPS风格生产系统）与基于规划的Agent（STRIPS）  
- 📝 练习题：  
  - 用BDI三元组描述一个“会议协调Agent”的行为逻辑；  
  - 对比：分层架构 vs BDI架构在实时性与可解释性上的优劣。  
- 💡 复习建议：用流程图绘制BDI Agent从感知到执行的完整闭环。

#### **第4天：学习型Agent与强化学习基础**  
- ✅ 复习知识点：  
  1. 学习Agent组成：学习元素 + 执行元素 + 批评元素 + 问题生成器  
  2. Q-learning算法推导（贝尔曼方程 → TD误差 → 更新规则）  
  3. 探索-利用权衡（ε-greedy, UCB）  
- 📝 练习题：  
  - 手算一个3状态链式MDP的Q值迭代过程（2轮）；  
  - ε=0.1时，某状态下Q值为[1.2, 0.8, 2.5]，选择动作的概率分布是多少？  
- 💡 复习建议：默写Q-learning伪代码，并标注每行的数学含义。

#### **第5天：多Agent系统（MAS）与交互机制**  
- ✅ 复习知识点：  
  1. MAS核心挑战：协调、协商、通信、冲突消解  
  2. 通信协议：KQML / ACL语义、FIPA标准关键要素  
  3. 协商模型：合同网协议（CNP）流程与适用场景  
- 📝 练习题：  
  - 设计一个“教室设备调度”场景的CNP执行流程（含发起者、参与者、消息序列）；  
  - 若两个Agent对同一资源提出请求，列出3种冲突解决策略并比较。  
- 💡 复习建议：用时序图（UML Sequence Diagram）绘制CNP交互过程。

#### **第6天：Agent应用专题与前沿拓展**  
- ✅ 复习知识点：  
  1. 典型应用：智能交通系统、分布式电网控制、游戏NPC设计  
  2. 前沿方向：LLM-based Agents（ReAct, AutoGen）、社会性Agent、可信赖Agent（可解释性、鲁棒性、伦理约束）  
  3. 评估指标：任务完成率、通信开销、收敛速度、公平性  
- 📝 练习题：  
  - 分析ChatGPT作为Agent的PEAS属性；  
  - 为什么“让LLM做决策”可能违背传统理性Agent假设？指出至少2个根本差异。  
- 💡 复习建议：整理1页「Agent评估维度速查表」，含定义+测量方式+典型值范围。

#### **第7天：综合模拟测试与错题复盘**  
- ✅ 任务安排：  
  1. **90分钟闭卷模拟测试**（题型：5道简答 + 2道设计题 + 1道算法推导）  
     - 示例题：  
       ▪️ 简答：解释“环境动态性”如何影响BDI Agent的意图更新机制？  
       ▪️ 设计：为校园垃圾分类站设计一个基于合同网的多Agent协作方案（含角色划分、消息格式、失败处理）；  
       ▪️ 推导：从贝尔曼最优方程出发，推导Q-learning更新公式。  
  2. **30分钟自主批改**：对照参考答案，标记知识盲区；  
  3. **30分钟定向补漏**：重看错题对应知识点+重做1道同类题。  
- 💡 复习建议：测试后用「三栏笔记法」整理：| 错误点 | 根本原因 | 对应课本页码/笔记页 |  

---

### 🔁 复习提示（贯穿7天）  
- ✅ **每日启动**：花5分钟快速回顾昨日核心图/公式（如第3天画的BDI流程图）；  
- ✅ **主动输出**：每学完1个模块，尝试向“虚拟听众”口头讲解（录音回听纠错）；  
- ✅ **关联记忆**：将新知识锚定到已有认知（例如：“Q-learning 是理性Agent在未知模型下的实践解法”）；  
- ⚠️ **避坑提醒**：勿陷入代码细节（除非课程要求实现），重点在**思想、假设、适用边界**；  
- 🌟 **终极心法**：Agent不是技术堆砌，而是**对“目标驱动的自主行为”这一哲学命题的工程回应**——所有知识点终将回归此内核。

---  
如需配套资料（如模拟题PDF、PEAS模板表格、BDI流程图源文件）或按具体教材/大纲微调计划，请随时告知，我可立即优化。祝你复习高效，思维澄明！ 🧠✨(String), PLAN(String)
2026-08-29 19:10:55.687 [http-nio-8080-exec-2] DEBUG c.a.a.mapper.MessageMapper.insert - <==    Updates: 1
2026-08-29 19:10:55.688 [http-nio-8080-exec-2] DEBUG c.a.a.m.C.selectById - ==>  Preparing: SELECT id,title,user_id,course_id,created_at,updated_at FROM conversation WHERE id=?
2026-08-29 19:10:55.688 [http-nio-8080-exec-2] DEBUG c.a.a.m.C.selectById - ==> Parameters: 21(Integer)
2026-08-29 19:10:55.690 [http-nio-8080-exec-2] DEBUG c.a.a.m.C.selectById - <==      Total: 1
2026-08-29 19:10:55.691 [http-nio-8080-exec-2] DEBUG c.a.a.m.ReviewRecordsMapper.insert - ==>  Preparing: INSERT INTO review_records ( conversation_id, user_id, question, answer, created_at ) VALUES ( ?, ?, ?, ?, ? )
2026-08-29 19:10:55.691 [http-nio-8080-exec-2] DEBUG c.a.a.m.ReviewRecordsMapper.insert - ==> Parameters: 21(Integer), 1(String), 我想复习agent(String), 以下是为课程 **《Agent》**（假设为人工智能中智能体（Agent）相关核心课程，涵盖基础概念、架构、决策机制、多Agent系统等典型内容）制定的 **7天高效复习计划**。本计划兼顾知识梳理、深度理解与实战应用，适用于期末备考或能力强化。

---

### 📅 总体安排  
- **目标**：系统掌握Agent核心理论与实践能力，覆盖单Agent建模、理性决策、学习机制、通信协作及典型应用  
- **每日时长建议**：2.5–3 小时（含学习 + 练习 + 反思）  
- **配套资料建议**：教材（如 *Russell & Norvig《AI: A Modern Approach》Ch.2, 17, 18, 20*）、课堂笔记、经典论文（如 *Wooldridge《An Introduction to MultiAgent Systems》* 精选章节）、在线Lab（如 Gym/RLlib 简单Agent示例）

---

### 📚 每日复习计划  

#### **第1天：Agent基础与分类体系**  
- ✅ 复习知识点：  
  1. Agent定义：感知-行动循环（PEAS描述法）  
  2. Agent类型对比：简单反射型 / 基于模型的 / 基于目标的 / 基于效用的 / 学习型  
  3. 环境特性分析（可观测性、确定性、动态性、离散性等）及其对Agent设计的影响  
- 📝 练习题：  
  - 用PEAS框架描述一个“快递分拣机器人”Agent；  
  - 判断扫地机器人、股票交易程序、下棋AI分别属于哪类Agent？说明理由。  
- 💡 复习建议：手绘一张「Agent类型决策树」，标注每类适用环境特征。

#### **第2天：理性Agent与决策基础**  
- ✅ 复习知识点：  
  1. 理性Agent定义（最大化期望效用）  
  2. 决策要素：状态空间、动作集、转移模型、奖励函数、折扣因子  
  3. 完全可观察 vs 部分可观察环境下的决策差异  
- 📝 练习题：  
  - 构建一个2×2网格世界（含障碍与目标），写出其MDP四元组（S, A, T, R）；  
  - 若环境变为部分可观测（仅能感知邻近格子），Agent需增加什么能力？  
- 💡 复习建议：对照MDP公式，逐项检查自己写的例子是否满足数学严谨性。

#### **第3天：经典Agent架构与实现**  
- ✅ 复习知识点：  
  1. BDI（信念-愿望-意图）架构原理与生命周期  
  2. 分层控制结构（如Subsumption Architecture）  
  3. 基于规则的Agent（如CLIPS风格生产系统）与基于规划的Agent（STRIPS）  
- 📝 练习题：  
  - 用BDI三元组描述一个“会议协调Agent”的行为逻辑；  
  - 对比：分层架构 vs BDI架构在实时性与可解释性上的优劣。  
- 💡 复习建议：用流程图绘制BDI Agent从感知到执行的完整闭环。

#### **第4天：学习型Agent与强化学习基础**  
- ✅ 复习知识点：  
  1. 学习Agent组成：学习元素 + 执行元素 + 批评元素 + 问题生成器  
  2. Q-learning算法推导（贝尔曼方程 → TD误差 → 更新规则）  
  3. 探索-利用权衡（ε-greedy, UCB）  
- 📝 练习题：  
  - 手算一个3状态链式MDP的Q值迭代过程（2轮）；  
  - ε=0.1时，某状态下Q值为[1.2, 0.8, 2.5]，选择动作的概率分布是多少？  
- 💡 复习建议：默写Q-learning伪代码，并标注每行的数学含义。

#### **第5天：多Agent系统（MAS）与交互机制**  
- ✅ 复习知识点：  
  1. MAS核心挑战：协调、协商、通信、冲突消解  
  2. 通信协议：KQML / ACL语义、FIPA标准关键要素  
  3. 协商模型：合同网协议（CNP）流程与适用场景  
- 📝 练习题：  
  - 设计一个“教室设备调度”场景的CNP执行流程（含发起者、参与者、消息序列）；  
  - 若两个Agent对同一资源提出请求，列出3种冲突解决策略并比较。  
- 💡 复习建议：用时序图（UML Sequence Diagram）绘制CNP交互过程。

#### **第6天：Agent应用专题与前沿拓展**  
- ✅ 复习知识点：  
  1. 典型应用：智能交通系统、分布式电网控制、游戏NPC设计  
  2. 前沿方向：LLM-based Agents（ReAct, AutoGen）、社会性Agent、可信赖Agent（可解释性、鲁棒性、伦理约束）  
  3. 评估指标：任务完成率、通信开销、收敛速度、公平性  
- 📝 练习题：  
  - 分析ChatGPT作为Agent的PEAS属性；  
  - 为什么“让LLM做决策”可能违背传统理性Agent假设？指出至少2个根本差异。  
- 💡 复习建议：整理1页「Agent评估维度速查表」，含定义+测量方式+典型值范围。

#### **第7天：综合模拟测试与错题复盘**  
- ✅ 任务安排：  
  1. **90分钟闭卷模拟测试**（题型：5道简答 + 2道设计题 + 1道算法推导）  
     - 示例题：  
       ▪️ 简答：解释“环境动态性”如何影响BDI Agent的意图更新机制？  
       ▪️ 设计：为校园垃圾分类站设计一个基于合同网的多Agent协作方案（含角色划分、消息格式、失败处理）；  
       ▪️ 推导：从贝尔曼最优方程出发，推导Q-learning更新公式。  
  2. **30分钟自主批改**：对照参考答案，标记知识盲区；  
  3. **30分钟定向补漏**：重看错题对应知识点+重做1道同类题。  
- 💡 复习建议：测试后用「三栏笔记法」整理：| 错误点 | 根本原因 | 对应课本页码/笔记页 |  

---

### 🔁 复习提示（贯穿7天）  
- ✅ **每日启动**：花5分钟快速回顾昨日核心图/公式（如第3天画的BDI流程图）；  
- ✅ **主动输出**：每学完1个模块，尝试向“虚拟听众”口头讲解（录音回听纠错）；  
- ✅ **关联记忆**：将新知识锚定到已有认知（例如：“Q-learning 是理性Agent在未知模型下的实践解法”）；  
- ⚠️ **避坑提醒**：勿陷入代码细节（除非课程要求实现），重点在**思想、假设、适用边界**；  
- 🌟 **终极心法**：Agent不是技术堆砌，而是**对“目标驱动的自主行为”这一哲学命题的工程回应**——所有知识点终将回归此内核。

---  
如需配套资料（如模拟题PDF、PEAS模板表格、BDI流程图源文件）或按具体教材/大纲微调计划，请随时告知，我可立即优化。祝你复习高效，思维澄明！ 🧠✨(String), 2026-08-29T19:10:55.691072(LocalDateTime)
2026-08-29 19:10:55.695 [http-nio-8080-exec-2] WARN  c.a.a.s.impl.ReviewAssistantAgent - [Agent] 保存复习记录失败: 
### Error updating database.  Cause: org.postgresql.util.PSQLException: ERROR: null value in column "course_id" of relation "review_records" violates not-null constraint
  Detail: Failing row contains (14, null, 1, 我想复习agent, 以下是为课程 **《Agent》**（假设为人工智能中智..., 2026-08-29 19:10:55.691072, 21).
### The error may exist in com/aiservice/aireviewassistant/mapper/ReviewRecordsMapper.java (best guess)
### The error may involve com.aiservice.aireviewassistant.mapper.ReviewRecordsMapper.insert-Inline
### The error occurred while setting parameters
### SQL: INSERT INTO review_records  ( conversation_id,  user_id, question, answer, created_at )  VALUES (  ?,  ?, ?, ?, ?  )
### Cause: org.postgresql.util.PSQLException: ERROR: null value in column "course_id" of relation "review_records" violates not-null constraint
  Detail: Failing row contains (14, null, 1, 我想复习agent, 以下是为课程 **《Agent》**（假设为人工智能中智..., 2026-08-29 19:10:55.691072, 21).
; ERROR: null value in column "course_id" of relation "review_records" violates not-null constraint
  Detail: Failing row contains (14, null, 1, 我想复习agent, 以下是为课程 **《Agent》**（假设为人工智能中智..., 2026-08-29 19:10:55.691072, 21).
2026-08-29 19:10:55.697 [http-nio-8080-exec-2] DEBUG c.a.a.mapper.AgentLogMapper.insert - ==>  Preparing: INSERT INTO agent_log ( conversation_id, user_message, intent, parameters, latency_ms, success, created_at ) VALUES ( ?, ?, ?, ?, ?, ?, ? )
2026-08-29 19:10:55.697 [http-nio-8080-exec-2] DEBUG c.a.a.mapper.AgentLogMapper.insert - ==> Parameters: 21(Integer), 我想复习agent(String), PLAN(String), {"courseName":"agent"}(String), 40747(Long), true(Boolean), 2026-08-29T19:10:55.696796(LocalDateTime)
2026-08-29 19:10:55.699 [http-nio-8080-exec-2] DEBUG c.a.a.mapper.AgentLogMapper.insert - <==    Updates: 1
2026-08-29 19:10:55.938 [http-nio-8080-exec-4] DEBUG c.a.a.m.C.selectList - ==>  Preparing: SELECT id,title,user_id,course_id,created_at,updated_at FROM conversation WHERE (user_id = ?) ORDER BY updated_at DESC
2026-08-29 19:10:55.938 [http-nio-8080-exec-4] DEBUG c.a.a.m.C.selectList - ==> Parameters: 1(String)
2026-08-29 19:10:55.940 [http-nio-8080-exec-4] DEBUG c.a.a.m.C.selectList - <==      Total: 2
2026-08-29 19:21:19.058 [SpringApplicationShutdownHook] INFO  com.zaxxer.hikari.HikariDataSource - HikariPool-1 - Shutdown initiated...
2026-08-29 19:21:19.062 [SpringApplicationShutdownHook] INFO  com.zaxxer.hikari.HikariDataSource - HikariPool-1 - Shutdown completed.
2026-08-29 19:21:27.780 [background-preinit] INFO  o.h.validator.internal.util.Version - HV000001: Hibernate Validator 8.0.1.Final
2026-08-29 19:21:27.842 [main] INFO  c.a.a.AiReviewAssistantApplication - Starting AiReviewAssistantApplication v0.0.1-SNAPSHOT using Java 22.0.1 with PID 69205 (/Users/h3rtz/Desktop/ai-review-assistant/target/ai-review-assistant-0.0.1-SNAPSHOT.jar started by h3rtz in /Users/h3rtz/Desktop/ai-review-assistant)
2026-08-29 19:21:27.842 [main] DEBUG c.a.a.AiReviewAssistantApplication - Running with Spring Boot v3.2.10, Spring v6.1.13
2026-08-29 19:21:27.843 [main] INFO  c.a.a.AiReviewAssistantApplication - No active profile set, falling back to 1 default profile: "default"
2026-08-29 19:21:29.326 [main] INFO  o.s.b.w.e.tomcat.TomcatWebServer - Tomcat initialized with port 8080 (http)
2026-08-29 19:21:29.334 [main] INFO  o.a.coyote.http11.Http11NioProtocol - Initializing ProtocolHandler ["http-nio-8080"]
2026-08-29 19:21:29.336 [main] INFO  o.a.catalina.core.StandardService - Starting service [Tomcat]
2026-08-29 19:21:29.336 [main] INFO  o.a.catalina.core.StandardEngine - Starting Servlet engine: [Apache Tomcat/10.1.30]
2026-08-29 19:21:29.356 [main] INFO  o.a.c.c.C.[Tomcat].[localhost].[/] - Initializing Spring embedded WebApplicationContext
2026-08-29 19:21:29.356 [main] INFO  o.s.b.w.s.c.ServletWebServerApplicationContext - Root WebApplicationContext: initialization completed in 1489 ms
2026-08-29 19:21:29.861 [main] INFO  o.s.a.v.pgvector.PgVectorStore - Using the vector table name: vector_store. Is empty: false
2026-08-29 19:21:29.863 [main] INFO  o.s.a.v.pgvector.PgVectorStore - Initializing PGVectorStore schema for table: vector_store in schema: public
2026-08-29 19:21:29.864 [main] INFO  o.s.a.v.pgvector.PgVectorStore - vectorTableValidationsEnabled false
2026-08-29 19:21:29.867 [main] INFO  com.zaxxer.hikari.HikariDataSource - HikariPool-1 - Starting...
2026-08-29 19:21:30.004 [main] INFO  com.zaxxer.hikari.pool.HikariPool - HikariPool-1 - Added connection org.postgresql.jdbc.PgConnection@59707ffd
2026-08-29 19:21:30.005 [main] INFO  com.zaxxer.hikari.HikariDataSource - HikariPool-1 - Start completed.
2026-08-29 19:21:30.672 [main] WARN  o.s.b.a.s.s.UserDetailsServiceAutoConfiguration - 

Using generated security password: f66531ec-0077-4f3e-acc7-161f28700959

This generated password is for development use only. Your security configuration must be updated before running your application in production.

2026-08-29 19:21:30.747 [main] INFO  o.s.b.a.w.s.WelcomePageHandlerMapping - Adding welcome page: class path resource [static/index.html]
2026-08-29 19:21:30.901 [main] INFO  o.s.b.a.e.web.EndpointLinksResolver - Exposing 4 endpoint(s) beneath base path '/actuator'
2026-08-29 19:21:30.952 [main] INFO  o.s.s.web.DefaultSecurityFilterChain - Will secure any request with [org.springframework.security.web.session.DisableEncodeUrlFilter@7252dc76, org.springframework.security.web.context.request.async.WebAsyncManagerIntegrationFilter@4cb17cdc, org.springframework.security.web.context.SecurityContextHolderFilter@110c7c13, org.springframework.security.web.header.HeaderWriterFilter@553b9c69, org.springframework.security.web.authentication.logout.LogoutFilter@eb7e6e2, com.aiservice.aireviewassistant.security.JwtAuthenticationFilter@84ae4e8, org.springframework.security.web.savedrequest.RequestCacheAwareFilter@1de0fbb2, org.springframework.security.web.servletapi.SecurityContextHolderAwareRequestFilter@7f3eeec2, org.springframework.security.web.authentication.AnonymousAuthenticationFilter@19e81fa8, org.springframework.security.web.session.SessionManagementFilter@3e4700e5, org.springframework.security.web.access.ExceptionTranslationFilter@44c827c3, org.springframework.security.web.access.intercept.AuthorizationFilter@111114a5]
2026-08-29 19:21:31.637 [main] ERROR i.n.r.d.DnsServerAddressStreamProviders - Unable to load io.netty.resolver.dns.macos.MacOSDnsServerAddressStreamProvider, fallback to system defaults. This may result in incorrect DNS resolutions on MacOS. Check whether you have a dependency on 'io.netty:netty-resolver-dns-native-macos'. Use DEBUG level to see the full stack: java.lang.UnsatisfiedLinkError: failed to load the required native library
2026-08-29 19:21:31.643 [main] INFO  o.a.coyote.http11.Http11NioProtocol - Starting ProtocolHandler ["http-nio-8080"]
2026-08-29 19:21:31.650 [main] INFO  o.s.b.w.e.tomcat.TomcatWebServer - Tomcat started on port 8080 (http) with context path ''
2026-08-29 19:21:31.667 [main] INFO  c.a.a.AiReviewAssistantApplication - Started AiReviewAssistantApplication in 4.183 seconds (process running for 4.467)
2026-08-29 19:21:32.340 [http-nio-8080-exec-2] INFO  o.a.c.c.C.[Tomcat].[localhost].[/] - Initializing Spring DispatcherServlet 'dispatcherServlet'
2026-08-29 19:21:32.340 [http-nio-8080-exec-2] INFO  o.s.web.servlet.DispatcherServlet - Initializing Servlet 'dispatcherServlet'
2026-08-29 19:21:32.341 [http-nio-8080-exec-2] INFO  o.s.web.servlet.DispatcherServlet - Completed initialization in 1 ms
2026-08-29 19:25:04.386 [http-nio-8080-exec-1] DEBUG c.a.a.m.ConversationMapper.insert - ==>  Preparing: INSERT INTO conversation ( title, user_id ) VALUES ( ?, ? )
2026-08-29 19:25:04.396 [http-nio-8080-exec-1] DEBUG c.a.a.m.ConversationMapper.insert - ==> Parameters: 给我更简洁明了一点(String), anonymous(String)
2026-08-29 19:25:04.404 [http-nio-8080-exec-1] DEBUG c.a.a.m.ConversationMapper.insert - <==    Updates: 1
2026-08-29 19:25:04.408 [http-nio-8080-exec-1] DEBUG c.a.a.mapper.MessageMapper.insert - ==>  Preparing: INSERT INTO message ( conversation_id, role, content ) VALUES ( ?, ?, ? )
2026-08-29 19:25:04.410 [http-nio-8080-exec-1] DEBUG c.a.a.mapper.MessageMapper.insert - ==> Parameters: 22(Integer), user(String), 给我更简洁明了一点(String)
2026-08-29 19:25:04.412 [http-nio-8080-exec-1] DEBUG c.a.a.mapper.MessageMapper.insert - <==    Updates: 1
2026-08-29 19:25:04.433 [http-nio-8080-exec-1] DEBUG c.a.a.m.MessageMapper.selectList - ==>  Preparing: SELECT id,conversation_id,role,content,intent,created_at FROM message WHERE (conversation_id = ?) ORDER BY created_at ASC LIMIT 10
2026-08-29 19:25:04.433 [http-nio-8080-exec-1] DEBUG c.a.a.m.MessageMapper.selectList - ==> Parameters: 22(Integer)
2026-08-29 19:25:04.450 [http-nio-8080-exec-1] DEBUG c.a.a.m.MessageMapper.selectList - <==      Total: 1
2026-08-29 19:25:05.470 [http-nio-8080-exec-1] DEBUG c.a.a.s.impl.ReviewAssistantAgent - ========== Agent 流式意图识别 ==========
2026-08-29 19:25:05.470 [http-nio-8080-exec-1] DEBUG c.a.a.s.impl.ReviewAssistantAgent - 用户消息: 给我更简洁明了一点
2026-08-29 19:25:05.471 [http-nio-8080-exec-1] DEBUG c.a.a.s.impl.ReviewAssistantAgent - 识别意图: CHAT
2026-08-29 19:25:05.471 [http-nio-8080-exec-1] DEBUG c.a.a.s.impl.ReviewAssistantAgent - 提取参数: {}
2026-08-29 19:25:05.471 [http-nio-8080-exec-1] DEBUG c.a.a.s.impl.ReviewAssistantAgent - [Agent] 流式调用工具: CHAT
2026-08-29 19:25:05.471 [http-nio-8080-exec-1] DEBUG c.a.a.s.impl.ReviewAssistantAgent - ================================
2026-08-29 19:25:13.740 [boundedElastic-1] DEBUG c.a.a.mapper.MessageMapper.insert - ==>  Preparing: INSERT INTO message ( conversation_id, role, content, intent ) VALUES ( ?, ?, ?, ? )
2026-08-29 19:25:13.742 [boundedElastic-1] DEBUG c.a.a.mapper.MessageMapper.insert - ==> Parameters: 22(Integer), assistant(String), 好的，以下是简洁明了的复习要点：

### 一、光合作用（必修一）

**定义 → 要点 → 举例**  
光合作用是绿色植物、藻类和某些细菌利用光能，将 CO₂ 和 H₂O 转化为有机物（如葡萄糖）并释放 O₂ 的过程。  
- 要点：  
1. 场所：真核生物在叶绿体（类囊体膜 + 基质）；原核生物（如蓝细菌）在光合片层  
2. 总反应式：  
```text
6CO₂ + 6H₂O → C₆H₁₂O₆ + 6O₂（光能、叶绿体）
```  
3. 分两阶段：  
 ① 光反应（类囊体）：水光解产 O₂、生成 ATP 和 NADPH  
 ② 暗反应（卡尔文循环，基质）：CO₂ 固定→还原→再生，消耗 ATP/NADPH 合成糖  

- 举例：水稻叶片在光照下吸收 CO₂，释放 O₂，淀粉积累于叶肉细胞。

### 二、有丝分裂（必修一）

**定义 → 要点 → 举例**  
有丝分裂是真核细胞体细胞增殖的方式，保证子细胞获得与母细胞完全相同的染色体组成。  
- 要点：  
1. 周期：间期（DNA 复制）→ 分裂期（前期→中期→后期→末期）  
2. 关键事件：  
 ① 前期：染色质→染色体，纺锤体形成，核膜解体  
 ② 中期：染色体赤道板排列（最易观察形态）  
 ③ 后期：着丝粒分裂，姐妹染色单体分离移向两极  
 ④ 末期：染色体→染色质，核膜重建，胞质分裂  
3. 结果：1 个母细胞 → 2 个染色体数目不变的子细胞  

- 举例：洋葱根尖分生区细胞分裂时，显微镜下可见清晰的中期染色体图像。(String), CHAT(String)
2026-08-29 19:25:13.745 [boundedElastic-1] DEBUG c.a.a.mapper.MessageMapper.insert - <==    Updates: 1
2026-08-29 19:25:13.747 [boundedElastic-1] DEBUG c.a.a.m.C.selectById - ==>  Preparing: SELECT id,title,user_id,course_id,created_at,updated_at FROM conversation WHERE id=?
2026-08-29 19:25:13.748 [boundedElastic-1] DEBUG c.a.a.m.C.selectById - ==> Parameters: 22(Integer)
2026-08-29 19:25:13.750 [boundedElastic-1] DEBUG c.a.a.m.C.selectById - <==      Total: 1
2026-08-29 19:25:13.752 [boundedElastic-1] DEBUG c.a.a.m.ReviewRecordsMapper.insert - ==>  Preparing: INSERT INTO review_records ( conversation_id, user_id, question, answer, created_at ) VALUES ( ?, ?, ?, ?, ? )
2026-08-29 19:25:13.752 [boundedElastic-1] DEBUG c.a.a.m.ReviewRecordsMapper.insert - ==> Parameters: 22(Integer), anonymous(String), 给我更简洁明了一点(String), 好的，以下是简洁明了的复习要点：

### 一、光合作用（必修一）

**定义 → 要点 → 举例**  
光合作用是绿色植物、藻类和某些细菌利用光能，将 CO₂ 和 H₂O 转化为有机物（如葡萄糖）并释放 O₂ 的过程。  
- 要点：  
1. 场所：真核生物在叶绿体（类囊体膜 + 基质）；原核生物（如蓝细菌）在光合片层  
2. 总反应式：  
```text
6CO₂ + 6H₂O → C₆H₁₂O₆ + 6O₂（光能、叶绿体）
```  
3. 分两阶段：  
 ① 光反应（类囊体）：水光解产 O₂、生成 ATP 和 NADPH  
 ② 暗反应（卡尔文循环，基质）：CO₂ 固定→还原→再生，消耗 ATP/NADPH 合成糖  

- 举例：水稻叶片在光照下吸收 CO₂，释放 O₂，淀粉积累于叶肉细胞。

### 二、有丝分裂（必修一）

**定义 → 要点 → 举例**  
有丝分裂是真核细胞体细胞增殖的方式，保证子细胞获得与母细胞完全相同的染色体组成。  
- 要点：  
1. 周期：间期（DNA 复制）→ 分裂期（前期→中期→后期→末期）  
2. 关键事件：  
 ① 前期：染色质→染色体，纺锤体形成，核膜解体  
 ② 中期：染色体赤道板排列（最易观察形态）  
 ③ 后期：着丝粒分裂，姐妹染色单体分离移向两极  
 ④ 末期：染色体→染色质，核膜重建，胞质分裂  
3. 结果：1 个母细胞 → 2 个染色体数目不变的子细胞  

- 举例：洋葱根尖分生区细胞分裂时，显微镜下可见清晰的中期染色体图像。(String), 2026-08-29T19:25:13.750918(LocalDateTime)
2026-08-29 19:25:13.840 [boundedElastic-1] WARN  c.a.a.s.impl.ReviewAssistantAgent - [Agent] 保存复习记录失败: 
### Error updating database.  Cause: org.postgresql.util.PSQLException: ERROR: null value in column "course_id" of relation "review_records" violates not-null constraint
  Detail: Failing row contains (15, null, anonymous, 给我更简洁明了一点, 好的，以下是简洁明了的复习要点：

### 一、光..., 2026-08-29 19:25:13.750918, 22).
### The error may exist in com/aiservice/aireviewassistant/mapper/ReviewRecordsMapper.java (best guess)
### The error may involve com.aiservice.aireviewassistant.mapper.ReviewRecordsMapper.insert-Inline
### The error occurred while setting parameters
### SQL: INSERT INTO review_records  ( conversation_id,  user_id, question, answer, created_at )  VALUES (  ?,  ?, ?, ?, ?  )
### Cause: org.postgresql.util.PSQLException: ERROR: null value in column "course_id" of relation "review_records" violates not-null constraint
  Detail: Failing row contains (15, null, anonymous, 给我更简洁明了一点, 好的，以下是简洁明了的复习要点：

### 一、光..., 2026-08-29 19:25:13.750918, 22).
; ERROR: null value in column "course_id" of relation "review_records" violates not-null constraint
  Detail: Failing row contains (15, null, anonymous, 给我更简洁明了一点, 好的，以下是简洁明了的复习要点：

### 一、光..., 2026-08-29 19:25:13.750918, 22).
2026-08-29 19:25:13.841 [boundedElastic-1] DEBUG c.a.a.mapper.AgentLogMapper.insert - ==>  Preparing: INSERT INTO agent_log ( conversation_id, user_message, intent, parameters, latency_ms, success, created_at ) VALUES ( ?, ?, ?, ?, ?, ?, ? )
2026-08-29 19:25:13.842 [boundedElastic-1] DEBUG c.a.a.mapper.AgentLogMapper.insert - ==> Parameters: 22(Integer), 给我更简洁明了一点(String), CHAT(String), {}(String), 9505(Long), true(Boolean), 2026-08-29T19:25:13.841005(LocalDateTime)
2026-08-29 19:25:13.845 [boundedElastic-1] DEBUG c.a.a.mapper.AgentLogMapper.insert - <==    Updates: 1
2026-08-29 19:25:13.863 [http-nio-8080-exec-4] DEBUG c.a.a.m.C.selectList - ==>  Preparing: SELECT id,title,user_id,course_id,created_at,updated_at FROM conversation ORDER BY updated_at DESC
2026-08-29 19:25:13.863 [http-nio-8080-exec-4] DEBUG c.a.a.m.C.selectList - ==> Parameters: 
2026-08-29 19:25:13.866 [http-nio-8080-exec-4] DEBUG c.a.a.m.C.selectList - <==      Total: 13
2026-08-29 19:28:19.123 [SpringApplicationShutdownHook] INFO  com.zaxxer.hikari.HikariDataSource - HikariPool-1 - Shutdown initiated...
2026-08-29 19:28:19.128 [SpringApplicationShutdownHook] INFO  com.zaxxer.hikari.HikariDataSource - HikariPool-1 - Shutdown completed.
2026-08-29 19:28:27.888 [background-preinit] INFO  o.h.validator.internal.util.Version - HV000001: Hibernate Validator 8.0.1.Final
2026-08-29 19:28:27.969 [main] INFO  c.a.a.AiReviewAssistantApplication - Starting AiReviewAssistantApplication v0.0.1-SNAPSHOT using Java 22.0.1 with PID 71258 (/Users/h3rtz/Desktop/ai-review-assistant/target/ai-review-assistant-0.0.1-SNAPSHOT.jar started by h3rtz in /Users/h3rtz/Desktop/ai-review-assistant)
2026-08-29 19:28:27.970 [main] DEBUG c.a.a.AiReviewAssistantApplication - Running with Spring Boot v3.2.10, Spring v6.1.13
2026-08-29 19:28:27.970 [main] INFO  c.a.a.AiReviewAssistantApplication - No active profile set, falling back to 1 default profile: "default"
2026-08-29 19:28:29.650 [main] INFO  o.s.b.w.e.tomcat.TomcatWebServer - Tomcat initialized with port 8080 (http)
2026-08-29 19:28:29.663 [main] INFO  o.a.coyote.http11.Http11NioProtocol - Initializing ProtocolHandler ["http-nio-8080"]
2026-08-29 19:28:29.665 [main] INFO  o.a.catalina.core.StandardService - Starting service [Tomcat]
2026-08-29 19:28:29.665 [main] INFO  o.a.catalina.core.StandardEngine - Starting Servlet engine: [Apache Tomcat/10.1.30]
2026-08-29 19:28:29.688 [main] INFO  o.a.c.c.C.[Tomcat].[localhost].[/] - Initializing Spring embedded WebApplicationContext
2026-08-29 19:28:29.688 [main] INFO  o.s.b.w.s.c.ServletWebServerApplicationContext - Root WebApplicationContext: initialization completed in 1676 ms
2026-08-29 19:28:30.231 [main] INFO  o.s.a.v.pgvector.PgVectorStore - Using the vector table name: vector_store. Is empty: false
2026-08-29 19:28:30.233 [main] INFO  o.s.a.v.pgvector.PgVectorStore - Initializing PGVectorStore schema for table: vector_store in schema: public
2026-08-29 19:28:30.233 [main] INFO  o.s.a.v.pgvector.PgVectorStore - vectorTableValidationsEnabled false
2026-08-29 19:28:30.236 [main] INFO  com.zaxxer.hikari.HikariDataSource - HikariPool-1 - Starting...
2026-08-29 19:28:30.382 [main] INFO  com.zaxxer.hikari.pool.HikariPool - HikariPool-1 - Added connection org.postgresql.jdbc.PgConnection@38422d0f
2026-08-29 19:28:30.383 [main] INFO  com.zaxxer.hikari.HikariDataSource - HikariPool-1 - Start completed.
2026-08-29 19:28:31.058 [main] WARN  o.s.b.a.s.s.UserDetailsServiceAutoConfiguration - 

Using generated security password: 7a52b9b5-9303-4cb5-8d95-ffaf3467079d

This generated password is for development use only. Your security configuration must be updated before running your application in production.

2026-08-29 19:28:31.139 [main] INFO  o.s.b.a.w.s.WelcomePageHandlerMapping - Adding welcome page: class path resource [static/index.html]
2026-08-29 19:28:31.313 [main] INFO  o.s.b.a.e.web.EndpointLinksResolver - Exposing 4 endpoint(s) beneath base path '/actuator'
2026-08-29 19:28:31.370 [main] INFO  o.s.s.web.DefaultSecurityFilterChain - Will secure any request with [org.springframework.security.web.session.DisableEncodeUrlFilter@2ff18289, org.springframework.security.web.context.request.async.WebAsyncManagerIntegrationFilter@7d2554da, org.springframework.security.web.context.SecurityContextHolderFilter@7a9a0bef, org.springframework.security.web.header.HeaderWriterFilter@4576f822, org.springframework.security.web.authentication.logout.LogoutFilter@35c8f5e, com.aiservice.aireviewassistant.security.JwtAuthenticationFilter@66faccdc, org.springframework.security.web.savedrequest.RequestCacheAwareFilter@14f0ca83, org.springframework.security.web.servletapi.SecurityContextHolderAwareRequestFilter@5d95f9b0, org.springframework.security.web.authentication.AnonymousAuthenticationFilter@4660df13, org.springframework.security.web.session.SessionManagementFilter@6f7efeaa, org.springframework.security.web.access.ExceptionTranslationFilter@4e39e85a, org.springframework.security.web.access.intercept.AuthorizationFilter@7dbdc18f]
2026-08-29 19:28:32.151 [main] ERROR i.n.r.d.DnsServerAddressStreamProviders - Unable to load io.netty.resolver.dns.macos.MacOSDnsServerAddressStreamProvider, fallback to system defaults. This may result in incorrect DNS resolutions on MacOS. Check whether you have a dependency on 'io.netty:netty-resolver-dns-native-macos'. Use DEBUG level to see the full stack: java.lang.UnsatisfiedLinkError: failed to load the required native library
2026-08-29 19:28:32.166 [main] INFO  o.a.coyote.http11.Http11NioProtocol - Starting ProtocolHandler ["http-nio-8080"]
2026-08-29 19:28:32.172 [main] INFO  o.s.b.w.e.tomcat.TomcatWebServer - Tomcat started on port 8080 (http) with context path ''
2026-08-29 19:28:32.188 [main] INFO  c.a.a.AiReviewAssistantApplication - Started AiReviewAssistantApplication in 4.619 seconds (process running for 4.911)
2026-08-29 19:28:32.392 [http-nio-8080-exec-1] INFO  o.a.c.c.C.[Tomcat].[localhost].[/] - Initializing Spring DispatcherServlet 'dispatcherServlet'
2026-08-29 19:28:32.393 [http-nio-8080-exec-1] INFO  o.s.web.servlet.DispatcherServlet - Initializing Servlet 'dispatcherServlet'
2026-08-29 19:28:32.393 [http-nio-8080-exec-1] INFO  o.s.web.servlet.DispatcherServlet - Completed initialization in 0 ms
2026-08-29 19:48:21.846 [HikariPool-1 housekeeper] WARN  com.zaxxer.hikari.pool.HikariPool - HikariPool-1 - Thread starvation or clock leap detected (housekeeper delta=15m51s303ms).
2026-08-29 20:04:17.501 [HikariPool-1 housekeeper] WARN  com.zaxxer.hikari.pool.HikariPool - HikariPool-1 - Thread starvation or clock leap detected (housekeeper delta=15m55s660ms).
2026-08-29 20:20:42.323 [HikariPool-1 housekeeper] WARN  com.zaxxer.hikari.pool.HikariPool - HikariPool-1 - Thread starvation or clock leap detected (housekeeper delta=15m54s802ms).
2026-08-29 20:37:07.981 [HikariPool-1 housekeeper] WARN  com.zaxxer.hikari.pool.HikariPool - HikariPool-1 - Thread starvation or clock leap detected (housekeeper delta=15m55s663ms).
2026-08-29 20:53:03.584 [HikariPool-1 housekeeper] WARN  com.zaxxer.hikari.pool.HikariPool - HikariPool-1 - Thread starvation or clock leap detected (housekeeper delta=15m55s605ms).
2026-08-29 21:09:29.278 [HikariPool-1 housekeeper] WARN  com.zaxxer.hikari.pool.HikariPool - HikariPool-1 - Thread starvation or clock leap detected (housekeeper delta=15m55s688ms).
2026-08-29 21:25:54.796 [HikariPool-1 housekeeper] WARN  com.zaxxer.hikari.pool.HikariPool - HikariPool-1 - Thread starvation or clock leap detected (housekeeper delta=15m55s503ms).
2026-08-29 21:32:57.807 [HikariPool-1 housekeeper] WARN  com.zaxxer.hikari.pool.HikariPool - HikariPool-1 - Thread starvation or clock leap detected (housekeeper delta=6m33s5ms).
2026-08-29 21:48:53.499 [HikariPool-1 housekeeper] WARN  com.zaxxer.hikari.pool.HikariPool - HikariPool-1 - Thread starvation or clock leap detected (housekeeper delta=15m55s691ms).
2026-08-29 22:05:50.117 [HikariPool-1 housekeeper] WARN  com.zaxxer.hikari.pool.HikariPool - HikariPool-1 - Thread starvation or clock leap detected (housekeeper delta=15m56s601ms).
2026-08-29 22:22:10.711 [HikariPool-1 housekeeper] WARN  com.zaxxer.hikari.pool.HikariPool - HikariPool-1 - Thread starvation or clock leap detected (housekeeper delta=15m50s574ms).
2026-08-29 22:33:29.752 [HikariPool-1 housekeeper] WARN  com.zaxxer.hikari.pool.HikariPool - HikariPool-1 - Thread starvation or clock leap detected (housekeeper delta=11m19s40ms).
2026-08-29 22:49:59.995 [HikariPool-1 housekeeper] WARN  com.zaxxer.hikari.pool.HikariPool - HikariPool-1 - Thread starvation or clock leap detected (housekeeper delta=16m241ms).
2026-08-29 23:06:25.565 [HikariPool-1 housekeeper] WARN  com.zaxxer.hikari.pool.HikariPool - HikariPool-1 - Thread starvation or clock leap detected (housekeeper delta=15m55s558ms).
2026-08-29 23:11:08.445 [HikariPool-1 housekeeper] WARN  com.zaxxer.hikari.pool.HikariPool - HikariPool-1 - Thread starvation or clock leap detected (housekeeper delta=4m42s882ms).
2026-08-29 23:29:04.100 [HikariPool-1 housekeeper] WARN  com.zaxxer.hikari.pool.HikariPool - HikariPool-1 - Thread starvation or clock leap detected (housekeeper delta=15m55s638ms).
2026-08-29 23:34:34.504 [HikariPool-1 housekeeper] WARN  com.zaxxer.hikari.pool.HikariPool - HikariPool-1 - Thread starvation or clock leap detected (housekeeper delta=5m30s405ms).
2026-08-29 23:50:30.104 [HikariPool-1 housekeeper] WARN  com.zaxxer.hikari.pool.HikariPool - HikariPool-1 - Thread starvation or clock leap detected (housekeeper delta=15m55s600ms).
