2026-09-12 00:39:10.778 [HikariPool-1 housekeeper] WARN  com.zaxxer.hikari.pool.HikariPool - HikariPool-1 - Thread starvation or clock leap detected (housekeeper delta=1h49m21s745ms).
2026-09-12 01:33:41.884 [HikariPool-1 housekeeper] WARN  com.zaxxer.hikari.pool.HikariPool - HikariPool-1 - Thread starvation or clock leap detected (housekeeper delta=54m31s108ms).
2026-09-12 01:40:12.183 [HikariPool-1 housekeeper] WARN  com.zaxxer.hikari.pool.HikariPool - HikariPool-1 - Thread starvation or clock leap detected (housekeeper delta=6m30s299ms).
2026-09-12 04:01:59.853 [HikariPool-1 housekeeper] WARN  com.zaxxer.hikari.pool.HikariPool - HikariPool-1 - Thread starvation or clock leap detected (housekeeper delta=2h21m47s668ms).
2026-09-12 06:01:09.857 [HikariPool-1 housekeeper] WARN  com.zaxxer.hikari.pool.HikariPool - HikariPool-1 - Thread starvation or clock leap detected (housekeeper delta=1h59m10s5ms).
2026-09-12 07:51:23.222 [HikariPool-1 housekeeper] WARN  com.zaxxer.hikari.pool.HikariPool - HikariPool-1 - Thread starvation or clock leap detected (housekeeper delta=1h50m13s364ms).
2026-09-12 08:56:04.769 [HikariPool-1 housekeeper] WARN  com.zaxxer.hikari.pool.HikariPool - HikariPool-1 - Thread starvation or clock leap detected (housekeeper delta=1h4m41s547ms).
2026-09-12 09:53:54.043 [HikariPool-1 housekeeper] WARN  com.zaxxer.hikari.pool.HikariPool - HikariPool-1 - Thread starvation or clock leap detected (housekeeper delta=57m49s273ms).
2026-09-12 10:06:16.205 [background-preinit] INFO  o.h.validator.internal.util.Version - HV000001: Hibernate Validator 8.0.1.Final
2026-09-12 10:06:16.273 [main] INFO  c.a.a.AiReviewAssistantApplication - Starting AiReviewAssistantApplication v0.0.1-SNAPSHOT using Java 22.0.1 with PID 48430 (/Users/h3rtz/Desktop/ai-review-assistant/target/ai-review-assistant-0.0.1-SNAPSHOT.jar started by h3rtz in /Users/h3rtz/Desktop/ai-review-assistant)
2026-09-12 10:06:16.273 [main] DEBUG c.a.a.AiReviewAssistantApplication - Running with Spring Boot v3.2.10, Spring v6.1.13
2026-09-12 10:06:16.274 [main] INFO  c.a.a.AiReviewAssistantApplication - No active profile set, falling back to 1 default profile: "default"
2026-09-12 10:06:17.876 [main] INFO  o.s.b.w.e.tomcat.TomcatWebServer - Tomcat initialized with port 8080 (http)
2026-09-12 10:06:17.883 [main] INFO  o.a.coyote.http11.Http11NioProtocol - Initializing ProtocolHandler ["http-nio-8080"]
2026-09-12 10:06:17.885 [main] INFO  o.a.catalina.core.StandardService - Starting service [Tomcat]
2026-09-12 10:06:17.885 [main] INFO  o.a.catalina.core.StandardEngine - Starting Servlet engine: [Apache Tomcat/10.1.30]
2026-09-12 10:06:17.903 [main] INFO  o.a.c.c.C.[Tomcat].[localhost].[/] - Initializing Spring embedded WebApplicationContext
2026-09-12 10:06:17.904 [main] INFO  o.s.b.w.s.c.ServletWebServerApplicationContext - Root WebApplicationContext: initialization completed in 1599 ms
2026-09-12 10:06:18.451 [main] INFO  o.s.a.v.pgvector.PgVectorStore - Using the vector table name: vector_store. Is empty: false
2026-09-12 10:06:18.454 [main] INFO  o.s.a.v.pgvector.PgVectorStore - Initializing PGVectorStore schema for table: vector_store in schema: public
2026-09-12 10:06:18.454 [main] INFO  o.s.a.v.pgvector.PgVectorStore - vectorTableValidationsEnabled false
2026-09-12 10:06:18.456 [main] INFO  com.zaxxer.hikari.HikariDataSource - HikariPool-1 - Starting...
2026-09-12 10:06:18.538 [main] INFO  com.zaxxer.hikari.pool.HikariPool - HikariPool-1 - Added connection org.postgresql.jdbc.PgConnection@29e2313e
2026-09-12 10:06:18.539 [main] INFO  com.zaxxer.hikari.HikariDataSource - HikariPool-1 - Start completed.
2026-09-12 10:06:19.186 [main] WARN  o.s.b.a.s.s.UserDetailsServiceAutoConfiguration - 

Using generated security password: 4c572745-2338-4bbf-94d2-a790b367ca73

This generated password is for development use only. Your security configuration must be updated before running your application in production.

2026-09-12 10:06:19.273 [main] INFO  o.s.b.a.w.s.WelcomePageHandlerMapping - Adding welcome page: class path resource [static/index.html]
2026-09-12 10:06:19.423 [main] INFO  o.s.b.a.e.web.EndpointLinksResolver - Exposing 4 endpoint(s) beneath base path '/actuator'
2026-09-12 10:06:19.471 [main] INFO  o.s.s.web.DefaultSecurityFilterChain - Will secure any request with [org.springframework.security.web.session.DisableEncodeUrlFilter@7e670cb8, org.springframework.security.web.context.request.async.WebAsyncManagerIntegrationFilter@e14f8a4, org.springframework.security.web.context.SecurityContextHolderFilter@54aa6f28, org.springframework.security.web.header.HeaderWriterFilter@74fc6718, org.springframework.security.web.authentication.logout.LogoutFilter@3cee49b1, com.aiservice.aireviewassistant.security.JwtAuthenticationFilter@7ea8211f, org.springframework.security.web.savedrequest.RequestCacheAwareFilter@3fa0984a, org.springframework.security.web.servletapi.SecurityContextHolderAwareRequestFilter@786e1cb0, org.springframework.security.web.authentication.AnonymousAuthenticationFilter@142dfa67, org.springframework.security.web.session.SessionManagementFilter@20f13990, org.springframework.security.web.access.ExceptionTranslationFilter@79b7e887, org.springframework.security.web.access.intercept.AuthorizationFilter@c148d8d]
2026-09-12 10:06:20.149 [main] ERROR i.n.r.d.DnsServerAddressStreamProviders - Unable to load io.netty.resolver.dns.macos.MacOSDnsServerAddressStreamProvider, fallback to system defaults. This may result in incorrect DNS resolutions on MacOS. Check whether you have a dependency on 'io.netty:netty-resolver-dns-native-macos'. Use DEBUG level to see the full stack: java.lang.UnsatisfiedLinkError: failed to load the required native library
2026-09-12 10:06:20.160 [main] INFO  o.a.coyote.http11.Http11NioProtocol - Starting ProtocolHandler ["http-nio-8080"]
2026-09-12 10:06:20.166 [main] INFO  o.s.b.w.e.tomcat.TomcatWebServer - Tomcat started on port 8080 (http) with context path ''
2026-09-12 10:06:20.181 [main] INFO  c.a.a.AiReviewAssistantApplication - Started AiReviewAssistantApplication in 4.281 seconds (process running for 4.582)
2026-09-12 10:06:20.737 [http-nio-8080-exec-1] INFO  o.a.c.c.C.[Tomcat].[localhost].[/] - Initializing Spring DispatcherServlet 'dispatcherServlet'
2026-09-12 10:06:20.737 [http-nio-8080-exec-1] INFO  o.s.web.servlet.DispatcherServlet - Initializing Servlet 'dispatcherServlet'
2026-09-12 10:06:20.738 [http-nio-8080-exec-1] INFO  o.s.web.servlet.DispatcherServlet - Completed initialization in 1 ms
2026-09-12 10:06:45.566 [http-nio-8080-exec-5] DEBUG c.a.a.m.C.selectList - ==>  Preparing: SELECT id,title,user_id,course_id,created_at,updated_at FROM conversation ORDER BY updated_at DESC
2026-09-12 10:06:45.575 [http-nio-8080-exec-5] DEBUG c.a.a.m.C.selectList - ==> Parameters: 
2026-09-12 10:06:45.592 [http-nio-8080-exec-5] DEBUG c.a.a.m.C.selectList - <==      Total: 5
2026-09-12 10:06:45.623 [http-nio-8080-exec-6] DEBUG c.a.a.m.ConversationMapper.insert - ==>  Preparing: INSERT INTO conversation ( title ) VALUES ( ? )
2026-09-12 10:06:45.624 [http-nio-8080-exec-6] DEBUG c.a.a.m.ConversationMapper.insert - ==> Parameters: 新对话(String)
2026-09-12 10:06:45.630 [http-nio-8080-exec-6] DEBUG c.a.a.m.ConversationMapper.insert - <==    Updates: 1
2026-09-12 10:06:45.640 [http-nio-8080-exec-7] DEBUG c.a.a.m.C.selectList - ==>  Preparing: SELECT id,title,user_id,course_id,created_at,updated_at FROM conversation ORDER BY updated_at DESC
2026-09-12 10:06:45.640 [http-nio-8080-exec-7] DEBUG c.a.a.m.C.selectList - ==> Parameters: 
2026-09-12 10:06:45.643 [http-nio-8080-exec-7] DEBUG c.a.a.m.C.selectList - <==      Total: 6
2026-09-12 10:06:51.660 [http-nio-8080-exec-8] DEBUG c.a.a.m.C.selectById - ==>  Preparing: SELECT id,title,user_id,course_id,created_at,updated_at FROM conversation WHERE id=?
2026-09-12 10:06:51.662 [http-nio-8080-exec-8] DEBUG c.a.a.m.C.selectById - ==> Parameters: 37(Integer)
2026-09-12 10:06:51.664 [http-nio-8080-exec-8] DEBUG c.a.a.m.C.selectById - <==      Total: 1
2026-09-12 10:06:51.666 [http-nio-8080-exec-8] DEBUG c.a.a.m.C.updateById - ==>  Preparing: UPDATE conversation SET title=?, created_at=?, updated_at=? WHERE id=?
2026-09-12 10:06:51.667 [http-nio-8080-exec-8] DEBUG c.a.a.m.C.updateById - ==> Parameters: 请帮我出几道关于计算机科学学科/知识点的选择题(String), 2026-09-12T10:06:45.624596(LocalDateTime), 2026-09-12T10:06:51.664725(LocalDateTime), 37(Integer)
2026-09-12 10:06:51.671 [http-nio-8080-exec-8] DEBUG c.a.a.m.C.updateById - <==    Updates: 1
2026-09-12 10:06:51.672 [http-nio-8080-exec-8] DEBUG c.a.a.mapper.MessageMapper.insert - ==>  Preparing: INSERT INTO message ( conversation_id, role, content ) VALUES ( ?, ?, ? )
2026-09-12 10:06:51.672 [http-nio-8080-exec-8] DEBUG c.a.a.mapper.MessageMapper.insert - ==> Parameters: 37(Integer), user(String), 请帮我出几道关于计算机科学学科/知识点的选择题(String)
2026-09-12 10:06:51.673 [http-nio-8080-exec-8] DEBUG c.a.a.mapper.MessageMapper.insert - <==    Updates: 1
2026-09-12 10:06:51.678 [http-nio-8080-exec-8] DEBUG c.a.a.m.MessageMapper.selectList - ==>  Preparing: SELECT id,conversation_id,role,content,intent,created_at FROM message WHERE (conversation_id = ?) ORDER BY created_at ASC LIMIT 10
2026-09-12 10:06:51.678 [http-nio-8080-exec-8] DEBUG c.a.a.m.MessageMapper.selectList - ==> Parameters: 37(Integer)
2026-09-12 10:06:51.680 [http-nio-8080-exec-8] DEBUG c.a.a.m.MessageMapper.selectList - <==      Total: 1
2026-09-12 10:06:53.566 [http-nio-8080-exec-8] DEBUG c.a.a.s.impl.ReviewAssistantAgent - ========== Agent 流式意图识别 ==========
2026-09-12 10:06:53.567 [http-nio-8080-exec-8] DEBUG c.a.a.s.impl.ReviewAssistantAgent - 用户消息: 请帮我出几道关于计算机科学学科/知识点的选择题
2026-09-12 10:06:53.567 [http-nio-8080-exec-8] DEBUG c.a.a.s.impl.ReviewAssistantAgent - 识别意图: QUIZ
2026-09-12 10:06:53.567 [http-nio-8080-exec-8] DEBUG c.a.a.s.impl.ReviewAssistantAgent - 提取参数: {count=5, topic=计算机科学}
2026-09-12 10:06:53.567 [http-nio-8080-exec-8] DEBUG c.a.a.s.impl.ReviewAssistantAgent - [Agent] 流式调用工具: QUIZ
2026-09-12 10:06:53.567 [http-nio-8080-exec-8] DEBUG c.a.a.s.impl.ReviewAssistantAgent - ================================
2026-09-12 10:07:30.461 [http-nio-8080-exec-8] DEBUG c.a.a.mapper.MessageMapper.insert - ==>  Preparing: INSERT INTO message ( conversation_id, role, content, intent ) VALUES ( ?, ?, ?, ? )
2026-09-12 10:07:30.462 [http-nio-8080-exec-8] DEBUG c.a.a.mapper.MessageMapper.insert - ==> Parameters: 37(Integer), assistant(String), 好的，这里为你准备了关于计算机科学的5道选择题。  
---  

### 题目 1：计算机科学  

在冯·诺依曼体系结构中，下列哪一项不是其核心组成部分？  

A. 运算器  
B. 控制器  
C. 硬盘驱动器（HDD）  
D. 存储器（内存）  

**答案：C**  

**解析：**  
- 冯·诺依曼体系结构的五大基本组成部分是：运算器、控制器、存储器、输入设备和输出设备；硬盘属于外部存储设备，不属于该模型定义的“主存储器”范畴，也不是其原始架构中的必需核心部件。  
- 运算器与控制器合称CPU，是该体系的核心执行单元，属于标准组成部分。  
- 存储器（即主存/内存）用于存放指令与数据，是冯·诺依曼模型中“存储程序”思想的物理载体，不可或缺。  
- 硬盘驱动器属于辅助存储设备，断电不丢失数据，但访问延迟高、非直接参与指令执行流程，故不属于冯·诺依曼体系结构的**核心**组成部分。  

---  

### 题目 2：计算机科学  

以下关于时间复杂度的陈述中，哪一项是正确的？  

A. 若算法A的时间复杂度为O(n²)，算法B为O(2ⁿ)，则对所有n≥1，A一定比B快  
B. O(log₂n) 和 O(log₁₀n) 在渐进意义下等价  
C. 某算法最坏情况时间复杂度为Θ(n log n)，意味着其最好情况一定是Ω(n log n)  
D. 如果一个算法的运行时间恒为100毫秒，其时间复杂度应记为O(100)  

**答案：B**  

**解析：**  
- A错误：大O表示上界，不保证实际运行时间关系；且O(2ⁿ)在小规模n时可能快于O(n²)，例如n=2时2²=4，2²=4，n=10时100 vs 1024，但“对所有n≥1一定快”过于绝对，且未考虑常数因子与低阶项影响。  
- B正确：log₂n = log₁₀n / log₁₀2，二者仅相差常数倍，根据大O定义，常数因子不影响渐进等价性，故O(log₂n) = O(log₁₀n)。  
- C错误：Θ(n log n)描述的是最坏情况的紧确界，但最好情况可能远优（如快速排序最坏Θ(n²)，最好为Θ(n log n)，但某些优化版本最好可为Θ(n)）；Θ界不约束其他情况。  
- D错误：时间复杂度忽略常数，恒定时间记为O(1)，而非O(100)；O(100)在数学上等价于O(1)，但按规范应写作O(1)。  

---  

### 题目 3：计算机科学  

下列哪种数据结构最适合实现优先队列（Priority Queue）以支持高效的插入和删除最高优先级元素操作？  

A. 有序单链表  
B. 平衡二叉搜索树（如AVL树）  
C. 最小堆（Min-Heap）  
D. 哈希表  

**答案：C**  

**解析：**  
- A错误：有序单链表插入需O(n)找位置，删除首元素虽为O(1)，但整体不均衡；且“最高优先级”若对应最大值，则需维护降序，仍无法避免线性查找插入点。  
- B可行但非最优：AVL树支持O(log n)插入/删除任意键，但优先队列只需访问/删除极值（最大或最小），无需按序遍历或范围查询，存在功能冗余，常数开销更大。  
- C正确：最小堆（或最大堆）是优先队列的经典底层实现——插入和删除堆顶（最高优先级）均可在O(log n)完成，空间紧凑，操作高度定制化，符合CLRS等权威教材推荐。  
- D错误：哈希表支持O(1)平均查找/插入/删除，但不维护任何顺序信息，无法在O(1)或O(log n)内定位最大/最小键值，不满足优先队列核心需求。  

---  

### 题目 4：计算机科学  

关于TCP协议的描述，以下哪一项是准确的？  

A. TCP提供无连接、尽力而为的数据传输服务  
B. TCP通过三次握手建立连接，但四次挥手并非必需，可合并为三次  
C. TCP头部中“窗口大小”字段用于流量控制，其单位是字节  
D. TCP使用IP地址和端口号共同标识一个连接，因此同一台主机上不同进程可复用相同端口号  

**答案：C**  

**解析：**  
- A错误：TCP是面向连接、可靠、基于字节流的协议；“无连接、尽力而为”是UDP的特征。  
- B错误：三次握手确保双方同步初始序列号并确认可达性；四次挥手是因TCP连接是全双工的，任一方都可独立关闭发送方向，FIN与ACK通常不能合并（尤其当被动方有数据未发完时），故标准过程为四次，不可简化为“必需三次”。  
- C正确：“窗口大小”字段（16位）指示接收方当前可用接收缓冲区大小，单位确为字节，是滑动窗口流量控制机制的核心参数。  
- D错误：TCP连接由四元组唯一标识：{源IP, 源端口, 目的IP, 目的端口}；同一主机上不同进程若绑定相同端口，除非使用SO_REUSEADDR等特殊选项且监听地址不同（如127.0.0.1 vs 0.0.0.0），否则会冲突；端口号本身不允许多进程随意复用。  

---  

### 题目 5：计算机科学  

在编译过程中，“语法分析”（Parsing）阶段的主要任务是：  

A. 将源代码转换为中间表示（如三地址码）  
B. 根据词法单元（token）序列，验证其是否符合语言的上下文无关文法，并构建语法树  
C. 检查变量是否声明后使用、类型是否匹配等语义约束  
D. 将汇编代码翻译成机器码  

**答案：B**  

**解析：**  
- A错误：生成中间表示属于“语义分析”或“中间代码生成”阶段的任务，发生在语法分析之后。  
- B正确：语法分析器（Parser）接收词法分析器输出的token流，依据语言的CFG（上下文无关文法）进行推导或归约，判断结构合法性，并输出抽象语法树（AST）或具体语法树（CST）。  
- C错误：变量声明检查、类型兼容性验证等属于“语义分析”阶段，依赖语法树但关注含义而非结构形式。  
- D错误：将汇编代码转机器码是“汇编器”（assembler）的工作，不属于编译器前端的语法分析环节；编译器后端负责目标代码生成，但语法分析是前端第一关。(String), QUIZ(String)
2026-09-12 10:07:30.467 [http-nio-8080-exec-8] DEBUG c.a.a.mapper.MessageMapper.insert - <==    Updates: 1
2026-09-12 10:07:30.469 [http-nio-8080-exec-8] DEBUG c.a.a.m.C.selectById - ==>  Preparing: SELECT id,title,user_id,course_id,created_at,updated_at FROM conversation WHERE id=?
2026-09-12 10:07:30.469 [http-nio-8080-exec-8] DEBUG c.a.a.m.C.selectById - ==> Parameters: 37(Integer)
2026-09-12 10:07:30.470 [http-nio-8080-exec-8] DEBUG c.a.a.m.C.selectById - <==      Total: 1
2026-09-12 10:07:30.471 [http-nio-8080-exec-8] DEBUG c.a.a.m.ReviewRecordsMapper.insert - ==>  Preparing: INSERT INTO review_records ( conversation_id, question, answer, created_at ) VALUES ( ?, ?, ?, ? )
2026-09-12 10:07:30.471 [http-nio-8080-exec-8] DEBUG c.a.a.m.ReviewRecordsMapper.insert - ==> Parameters: 37(Integer), 请帮我出几道关于计算机科学学科/知识点的选择题(String), 好的，这里为你准备了关于计算机科学的5道选择题。  
---  

### 题目 1：计算机科学  

在冯·诺依曼体系结构中，下列哪一项不是其核心组成部分？  

A. 运算器  
B. 控制器  
C. 硬盘驱动器（HDD）  
D. 存储器（内存）  

**答案：C**  

**解析：**  
- 冯·诺依曼体系结构的五大基本组成部分是：运算器、控制器、存储器、输入设备和输出设备；硬盘属于外部存储设备，不属于该模型定义的“主存储器”范畴，也不是其原始架构中的必需核心部件。  
- 运算器与控制器合称CPU，是该体系的核心执行单元，属于标准组成部分。  
- 存储器（即主存/内存）用于存放指令与数据，是冯·诺依曼模型中“存储程序”思想的物理载体，不可或缺。  
- 硬盘驱动器属于辅助存储设备，断电不丢失数据，但访问延迟高、非直接参与指令执行流程，故不属于冯·诺依曼体系结构的**核心**组成部分。  

---  

### 题目 2：计算机科学  

以下关于时间复杂度的陈述中，哪一项是正确的？  

A. 若算法A的时间复杂度为O(n²)，算法B为O(2ⁿ)，则对所有n≥1，A一定比B快  
B. O(log₂n) 和 O(log₁₀n) 在渐进意义下等价  
C. 某算法最坏情况时间复杂度为Θ(n log n)，意味着其最好情况一定是Ω(n log n)  
D. 如果一个算法的运行时间恒为100毫秒，其时间复杂度应记为O(100)  

**答案：B**  

**解析：**  
- A错误：大O表示上界，不保证实际运行时间关系；且O(2ⁿ)在小规模n时可能快于O(n²)，例如n=2时2²=4，2²=4，n=10时100 vs 1024，但“对所有n≥1一定快”过于绝对，且未考虑常数因子与低阶项影响。  
- B正确：log₂n = log₁₀n / log₁₀2，二者仅相差常数倍，根据大O定义，常数因子不影响渐进等价性，故O(log₂n) = O(log₁₀n)。  
- C错误：Θ(n log n)描述的是最坏情况的紧确界，但最好情况可能远优（如快速排序最坏Θ(n²)，最好为Θ(n log n)，但某些优化版本最好可为Θ(n)）；Θ界不约束其他情况。  
- D错误：时间复杂度忽略常数，恒定时间记为O(1)，而非O(100)；O(100)在数学上等价于O(1)，但按规范应写作O(1)。  

---  

### 题目 3：计算机科学  

下列哪种数据结构最适合实现优先队列（Priority Queue）以支持高效的插入和删除最高优先级元素操作？  

A. 有序单链表  
B. 平衡二叉搜索树（如AVL树）  
C. 最小堆（Min-Heap）  
D. 哈希表  

**答案：C**  

**解析：**  
- A错误：有序单链表插入需O(n)找位置，删除首元素虽为O(1)，但整体不均衡；且“最高优先级”若对应最大值，则需维护降序，仍无法避免线性查找插入点。  
- B可行但非最优：AVL树支持O(log n)插入/删除任意键，但优先队列只需访问/删除极值（最大或最小），无需按序遍历或范围查询，存在功能冗余，常数开销更大。  
- C正确：最小堆（或最大堆）是优先队列的经典底层实现——插入和删除堆顶（最高优先级）均可在O(log n)完成，空间紧凑，操作高度定制化，符合CLRS等权威教材推荐。  
- D错误：哈希表支持O(1)平均查找/插入/删除，但不维护任何顺序信息，无法在O(1)或O(log n)内定位最大/最小键值，不满足优先队列核心需求。  

---  

### 题目 4：计算机科学  

关于TCP协议的描述，以下哪一项是准确的？  

A. TCP提供无连接、尽力而为的数据传输服务  
B. TCP通过三次握手建立连接，但四次挥手并非必需，可合并为三次  
C. TCP头部中“窗口大小”字段用于流量控制，其单位是字节  
D. TCP使用IP地址和端口号共同标识一个连接，因此同一台主机上不同进程可复用相同端口号  

**答案：C**  

**解析：**  
- A错误：TCP是面向连接、可靠、基于字节流的协议；“无连接、尽力而为”是UDP的特征。  
- B错误：三次握手确保双方同步初始序列号并确认可达性；四次挥手是因TCP连接是全双工的，任一方都可独立关闭发送方向，FIN与ACK通常不能合并（尤其当被动方有数据未发完时），故标准过程为四次，不可简化为“必需三次”。  
- C正确：“窗口大小”字段（16位）指示接收方当前可用接收缓冲区大小，单位确为字节，是滑动窗口流量控制机制的核心参数。  
- D错误：TCP连接由四元组唯一标识：{源IP, 源端口, 目的IP, 目的端口}；同一主机上不同进程若绑定相同端口，除非使用SO_REUSEADDR等特殊选项且监听地址不同（如127.0.0.1 vs 0.0.0.0），否则会冲突；端口号本身不允许多进程随意复用。  

---  

### 题目 5：计算机科学  

在编译过程中，“语法分析”（Parsing）阶段的主要任务是：  

A. 将源代码转换为中间表示（如三地址码）  
B. 根据词法单元（token）序列，验证其是否符合语言的上下文无关文法，并构建语法树  
C. 检查变量是否声明后使用、类型是否匹配等语义约束  
D. 将汇编代码翻译成机器码  

**答案：B**  

**解析：**  
- A错误：生成中间表示属于“语义分析”或“中间代码生成”阶段的任务，发生在语法分析之后。  
- B正确：语法分析器（Parser）接收词法分析器输出的token流，依据语言的CFG（上下文无关文法）进行推导或归约，判断结构合法性，并输出抽象语法树（AST）或具体语法树（CST）。  
- C错误：变量声明检查、类型兼容性验证等属于“语义分析”阶段，依赖语法树但关注含义而非结构形式。  
- D错误：将汇编代码转机器码是“汇编器”（assembler）的工作，不属于编译器前端的语法分析环节；编译器后端负责目标代码生成，但语法分析是前端第一关。(String), 2026-09-12T10:07:30.470858(LocalDateTime)
2026-09-12 10:07:30.542 [http-nio-8080-exec-8] WARN  c.a.a.s.impl.ReviewAssistantAgent - [Agent] 保存复习记录失败: 
### Error updating database.  Cause: org.postgresql.util.PSQLException: ERROR: null value in column "course_id" of relation "review_records" violates not-null constraint
  Detail: Failing row contains (20, null, null, 请帮我出几道关于计算机科学学科/知识点的选择..., 好的，这里为你准备了关于计算机科学的5道选择..., 2026-09-12 10:07:30.470858, 37).
### The error may exist in com/aiservice/aireviewassistant/mapper/ReviewRecordsMapper.java (best guess)
### The error may involve com.aiservice.aireviewassistant.mapper.ReviewRecordsMapper.insert-Inline
### The error occurred while setting parameters
### SQL: INSERT INTO review_records  ( conversation_id,   question, answer, created_at )  VALUES (  ?,   ?, ?, ?  )
### Cause: org.postgresql.util.PSQLException: ERROR: null value in column "course_id" of relation "review_records" violates not-null constraint
  Detail: Failing row contains (20, null, null, 请帮我出几道关于计算机科学学科/知识点的选择..., 好的，这里为你准备了关于计算机科学的5道选择..., 2026-09-12 10:07:30.470858, 37).
; ERROR: null value in column "course_id" of relation "review_records" violates not-null constraint
  Detail: Failing row contains (20, null, null, 请帮我出几道关于计算机科学学科/知识点的选择..., 好的，这里为你准备了关于计算机科学的5道选择..., 2026-09-12 10:07:30.470858, 37).
2026-09-12 10:07:30.544 [http-nio-8080-exec-8] DEBUG c.a.a.mapper.AgentLogMapper.insert - ==>  Preparing: INSERT INTO agent_log ( conversation_id, user_message, intent, parameters, latency_ms, success, created_at ) VALUES ( ?, ?, ?, ?, ?, ?, ? )
2026-09-12 10:07:30.545 [http-nio-8080-exec-8] DEBUG c.a.a.mapper.AgentLogMapper.insert - ==> Parameters: 37(Integer), 请帮我出几道关于计算机科学学科/知识点的选择题(String), QUIZ(String), {"count":"5","topic":"计算机科学"}(String), 38886(Long), true(Boolean), 2026-09-12T10:07:30.543358(LocalDateTime)
2026-09-12 10:07:30.548 [http-nio-8080-exec-8] DEBUG c.a.a.mapper.AgentLogMapper.insert - <==    Updates: 1
2026-09-12 10:07:30.565 [http-nio-8080-exec-9] DEBUG c.a.a.m.C.selectList - ==>  Preparing: SELECT id,title,user_id,course_id,created_at,updated_at FROM conversation ORDER BY updated_at DESC
2026-09-12 10:07:30.566 [http-nio-8080-exec-9] DEBUG c.a.a.m.C.selectList - ==> Parameters: 
2026-09-12 10:07:30.568 [http-nio-8080-exec-9] DEBUG c.a.a.m.C.selectList - <==      Total: 6
2026-09-12 10:07:30.577 [http-nio-8080-exec-10] DEBUG c.a.a.m.C.selectList - ==>  Preparing: SELECT id,title,user_id,course_id,created_at,updated_at FROM conversation ORDER BY updated_at DESC
2026-09-12 10:07:30.577 [http-nio-8080-exec-10] DEBUG c.a.a.m.C.selectList - ==> Parameters: 
2026-09-12 10:07:30.579 [http-nio-8080-exec-10] DEBUG c.a.a.m.C.selectList - <==      Total: 6
2026-09-12 10:16:32.751 [background-preinit] INFO  o.h.validator.internal.util.Version - HV000001: Hibernate Validator 8.0.1.Final
2026-09-12 10:16:32.816 [main] INFO  c.a.a.AiReviewAssistantApplication - Starting AiReviewAssistantApplication v0.0.1-SNAPSHOT using Java 22.0.1 with PID 51007 (/Users/h3rtz/Desktop/ai-review-assistant/target/ai-review-assistant-0.0.1-SNAPSHOT.jar started by h3rtz in /Users/h3rtz/Desktop/ai-review-assistant)
2026-09-12 10:16:32.816 [main] DEBUG c.a.a.AiReviewAssistantApplication - Running with Spring Boot v3.2.10, Spring v6.1.13
2026-09-12 10:16:32.816 [main] INFO  c.a.a.AiReviewAssistantApplication - No active profile set, falling back to 1 default profile: "default"
2026-09-12 10:16:34.381 [main] INFO  o.s.b.w.e.tomcat.TomcatWebServer - Tomcat initialized with port 8080 (http)
2026-09-12 10:16:34.388 [main] INFO  o.a.coyote.http11.Http11NioProtocol - Initializing ProtocolHandler ["http-nio-8080"]
2026-09-12 10:16:34.390 [main] INFO  o.a.catalina.core.StandardService - Starting service [Tomcat]
2026-09-12 10:16:34.390 [main] INFO  o.a.catalina.core.StandardEngine - Starting Servlet engine: [Apache Tomcat/10.1.30]
2026-09-12 10:16:34.408 [main] INFO  o.a.c.c.C.[Tomcat].[localhost].[/] - Initializing Spring embedded WebApplicationContext
2026-09-12 10:16:34.408 [main] INFO  o.s.b.w.s.c.ServletWebServerApplicationContext - Root WebApplicationContext: initialization completed in 1567 ms
2026-09-12 10:16:34.932 [main] INFO  o.s.a.v.pgvector.PgVectorStore - Using the vector table name: vector_store. Is empty: false
2026-09-12 10:16:34.934 [main] INFO  o.s.a.v.pgvector.PgVectorStore - Initializing PGVectorStore schema for table: vector_store in schema: public
2026-09-12 10:16:34.934 [main] INFO  o.s.a.v.pgvector.PgVectorStore - vectorTableValidationsEnabled false
2026-09-12 10:16:34.937 [main] INFO  com.zaxxer.hikari.HikariDataSource - HikariPool-1 - Starting...
2026-09-12 10:16:35.032 [main] INFO  com.zaxxer.hikari.pool.HikariPool - HikariPool-1 - Added connection org.postgresql.jdbc.PgConnection@9aef059
2026-09-12 10:16:35.033 [main] INFO  com.zaxxer.hikari.HikariDataSource - HikariPool-1 - Start completed.
2026-09-12 10:16:35.686 [main] WARN  o.s.b.a.s.s.UserDetailsServiceAutoConfiguration - 

Using generated security password: 83d23583-dc7c-43c2-b2af-64991507d796

This generated password is for development use only. Your security configuration must be updated before running your application in production.

2026-09-12 10:16:35.778 [main] INFO  o.s.b.a.w.s.WelcomePageHandlerMapping - Adding welcome page: class path resource [static/index.html]
2026-09-12 10:16:35.942 [main] INFO  o.s.b.a.e.web.EndpointLinksResolver - Exposing 4 endpoint(s) beneath base path '/actuator'
2026-09-12 10:16:35.997 [main] INFO  o.s.s.web.DefaultSecurityFilterChain - Will secure any request with [org.springframework.security.web.session.DisableEncodeUrlFilter@72d10fac, org.springframework.security.web.context.request.async.WebAsyncManagerIntegrationFilter@45b23448, org.springframework.security.web.context.SecurityContextHolderFilter@5528de92, org.springframework.security.web.header.HeaderWriterFilter@6ea7e4e5, org.springframework.security.web.authentication.logout.LogoutFilter@4752881, com.aiservice.aireviewassistant.security.JwtAuthenticationFilter@54202c68, org.springframework.security.web.savedrequest.RequestCacheAwareFilter@7876b877, org.springframework.security.web.servletapi.SecurityContextHolderAwareRequestFilter@2facbddb, org.springframework.security.web.authentication.AnonymousAuthenticationFilter@6d64477a, org.springframework.security.web.session.SessionManagementFilter@51bd755b, org.springframework.security.web.access.ExceptionTranslationFilter@444dcee2, org.springframework.security.web.access.intercept.AuthorizationFilter@780fa845]
2026-09-12 10:16:36.718 [main] ERROR i.n.r.d.DnsServerAddressStreamProviders - Unable to load io.netty.resolver.dns.macos.MacOSDnsServerAddressStreamProvider, fallback to system defaults. This may result in incorrect DNS resolutions on MacOS. Check whether you have a dependency on 'io.netty:netty-resolver-dns-native-macos'. Use DEBUG level to see the full stack: java.lang.UnsatisfiedLinkError: failed to load the required native library
2026-09-12 10:16:36.724 [main] INFO  o.a.coyote.http11.Http11NioProtocol - Starting ProtocolHandler ["http-nio-8080"]
2026-09-12 10:16:36.730 [main] INFO  o.s.b.w.e.tomcat.TomcatWebServer - Tomcat started on port 8080 (http) with context path ''
2026-09-12 10:16:36.745 [main] INFO  c.a.a.AiReviewAssistantApplication - Started AiReviewAssistantApplication in 4.31 seconds (process running for 4.648)
2026-09-12 10:16:37.240 [http-nio-8080-exec-1] INFO  o.a.c.c.C.[Tomcat].[localhost].[/] - Initializing Spring DispatcherServlet 'dispatcherServlet'
2026-09-12 10:16:37.240 [http-nio-8080-exec-1] INFO  o.s.web.servlet.DispatcherServlet - Initializing Servlet 'dispatcherServlet'
2026-09-12 10:16:37.241 [http-nio-8080-exec-1] INFO  o.s.web.servlet.DispatcherServlet - Completed initialization in 1 ms
2026-09-12 10:18:06.534 [SpringApplicationShutdownHook] INFO  com.zaxxer.hikari.HikariDataSource - HikariPool-1 - Shutdown initiated...
2026-09-12 10:18:06.541 [SpringApplicationShutdownHook] INFO  com.zaxxer.hikari.HikariDataSource - HikariPool-1 - Shutdown completed.
2026-09-12 10:18:09.169 [background-preinit] INFO  o.h.validator.internal.util.Version - HV000001: Hibernate Validator 8.0.1.Final
2026-09-12 10:18:09.237 [main] INFO  c.a.a.AiReviewAssistantApplication - Starting AiReviewAssistantApplication v0.0.1-SNAPSHOT using Java 22.0.1 with PID 51417 (/Users/h3rtz/Desktop/ai-review-assistant/target/ai-review-assistant-0.0.1-SNAPSHOT.jar started by h3rtz in /Users/h3rtz/Desktop/ai-review-assistant)
2026-09-12 10:18:09.237 [main] DEBUG c.a.a.AiReviewAssistantApplication - Running with Spring Boot v3.2.10, Spring v6.1.13
2026-09-12 10:18:09.237 [main] INFO  c.a.a.AiReviewAssistantApplication - No active profile set, falling back to 1 default profile: "default"
2026-09-12 10:18:10.608 [main] INFO  o.s.b.w.e.tomcat.TomcatWebServer - Tomcat initialized with port 8080 (http)
2026-09-12 10:18:10.614 [main] INFO  o.a.coyote.http11.Http11NioProtocol - Initializing ProtocolHandler ["http-nio-8080"]
2026-09-12 10:18:10.616 [main] INFO  o.a.catalina.core.StandardService - Starting service [Tomcat]
2026-09-12 10:18:10.616 [main] INFO  o.a.catalina.core.StandardEngine - Starting Servlet engine: [Apache Tomcat/10.1.30]
2026-09-12 10:18:10.634 [main] INFO  o.a.c.c.C.[Tomcat].[localhost].[/] - Initializing Spring embedded WebApplicationContext
2026-09-12 10:18:10.635 [main] INFO  o.s.b.w.s.c.ServletWebServerApplicationContext - Root WebApplicationContext: initialization completed in 1374 ms
2026-09-12 10:18:11.096 [main] INFO  o.s.a.v.pgvector.PgVectorStore - Using the vector table name: vector_store. Is empty: false
2026-09-12 10:18:11.098 [main] INFO  o.s.a.v.pgvector.PgVectorStore - Initializing PGVectorStore schema for table: vector_store in schema: public
2026-09-12 10:18:11.098 [main] INFO  o.s.a.v.pgvector.PgVectorStore - vectorTableValidationsEnabled false
2026-09-12 10:18:11.100 [main] INFO  com.zaxxer.hikari.HikariDataSource - HikariPool-1 - Starting...
2026-09-12 10:18:11.176 [main] INFO  com.zaxxer.hikari.pool.HikariPool - HikariPool-1 - Added connection org.postgresql.jdbc.PgConnection@49c38db9
2026-09-12 10:18:11.177 [main] INFO  com.zaxxer.hikari.HikariDataSource - HikariPool-1 - Start completed.
2026-09-12 10:18:11.755 [main] WARN  o.s.b.a.s.s.UserDetailsServiceAutoConfiguration - 

Using generated security password: 2129dcfe-fd4c-4ce4-a281-288e076452cf

This generated password is for development use only. Your security configuration must be updated before running your application in production.

2026-09-12 10:18:11.850 [main] INFO  o.s.b.a.w.s.WelcomePageHandlerMapping - Adding welcome page: class path resource [static/index.html]
2026-09-12 10:18:11.988 [main] INFO  o.s.b.a.e.web.EndpointLinksResolver - Exposing 4 endpoint(s) beneath base path '/actuator'
2026-09-12 10:18:12.038 [main] INFO  o.s.s.web.DefaultSecurityFilterChain - Will secure any request with [org.springframework.security.web.session.DisableEncodeUrlFilter@fca526c, org.springframework.security.web.context.request.async.WebAsyncManagerIntegrationFilter@5b165ddd, org.springframework.security.web.context.SecurityContextHolderFilter@3352a796, org.springframework.security.web.header.HeaderWriterFilter@3a84cc0d, org.springframework.security.web.authentication.logout.LogoutFilter@51bd755b, com.aiservice.aireviewassistant.security.JwtAuthenticationFilter@453b1c5, org.springframework.security.web.savedrequest.RequestCacheAwareFilter@27fd6916, org.springframework.security.web.servletapi.SecurityContextHolderAwareRequestFilter@9d55c44, org.springframework.security.web.authentication.AnonymousAuthenticationFilter@55c2b8c3, org.springframework.security.web.session.SessionManagementFilter@74fc6718, org.springframework.security.web.access.ExceptionTranslationFilter@602d1668, org.springframework.security.web.access.intercept.AuthorizationFilter@73ffde5e]
2026-09-12 10:18:12.625 [main] ERROR i.n.r.d.DnsServerAddressStreamProviders - Unable to load io.netty.resolver.dns.macos.MacOSDnsServerAddressStreamProvider, fallback to system defaults. This may result in incorrect DNS resolutions on MacOS. Check whether you have a dependency on 'io.netty:netty-resolver-dns-native-macos'. Use DEBUG level to see the full stack: java.lang.UnsatisfiedLinkError: failed to load the required native library
2026-09-12 10:18:12.632 [main] INFO  o.a.coyote.http11.Http11NioProtocol - Starting ProtocolHandler ["http-nio-8080"]
2026-09-12 10:18:12.636 [main] INFO  o.s.b.w.e.tomcat.TomcatWebServer - Tomcat started on port 8080 (http) with context path ''
2026-09-12 10:18:12.661 [main] INFO  c.a.a.AiReviewAssistantApplication - Started AiReviewAssistantApplication in 3.759 seconds (process running for 4.05)
2026-09-12 10:18:12.691 [http-nio-8080-exec-1] INFO  o.a.c.c.C.[Tomcat].[localhost].[/] - Initializing Spring DispatcherServlet 'dispatcherServlet'
2026-09-12 10:18:12.691 [http-nio-8080-exec-1] INFO  o.s.web.servlet.DispatcherServlet - Initializing Servlet 'dispatcherServlet'
2026-09-12 10:18:12.692 [http-nio-8080-exec-1] INFO  o.s.web.servlet.DispatcherServlet - Completed initialization in 1 ms
2026-09-12 10:18:25.065 [http-nio-8080-exec-4] DEBUG c.a.a.m.C.selectList - ==>  Preparing: SELECT id,title,user_id,course_id,created_at,updated_at FROM conversation ORDER BY updated_at DESC
2026-09-12 10:18:25.073 [http-nio-8080-exec-4] DEBUG c.a.a.m.C.selectList - ==> Parameters: 
2026-09-12 10:18:25.089 [http-nio-8080-exec-4] DEBUG c.a.a.m.C.selectList - <==      Total: 6
2026-09-12 10:18:25.118 [http-nio-8080-exec-5] DEBUG c.a.a.m.ConversationMapper.insert - ==>  Preparing: INSERT INTO conversation ( title ) VALUES ( ? )
2026-09-12 10:18:25.119 [http-nio-8080-exec-5] DEBUG c.a.a.m.ConversationMapper.insert - ==> Parameters: 新对话(String)
2026-09-12 10:18:25.124 [http-nio-8080-exec-5] DEBUG c.a.a.m.ConversationMapper.insert - <==    Updates: 1
2026-09-12 10:18:25.131 [http-nio-8080-exec-6] DEBUG c.a.a.m.C.selectList - ==>  Preparing: SELECT id,title,user_id,course_id,created_at,updated_at FROM conversation ORDER BY updated_at DESC
2026-09-12 10:18:25.131 [http-nio-8080-exec-6] DEBUG c.a.a.m.C.selectList - ==> Parameters: 
2026-09-12 10:18:25.133 [http-nio-8080-exec-6] DEBUG c.a.a.m.C.selectList - <==      Total: 7
2026-09-12 10:18:26.483 [http-nio-8080-exec-8] DEBUG c.a.a.m.C.selectList - ==>  Preparing: SELECT id,title,user_id,course_id,created_at,updated_at FROM conversation ORDER BY updated_at DESC
2026-09-12 10:18:26.484 [http-nio-8080-exec-8] DEBUG c.a.a.m.C.selectList - ==> Parameters: 
2026-09-12 10:18:26.487 [http-nio-8080-exec-8] DEBUG c.a.a.m.C.selectList - <==      Total: 7
2026-09-12 10:18:27.296 [http-nio-8080-exec-10] DEBUG c.a.a.m.C.selectList - ==>  Preparing: SELECT id,title,user_id,course_id,created_at,updated_at FROM conversation ORDER BY updated_at DESC
2026-09-12 10:18:27.296 [http-nio-8080-exec-10] DEBUG c.a.a.m.C.selectList - ==> Parameters: 
2026-09-12 10:18:27.299 [http-nio-8080-exec-10] DEBUG c.a.a.m.C.selectList - <==      Total: 7
2026-09-12 10:18:27.964 [http-nio-8080-exec-2] DEBUG c.a.a.m.C.selectList - ==>  Preparing: SELECT id,title,user_id,course_id,created_at,updated_at FROM conversation ORDER BY updated_at DESC
2026-09-12 10:18:27.965 [http-nio-8080-exec-2] DEBUG c.a.a.m.C.selectList - ==> Parameters: 
2026-09-12 10:18:27.968 [http-nio-8080-exec-2] DEBUG c.a.a.m.C.selectList - <==      Total: 7
2026-09-12 10:18:29.098 [http-nio-8080-exec-4] DEBUG c.a.a.m.C.selectList - ==>  Preparing: SELECT id,title,user_id,course_id,created_at,updated_at FROM conversation ORDER BY updated_at DESC
2026-09-12 10:18:29.098 [http-nio-8080-exec-4] DEBUG c.a.a.m.C.selectList - ==> Parameters: 
2026-09-12 10:18:29.103 [http-nio-8080-exec-4] DEBUG c.a.a.m.C.selectList - <==      Total: 7
2026-09-12 10:18:29.528 [http-nio-8080-exec-6] DEBUG c.a.a.m.C.selectList - ==>  Preparing: SELECT id,title,user_id,course_id,created_at,updated_at FROM conversation ORDER BY updated_at DESC
2026-09-12 10:18:29.529 [http-nio-8080-exec-6] DEBUG c.a.a.m.C.selectList - ==> Parameters: 
2026-09-12 10:18:29.532 [http-nio-8080-exec-6] DEBUG c.a.a.m.C.selectList - <==      Total: 7
2026-09-12 10:18:30.062 [http-nio-8080-exec-8] DEBUG c.a.a.m.C.selectList - ==>  Preparing: SELECT id,title,user_id,course_id,created_at,updated_at FROM conversation ORDER BY updated_at DESC
2026-09-12 10:18:30.063 [http-nio-8080-exec-8] DEBUG c.a.a.m.C.selectList - ==> Parameters: 
2026-09-12 10:18:30.065 [http-nio-8080-exec-8] DEBUG c.a.a.m.C.selectList - <==      Total: 7
2026-09-12 10:18:30.747 [http-nio-8080-exec-10] DEBUG c.a.a.m.C.selectList - ==>  Preparing: SELECT id,title,user_id,course_id,created_at,updated_at FROM conversation ORDER BY updated_at DESC
2026-09-12 10:18:30.747 [http-nio-8080-exec-10] DEBUG c.a.a.m.C.selectList - ==> Parameters: 
2026-09-12 10:18:30.750 [http-nio-8080-exec-10] DEBUG c.a.a.m.C.selectList - <==      Total: 7
2026-09-12 10:19:24.031 [http-nio-8080-exec-2] DEBUG c.a.a.m.C.selectList - ==>  Preparing: SELECT id,title,user_id,course_id,created_at,updated_at FROM conversation ORDER BY updated_at DESC
2026-09-12 10:19:24.032 [http-nio-8080-exec-2] DEBUG c.a.a.m.C.selectList - ==> Parameters: 
2026-09-12 10:19:24.036 [http-nio-8080-exec-2] DEBUG c.a.a.m.C.selectList - <==      Total: 7
2026-09-12 10:20:18.224 [http-nio-8080-exec-3] DEBUG c.a.a.m.AppUserMapper.selectList - ==>  Preparing: SELECT id,username,password,nickname,avatar,role,created_at,updated_at FROM app_user WHERE (username = ?)
2026-09-12 10:20:18.225 [http-nio-8080-exec-3] DEBUG c.a.a.m.AppUserMapper.selectList - ==> Parameters: admin(String)
2026-09-12 10:20:18.229 [http-nio-8080-exec-3] DEBUG c.a.a.m.AppUserMapper.selectList - <==      Total: 1
2026-09-12 10:20:56.303 [http-nio-8080-exec-5] DEBUG c.a.a.m.AppUserMapper.selectList - ==>  Preparing: SELECT id,username,password,nickname,avatar,role,created_at,updated_at FROM app_user WHERE (username = ?)
2026-09-12 10:20:56.304 [http-nio-8080-exec-5] DEBUG c.a.a.m.AppUserMapper.selectList - ==> Parameters: admin(String)
2026-09-12 10:20:56.308 [http-nio-8080-exec-5] DEBUG c.a.a.m.AppUserMapper.selectList - <==      Total: 1
2026-09-12 10:25:11.188 [HikariPool-1 housekeeper] WARN  com.zaxxer.hikari.pool.HikariPool - HikariPool-1 - Retrograde clock change detected (housekeeper delta=29s850ms), soft-evicting connections from pool.
2026-09-12 10:27:00.504 [http-nio-8080-exec-6] DEBUG c.a.a.m.C.selectList - ==>  Preparing: SELECT id,title,user_id,course_id,created_at,updated_at FROM conversation ORDER BY updated_at DESC
2026-09-12 10:27:00.506 [http-nio-8080-exec-6] DEBUG c.a.a.m.C.selectList - ==> Parameters: 
2026-09-12 10:27:00.514 [http-nio-8080-exec-6] DEBUG c.a.a.m.C.selectList - <==      Total: 7
2026-09-12 10:28:12.833 [http-nio-8080-exec-7] DEBUG c.a.a.m.AppUserMapper.selectList - ==>  Preparing: SELECT id,username,password,nickname,avatar,role,created_at,updated_at FROM app_user WHERE (username = ?)
2026-09-12 10:28:12.835 [http-nio-8080-exec-7] DEBUG c.a.a.m.AppUserMapper.selectList - ==> Parameters: admin(String)
2026-09-12 10:28:12.839 [http-nio-8080-exec-7] DEBUG c.a.a.m.AppUserMapper.selectList - <==      Total: 1
2026-09-12 10:28:41.353 [http-nio-8080-exec-9] DEBUG c.a.a.m.AppUserMapper.selectList - ==>  Preparing: SELECT id,username,password,nickname,avatar,role,created_at,updated_at FROM app_user WHERE (username = ?)
2026-09-12 10:28:41.353 [http-nio-8080-exec-9] DEBUG c.a.a.m.AppUserMapper.selectList - ==> Parameters: admin(String)
2026-09-12 10:28:41.356 [http-nio-8080-exec-9] DEBUG c.a.a.m.AppUserMapper.selectList - <==      Total: 1
2026-09-12 10:49:50.954 [background-preinit] INFO  o.h.validator.internal.util.Version - HV000001: Hibernate Validator 8.0.1.Final
2026-09-12 10:49:51.020 [main] INFO  c.a.a.AiReviewAssistantApplication - Starting AiReviewAssistantApplication v0.0.1-SNAPSHOT using Java 22.0.1 with PID 60184 (/Users/h3rtz/Desktop/ai-review-assistant/target/ai-review-assistant-0.0.1-SNAPSHOT.jar started by h3rtz in /Users/h3rtz/Desktop/ai-review-assistant)
2026-09-12 10:49:51.020 [main] DEBUG c.a.a.AiReviewAssistantApplication - Running with Spring Boot v3.2.10, Spring v6.1.13
2026-09-12 10:49:51.021 [main] INFO  c.a.a.AiReviewAssistantApplication - No active profile set, falling back to 1 default profile: "default"
2026-09-12 10:49:52.524 [main] INFO  o.s.b.w.e.tomcat.TomcatWebServer - Tomcat initialized with port 8080 (http)
2026-09-12 10:49:52.531 [main] INFO  o.a.coyote.http11.Http11NioProtocol - Initializing ProtocolHandler ["http-nio-8080"]
2026-09-12 10:49:52.533 [main] INFO  o.a.catalina.core.StandardService - Starting service [Tomcat]
2026-09-12 10:49:52.533 [main] INFO  o.a.catalina.core.StandardEngine - Starting Servlet engine: [Apache Tomcat/10.1.30]
2026-09-12 10:49:52.552 [main] INFO  o.a.c.c.C.[Tomcat].[localhost].[/] - Initializing Spring embedded WebApplicationContext
2026-09-12 10:49:52.553 [main] INFO  o.s.b.w.s.c.ServletWebServerApplicationContext - Root WebApplicationContext: initialization completed in 1500 ms
2026-09-12 10:49:53.049 [main] INFO  o.s.a.v.pgvector.PgVectorStore - Using the vector table name: vector_store. Is empty: false
2026-09-12 10:49:53.051 [main] INFO  o.s.a.v.pgvector.PgVectorStore - Initializing PGVectorStore schema for table: vector_store in schema: public
2026-09-12 10:49:53.051 [main] INFO  o.s.a.v.pgvector.PgVectorStore - vectorTableValidationsEnabled false
2026-09-12 10:49:53.053 [main] INFO  com.zaxxer.hikari.HikariDataSource - HikariPool-1 - Starting...
2026-09-12 10:49:53.132 [main] INFO  com.zaxxer.hikari.pool.HikariPool - HikariPool-1 - Added connection org.postgresql.jdbc.PgConnection@9aef059
2026-09-12 10:49:53.144 [main] INFO  com.zaxxer.hikari.HikariDataSource - HikariPool-1 - Start completed.
2026-09-12 10:49:53.884 [main] WARN  o.s.b.a.s.s.UserDetailsServiceAutoConfiguration - 

Using generated security password: 378373fc-f77c-4a7f-9006-33384af19c3e

This generated password is for development use only. Your security configuration must be updated before running your application in production.

2026-09-12 10:49:53.990 [main] INFO  o.s.b.a.w.s.WelcomePageHandlerMapping - Adding welcome page: class path resource [static/index.html]
2026-09-12 10:49:54.168 [main] INFO  o.s.b.a.e.web.EndpointLinksResolver - Exposing 4 endpoint(s) beneath base path '/actuator'
2026-09-12 10:49:54.220 [main] INFO  o.s.s.web.DefaultSecurityFilterChain - Will secure any request with [org.springframework.security.web.session.DisableEncodeUrlFilter@72d10fac, org.springframework.security.web.context.request.async.WebAsyncManagerIntegrationFilter@45b23448, org.springframework.security.web.context.SecurityContextHolderFilter@5528de92, org.springframework.security.web.header.HeaderWriterFilter@6ea7e4e5, org.springframework.security.web.authentication.logout.LogoutFilter@4752881, com.aiservice.aireviewassistant.security.JwtAuthenticationFilter@54202c68, org.springframework.security.web.savedrequest.RequestCacheAwareFilter@7876b877, org.springframework.security.web.servletapi.SecurityContextHolderAwareRequestFilter@2facbddb, org.springframework.security.web.authentication.AnonymousAuthenticationFilter@6d64477a, org.springframework.security.web.session.SessionManagementFilter@51bd755b, org.springframework.security.web.access.ExceptionTranslationFilter@444dcee2, org.springframework.security.web.access.intercept.AuthorizationFilter@780fa845]
2026-09-12 10:49:54.952 [main] ERROR i.n.r.d.DnsServerAddressStreamProviders - Unable to load io.netty.resolver.dns.macos.MacOSDnsServerAddressStreamProvider, fallback to system defaults. This may result in incorrect DNS resolutions on MacOS. Check whether you have a dependency on 'io.netty:netty-resolver-dns-native-macos'. Use DEBUG level to see the full stack: java.lang.UnsatisfiedLinkError: failed to load the required native library
2026-09-12 10:49:54.960 [main] INFO  o.a.coyote.http11.Http11NioProtocol - Starting ProtocolHandler ["http-nio-8080"]
2026-09-12 10:49:54.967 [main] INFO  o.s.b.w.e.tomcat.TomcatWebServer - Tomcat started on port 8080 (http) with context path ''
2026-09-12 10:49:54.992 [main] INFO  c.a.a.AiReviewAssistantApplication - Started AiReviewAssistantApplication in 4.365 seconds (process running for 4.664)
2026-09-12 10:49:55.476 [http-nio-8080-exec-1] INFO  o.a.c.c.C.[Tomcat].[localhost].[/] - Initializing Spring DispatcherServlet 'dispatcherServlet'
2026-09-12 10:49:55.476 [http-nio-8080-exec-1] INFO  o.s.web.servlet.DispatcherServlet - Initializing Servlet 'dispatcherServlet'
2026-09-12 10:49:55.477 [http-nio-8080-exec-1] INFO  o.s.web.servlet.DispatcherServlet - Completed initialization in 1 ms
2026-09-12 10:52:33.153 [http-nio-8080-exec-4] ERROR c.a.a.e.GlobalExceptionHandler - 系统异常: Request method 'GET' is not supported
org.springframework.web.HttpRequestMethodNotSupportedException: Request method 'GET' is not supported
	at org.springframework.web.servlet.mvc.method.RequestMappingInfoHandlerMapping.handleNoMatch(RequestMappingInfoHandlerMapping.java:267)
	at org.springframework.web.servlet.handler.AbstractHandlerMethodMapping.lookupHandlerMethod(AbstractHandlerMethodMapping.java:441)
	at org.springframework.web.servlet.handler.AbstractHandlerMethodMapping.getHandlerInternal(AbstractHandlerMethodMapping.java:382)
	at org.springframework.web.servlet.mvc.method.RequestMappingInfoHandlerMapping.getHandlerInternal(RequestMappingInfoHandlerMapping.java:127)
	at org.springframework.web.servlet.mvc.method.RequestMappingInfoHandlerMapping.getHandlerInternal(RequestMappingInfoHandlerMapping.java:68)
	at org.springframework.web.servlet.handler.AbstractHandlerMapping.getHandler(AbstractHandlerMapping.java:507)
	at org.springframework.web.servlet.DispatcherServlet.getHandler(DispatcherServlet.java:1284)
	at org.springframework.web.servlet.DispatcherServlet.doDispatch(DispatcherServlet.java:1065)
	at org.springframework.web.servlet.DispatcherServlet.doService(DispatcherServlet.java:979)
	at org.springframework.web.servlet.FrameworkServlet.processRequest(FrameworkServlet.java:1014)
	at org.springframework.web.servlet.FrameworkServlet.doGet(FrameworkServlet.java:903)
	at jakarta.servlet.http.HttpServlet.service(HttpServlet.java:564)
	at org.springframework.web.servlet.FrameworkServlet.service(FrameworkServlet.java:885)
	at jakarta.servlet.http.HttpServlet.service(HttpServlet.java:658)
	at org.apache.catalina.core.ApplicationFilterChain.internalDoFilter(ApplicationFilterChain.java:195)
	at org.apache.catalina.core.ApplicationFilterChain.doFilter(ApplicationFilterChain.java:140)
	at org.apache.tomcat.websocket.server.WsFilter.doFilter(WsFilter.java:51)
	at org.apache.catalina.core.ApplicationFilterChain.internalDoFilter(ApplicationFilterChain.java:164)
	at org.apache.catalina.core.ApplicationFilterChain.doFilter(ApplicationFilterChain.java:140)
	at org.springframework.web.filter.CompositeFilter$VirtualFilterChain.doFilter(CompositeFilter.java:108)
	at org.springframework.security.web.FilterChainProxy.lambda$doFilterInternal$3(FilterChainProxy.java:231)
	at org.springframework.security.web.ObservationFilterChainDecorator$FilterObservation$SimpleFilterObservation.lambda$wrap$1(ObservationFilterChainDecorator.java:479)
	at org.springframework.security.web.ObservationFilterChainDecorator$AroundFilterObservation$SimpleAroundFilterObservation.lambda$wrap$1(ObservationFilterChainDecorator.java:340)
	at org.springframework.security.web.ObservationFilterChainDecorator.lambda$wrapSecured$0(ObservationFilterChainDecorator.java:82)
	at org.springframework.security.web.ObservationFilterChainDecorator$VirtualFilterChain.doFilter(ObservationFilterChainDecorator.java:128)
	at org.springframework.security.web.access.intercept.AuthorizationFilter.doFilter(AuthorizationFilter.java:100)
	at org.springframework.security.web.ObservationFilterChainDecorator$ObservationFilter.wrapFilter(ObservationFilterChainDecorator.java:240)
	at org.springframework.security.web.ObservationFilterChainDecorator$ObservationFilter.doFilter(ObservationFilterChainDecorator.java:227)
	at org.springframework.security.web.ObservationFilterChainDecorator$VirtualFilterChain.doFilter(ObservationFilterChainDecorator.java:137)
	at org.springframework.security.web.access.ExceptionTranslationFilter.doFilter(ExceptionTranslationFilter.java:126)
	at org.springframework.security.web.access.ExceptionTranslationFilter.doFilter(ExceptionTranslationFilter.java:120)
	at org.springframework.security.web.ObservationFilterChainDecorator$ObservationFilter.wrapFilter(ObservationFilterChainDecorator.java:240)
	at org.springframework.security.web.ObservationFilterChainDecorator$ObservationFilter.doFilter(ObservationFilterChainDecorator.java:227)
	at org.springframework.security.web.ObservationFilterChainDecorator$VirtualFilterChain.doFilter(ObservationFilterChainDecorator.java:137)
	at org.springframework.security.web.session.SessionManagementFilter.doFilter(SessionManagementFilter.java:131)
	at org.springframework.security.web.session.SessionManagementFilter.doFilter(SessionManagementFilter.java:85)
	at org.springframework.security.web.ObservationFilterChainDecorator$ObservationFilter.wrapFilter(ObservationFilterChainDecorator.java:240)
	at org.springframework.security.web.ObservationFilterChainDecorator$ObservationFilter.doFilter(ObservationFilterChainDecorator.java:227)
	at org.springframework.security.web.ObservationFilterChainDecorator$VirtualFilterChain.doFilter(ObservationFilterChainDecorator.java:137)
	at org.springframework.security.web.authentication.AnonymousAuthenticationFilter.doFilter(AnonymousAuthenticationFilter.java:100)
	at org.springframework.security.web.ObservationFilterChainDecorator$ObservationFilter.wrapFilter(ObservationFilterChainDecorator.java:240)
	at org.springframework.security.web.ObservationFilterChainDecorator$ObservationFilter.doFilter(ObservationFilterChainDecorator.java:227)
	at org.springframework.security.web.ObservationFilterChainDecorator$VirtualFilterChain.doFilter(ObservationFilterChainDecorator.java:137)
	at org.springframework.security.web.servletapi.SecurityContextHolderAwareRequestFilter.doFilter(SecurityContextHolderAwareRequestFilter.java:179)
	at org.springframework.security.web.ObservationFilterChainDecorator$ObservationFilter.wrapFilter(ObservationFilterChainDecorator.java:240)
	at org.springframework.security.web.ObservationFilterChainDecorator$ObservationFilter.doFilter(ObservationFilterChainDecorator.java:227)
	at org.springframework.security.web.ObservationFilterChainDecorator$VirtualFilterChain.doFilter(ObservationFilterChainDecorator.java:137)
	at org.springframework.security.web.savedrequest.RequestCacheAwareFilter.doFilter(RequestCacheAwareFilter.java:63)
	at org.springframework.security.web.ObservationFilterChainDecorator$ObservationFilter.wrapFilter(ObservationFilterChainDecorator.java:240)
	at org.springframework.security.web.ObservationFilterChainDecorator$ObservationFilter.doFilter(ObservationFilterChainDecorator.java:227)
	at org.springframework.security.web.ObservationFilterChainDecorator$VirtualFilterChain.doFilter(ObservationFilterChainDecorator.java:137)
	at com.aiservice.aireviewassistant.security.JwtAuthenticationFilter.doFilterInternal(JwtAuthenticationFilter.java:54)
	at org.springframework.web.filter.OncePerRequestFilter.doFilter(OncePerRequestFilter.java:116)
	at org.springframework.security.web.ObservationFilterChainDecorator$ObservationFilter.wrapFilter(ObservationFilterChainDecorator.java:240)
	at org.springframework.security.web.ObservationFilterChainDecorator$ObservationFilter.doFilter(ObservationFilterChainDecorator.java:227)
	at org.springframework.security.web.ObservationFilterChainDecorator$VirtualFilterChain.doFilter(ObservationFilterChainDecorator.java:137)
	at org.springframework.security.web.authentication.logout.LogoutFilter.doFilter(LogoutFilter.java:107)
	at org.springframework.security.web.authentication.logout.LogoutFilter.doFilter(LogoutFilter.java:93)
	at org.springframework.security.web.ObservationFilterChainDecorator$ObservationFilter.wrapFilter(ObservationFilterChainDecorator.java:240)
	at org.springframework.security.web.ObservationFilterChainDecorator$ObservationFilter.doFilter(ObservationFilterChainDecorator.java:227)
	at org.springframework.security.web.ObservationFilterChainDecorator$VirtualFilterChain.doFilter(ObservationFilterChainDecorator.java:137)
	at org.springframework.security.web.header.HeaderWriterFilter.doHeadersAfter(HeaderWriterFilter.java:90)
	at org.springframework.security.web.header.HeaderWriterFilter.doFilterInternal(HeaderWriterFilter.java:75)
	at org.springframework.web.filter.OncePerRequestFilter.doFilter(OncePerRequestFilter.java:116)
	at org.springframework.security.web.ObservationFilterChainDecorator$ObservationFilter.wrapFilter(ObservationFilterChainDecorator.java:240)
	at org.springframework.security.web.ObservationFilterChainDecorator$ObservationFilter.doFilter(ObservationFilterChainDecorator.java:227)
	at org.springframework.security.web.ObservationFilterChainDecorator$VirtualFilterChain.doFilter(ObservationFilterChainDecorator.java:137)
	at org.springframework.security.web.context.SecurityContextHolderFilter.doFilter(SecurityContextHolderFilter.java:82)
	at org.springframework.security.web.context.SecurityContextHolderFilter.doFilter(SecurityContextHolderFilter.java:69)
	at org.springframework.security.web.ObservationFilterChainDecorator$ObservationFilter.wrapFilter(ObservationFilterChainDecorator.java:240)
	at org.springframework.security.web.ObservationFilterChainDecorator$ObservationFilter.doFilter(ObservationFilterChainDecorator.java:227)
	at org.springframework.security.web.ObservationFilterChainDecorator$VirtualFilterChain.doFilter(ObservationFilterChainDecorator.java:137)
	at org.springframework.security.web.context.request.async.WebAsyncManagerIntegrationFilter.doFilterInternal(WebAsyncManagerIntegrationFilter.java:62)
	at org.springframework.web.filter.OncePerRequestFilter.doFilter(OncePerRequestFilter.java:116)
	at org.springframework.security.web.ObservationFilterChainDecorator$ObservationFilter.wrapFilter(ObservationFilterChainDecorator.java:240)
	at org.springframework.security.web.ObservationFilterChainDecorator$ObservationFilter.doFilter(ObservationFilterChainDecorator.java:227)
	at org.springframework.security.web.ObservationFilterChainDecorator$VirtualFilterChain.doFilter(ObservationFilterChainDecorator.java:137)
	at org.springframework.security.web.session.DisableEncodeUrlFilter.doFilterInternal(DisableEncodeUrlFilter.java:42)
	at org.springframework.web.filter.OncePerRequestFilter.doFilter(OncePerRequestFilter.java:116)
	at org.springframework.security.web.ObservationFilterChainDecorator$ObservationFilter.wrapFilter(ObservationFilterChainDecorator.java:240)
	at org.springframework.security.web.ObservationFilterChainDecorator$AroundFilterObservation$SimpleAroundFilterObservation.lambda$wrap$0(ObservationFilterChainDecorator.java:323)
	at org.springframework.security.web.ObservationFilterChainDecorator$ObservationFilter.doFilter(ObservationFilterChainDecorator.java:224)
	at org.springframework.security.web.ObservationFilterChainDecorator$VirtualFilterChain.doFilter(ObservationFilterChainDecorator.java:137)
	at org.springframework.security.web.FilterChainProxy.doFilterInternal(FilterChainProxy.java:233)
	at org.springframework.security.web.FilterChainProxy.doFilter(FilterChainProxy.java:191)
	at org.springframework.web.filter.CompositeFilter$VirtualFilterChain.doFilter(CompositeFilter.java:113)
	at org.springframework.web.servlet.handler.HandlerMappingIntrospector.lambda$createCacheFilter$3(HandlerMappingIntrospector.java:195)
	at org.springframework.web.filter.CompositeFilter$VirtualFilterChain.doFilter(CompositeFilter.java:113)
	at org.springframework.web.filter.CompositeFilter.doFilter(CompositeFilter.java:74)
	at org.springframework.security.config.annotation.web.configuration.WebMvcSecurityConfiguration$CompositeFilterChainProxy.doFilter(WebMvcSecurityConfiguration.java:230)
	at org.springframework.web.filter.DelegatingFilterProxy.invokeDelegate(DelegatingFilterProxy.java:352)
	at org.springframework.web.filter.DelegatingFilterProxy.doFilter(DelegatingFilterProxy.java:268)
	at org.apache.catalina.core.ApplicationFilterChain.internalDoFilter(ApplicationFilterChain.java:164)
	at org.apache.catalina.core.ApplicationFilterChain.doFilter(ApplicationFilterChain.java:140)
	at org.springframework.web.filter.RequestContextFilter.doFilterInternal(RequestContextFilter.java:100)
	at org.springframework.web.filter.OncePerRequestFilter.doFilter(OncePerRequestFilter.java:116)
	at org.apache.catalina.core.ApplicationFilterChain.internalDoFilter(ApplicationFilterChain.java:164)
	at org.apache.catalina.core.ApplicationFilterChain.doFilter(ApplicationFilterChain.java:140)
	at org.springframework.web.filter.FormContentFilter.doFilterInternal(FormContentFilter.java:93)
	at org.springframework.web.filter.OncePerRequestFilter.doFilter(OncePerRequestFilter.java:116)
	at org.apache.catalina.core.ApplicationFilterChain.internalDoFilter(ApplicationFilterChain.java:164)
	at org.apache.catalina.core.ApplicationFilterChain.doFilter(ApplicationFilterChain.java:140)
	at org.springframework.web.filter.ServerHttpObservationFilter.doFilterInternal(ServerHttpObservationFilter.java:113)
	at org.springframework.web.filter.OncePerRequestFilter.doFilter(OncePerRequestFilter.java:116)
	at org.apache.catalina.core.ApplicationFilterChain.internalDoFilter(ApplicationFilterChain.java:164)
	at org.apache.catalina.core.ApplicationFilterChain.doFilter(ApplicationFilterChain.java:140)
	at org.springframework.web.filter.CharacterEncodingFilter.doFilterInternal(CharacterEncodingFilter.java:201)
	at org.springframework.web.filter.OncePerRequestFilter.doFilter(OncePerRequestFilter.java:116)
	at org.apache.catalina.core.ApplicationFilterChain.internalDoFilter(ApplicationFilterChain.java:164)
	at org.apache.catalina.core.ApplicationFilterChain.doFilter(ApplicationFilterChain.java:140)
	at org.apache.catalina.core.StandardWrapperValve.invoke(StandardWrapperValve.java:167)
	at org.apache.catalina.core.StandardContextValve.invoke(StandardContextValve.java:90)
	at org.apache.catalina.authenticator.AuthenticatorBase.invoke(AuthenticatorBase.java:483)
	at org.apache.catalina.core.StandardHostValve.invoke(StandardHostValve.java:115)
	at org.apache.catalina.valves.ErrorReportValve.invoke(ErrorReportValve.java:93)
	at org.apache.catalina.core.StandardEngineValve.invoke(StandardEngineValve.java:74)
	at org.apache.catalina.connector.CoyoteAdapter.service(CoyoteAdapter.java:344)
	at org.apache.coyote.http11.Http11Processor.service(Http11Processor.java:384)
	at org.apache.coyote.AbstractProcessorLight.process(AbstractProcessorLight.java:63)
	at org.apache.coyote.AbstractProtocol$ConnectionHandler.process(AbstractProtocol.java:905)
	at org.apache.tomcat.util.net.NioEndpoint$SocketProcessor.doRun(NioEndpoint.java:1741)
	at org.apache.tomcat.util.net.SocketProcessorBase.run(SocketProcessorBase.java:52)
	at org.apache.tomcat.util.threads.ThreadPoolExecutor.runWorker(ThreadPoolExecutor.java:1190)
	at org.apache.tomcat.util.threads.ThreadPoolExecutor$Worker.run(ThreadPoolExecutor.java:659)
	at org.apache.tomcat.util.threads.TaskThread$WrappingRunnable.run(TaskThread.java:63)
	at java.base/java.lang.Thread.run(Thread.java:1570)
2026-09-12 10:52:33.294 [http-nio-8080-exec-5] DEBUG c.a.a.m.C.selectList - ==>  Preparing: SELECT id,title,user_id,course_id,created_at,updated_at FROM conversation ORDER BY updated_at DESC
2026-09-12 10:52:33.303 [http-nio-8080-exec-5] DEBUG c.a.a.m.C.selectList - ==> Parameters: 
2026-09-12 10:52:33.319 [http-nio-8080-exec-5] DEBUG c.a.a.m.C.selectList - <==      Total: 4
2026-09-12 10:52:33.361 [http-nio-8080-exec-6] DEBUG c.a.a.m.ConversationMapper.insert - ==>  Preparing: INSERT INTO conversation ( title ) VALUES ( ? )
2026-09-12 10:52:33.362 [http-nio-8080-exec-6] DEBUG c.a.a.m.ConversationMapper.insert - ==> Parameters: 新对话(String)
2026-09-12 10:52:33.369 [http-nio-8080-exec-6] DEBUG c.a.a.m.ConversationMapper.insert - <==    Updates: 1
2026-09-12 10:52:33.376 [http-nio-8080-exec-7] DEBUG c.a.a.m.C.selectList - ==>  Preparing: SELECT id,title,user_id,course_id,created_at,updated_at FROM conversation ORDER BY updated_at DESC
2026-09-12 10:52:33.377 [http-nio-8080-exec-7] DEBUG c.a.a.m.C.selectList - ==> Parameters: 
2026-09-12 10:52:33.379 [http-nio-8080-exec-7] DEBUG c.a.a.m.C.selectList - <==      Total: 5
2026-09-12 10:52:52.531 [http-nio-8080-exec-3] DEBUG c.a.a.m.ConversationMapper.insert - ==>  Preparing: INSERT INTO conversation ( title, user_id ) VALUES ( ?, ? )
2026-09-12 10:52:52.531 [http-nio-8080-exec-3] DEBUG c.a.a.m.ConversationMapper.insert - ==> Parameters: 请帮我出几道关于数据库学科/知识点的选择题(String), anonymous(String)
2026-09-12 10:52:52.534 [http-nio-8080-exec-3] DEBUG c.a.a.m.ConversationMapper.insert - <==    Updates: 1
2026-09-12 10:52:52.535 [http-nio-8080-exec-3] DEBUG c.a.a.mapper.MessageMapper.insert - ==>  Preparing: INSERT INTO message ( conversation_id, role, content ) VALUES ( ?, ?, ? )
2026-09-12 10:52:52.536 [http-nio-8080-exec-3] DEBUG c.a.a.mapper.MessageMapper.insert - ==> Parameters: 40(Integer), user(String), 请帮我出几道关于数据库学科/知识点的选择题(String)
2026-09-12 10:52:52.538 [http-nio-8080-exec-3] DEBUG c.a.a.mapper.MessageMapper.insert - <==    Updates: 1
2026-09-12 10:52:52.544 [http-nio-8080-exec-3] DEBUG c.a.a.m.MessageMapper.selectList - ==>  Preparing: SELECT id,conversation_id,role,content,intent,created_at FROM message WHERE (conversation_id = ?) ORDER BY created_at ASC LIMIT 10
2026-09-12 10:52:52.544 [http-nio-8080-exec-3] DEBUG c.a.a.m.MessageMapper.selectList - ==> Parameters: 40(Integer)
2026-09-12 10:52:52.546 [http-nio-8080-exec-3] DEBUG c.a.a.m.MessageMapper.selectList - <==      Total: 1
2026-09-12 10:52:54.348 [http-nio-8080-exec-3] DEBUG c.a.a.s.impl.ReviewAssistantAgent - ========== Agent 流式意图识别 ==========
2026-09-12 10:52:54.348 [http-nio-8080-exec-3] DEBUG c.a.a.s.impl.ReviewAssistantAgent - 用户消息: 请帮我出几道关于数据库学科/知识点的选择题
2026-09-12 10:52:54.348 [http-nio-8080-exec-3] DEBUG c.a.a.s.impl.ReviewAssistantAgent - 识别意图: QUIZ
2026-09-12 10:52:54.348 [http-nio-8080-exec-3] DEBUG c.a.a.s.impl.ReviewAssistantAgent - 提取参数: {count=5, topic=数据库}
2026-09-12 10:52:54.348 [http-nio-8080-exec-3] DEBUG c.a.a.s.impl.ReviewAssistantAgent - [Agent] 流式调用工具: QUIZ
2026-09-12 10:52:54.348 [http-nio-8080-exec-3] DEBUG c.a.a.s.impl.ReviewAssistantAgent - ================================
2026-09-12 10:52:54.522 [http-nio-8080-exec-4] DEBUG c.a.a.m.C.selectList - ==>  Preparing: SELECT id,title,user_id,course_id,created_at,updated_at FROM conversation ORDER BY updated_at DESC
2026-09-12 10:52:54.522 [http-nio-8080-exec-4] DEBUG c.a.a.m.C.selectList - ==> Parameters: 
2026-09-12 10:52:54.523 [http-nio-8080-exec-4] DEBUG c.a.a.m.C.selectList - <==      Total: 1
2026-09-12 10:53:18.768 [boundedElastic-1] DEBUG c.a.a.mapper.MessageMapper.insert - ==>  Preparing: INSERT INTO message ( conversation_id, role, content, intent ) VALUES ( ?, ?, ?, ? )
2026-09-12 10:53:18.770 [boundedElastic-1] DEBUG c.a.a.mapper.MessageMapper.insert - ==> Parameters: 40(Integer), assistant(String), 好的，这里为你准备了关于数据库的5道选择题。  
---  

### 题目 1：数据库原理  

在关系数据库中，若某表的主键由两个属性（A, B）联合构成，则以下哪项描述一定成立？  

A. 属性A和属性B各自都必须是非空（NOT NULL）  
B. 属性A和属性B的组合值在该表中唯一且非空  
C. 属性A和属性B都必须是候选键  
D. 该表不允许存在外键引用A或B中的任意一个单独属性  

**答案：B**  

**解析：**  
- A错误：联合主键要求组合整体非空，但单个属性允许为NULL（除非显式定义为NOT NULL；SQL标准中主键列隐含NOT NULL约束，但这是针对组合中每个列——即联合主键的每一列自动具有NOT NULL约束，因此A实际正确？需修正：根据SQL标准，主键列（含联合主键的每一列）均隐含NOT NULL约束，故A也成立。但题目问“一定成立”，而D明显错误，C明显错误；B是主键最本质定义（唯一性+非空性），且不依赖具体实现细节，最稳妥。严格来说，SQL标准规定主键列自动为NOT NULL，因此A和B均成立？但本题考查核心概念，B是主键定义的直接体现（唯一+非空），而A是派生约束，且某些旧系统或非标准引擎可能例外；B无歧义，绝对成立。  
- B正确：主键的核心语义就是其值（单列或组合）在表中唯一且非空，这是关系模型的基本要求。  
- C错误：候选键是能唯一标识元组的最小超键；联合主键（A,B）是最小超键，但A或B单独未必能唯一标识，故不一定是候选键。  
- D错误：外键可引用联合主键的一部分（如仅引用A），只要被引用列在目标表中具有唯一性约束（如A上有UNIQUE索引），但标准外键要求引用的是主键或唯一键整体；不过SQL标准规定外键必须引用被引用表的主键或唯一约束列集，不能只引用联合主键中的单列（除非该列单独有UNIQUE+NOT NULL）。因此D说法“不允许”基本符合标准，但存在例外（如PostgreSQL支持引用部分列需配合特殊约束），而B是绝对普适定义。故B为最准确答案。  

---  

### 题目 2：数据库原理  

设有关系模式R(A,B,C,D)，函数依赖集F = {A→B, B→C, C→D}。R的候选键是？  

A. A  
B. AB  
C. ABC  
D. AD  

**答案：A**  

**解析：**  
- A正确：从A出发，A→B→C→D，故A⁺ = {A,B,C,D}，即A能函数决定所有属性，且A为单属性，不可再少，因此A是候选键。  
- B错误：AB是超键但不是最小的，因A已足够，AB包含冗余属性。  
- C错误：ABC同样是超键，但远非最小。  
- D错误：AD⁺ = {A,D,B,C}（因A→B→C→D，D无出边），看似闭包完整，但D本身不提供新决定能力；不过AD⁺确实等于全集，但AD不是最小——因A单独即可，故AD不是候选键（不满足“最小性”）。  

---  

### 题目 3：SQL语言  

执行如下SQL语句后，t2表中最终有多少行数据？  
```sql
CREATE TABLE t1 (id INT PRIMARY KEY, name VARCHAR(10));
INSERT INTO t1 VALUES (1,'Alice'), (2,'Bob');
CREATE TABLE t2 AS SELECT * FROM t1 WHERE id > 10;
INSERT INTO t2 SELECT * FROM t1 WHERE id < 2;
```  

A. 0行  
B. 1行  
C. 2行  
D. 3行  

**答案：B**  

**解析：**  
- 第一条CREATE TABLE t2 AS ... 的WHERE条件id > 10不匹配t1中任何行（只有1和2），故t2初始为空。  
- 第二条INSERT INTO t2 ... 的WHERE id < 2，仅匹配id=1的行（'Alice'），因此插入1行。  
- 最终t2有1行数据。  
- A错误：忽略了后续INSERT操作。  
- C错误：误认为两条语句各插入1行，但第一条CREATE AS不产生行，第二条只满足1行。  
- D错误：无依据。  

---  

### 题目 4：事务与并发控制  

在可串行化（Serializable）隔离级别下，以下哪种现象仍可能发生？  

A. 脏读  
B. 不可重复读  
C. 幻读  
D. 以上均不可能发生  

**答案：D**  

**解析：**  
- A错误：脏读指读取未提交数据，可串行化通过严格的锁或MVCC机制完全禁止。  
- B错误：不可重复读指同一事务内多次读取同一行得到不同值，可串行化确保事务间完全隔离，杜绝此类现象。  
- C错误：幻读指同一事务内相同条件查询返回不同数量的行（因其他事务插入/删除），可串行化通过范围锁或快照一致性保证结果集稳定。  
- D正确：可串行化是SQL标准定义的最高隔离级别，理论上等价于事务串行执行，因此A、B、C三类异常现象均被禁止。  

---  

### 题目 5：数据库设计  

在将E-R图转换为关系模式时，对于一个m:n联系（如学生选课），正确的转换策略是？  

A. 将联系本身作为一个独立关系模式，其主键为参与实体的主键组合  
B. 将联系合并到“多”端实体对应的关系模式中，添加“一”端实体的主键作为外键  
C. 为联系创建新关系模式，仅包含两端实体的主键，不额外添加属性  
D. 忽略联系，仅保留两端实体的关系模式，通过外键隐式表达  

**答案：A**  

**解析：**  
- A正确：m:n联系必须独立建模为关系模式，主键为两端实体主键的组合（如SC表主键为(Sno,Cno)），并可包含联系自身的属性（如grade）。  
- B错误：该策略适用于1:n联系（将n端外键指向1端），不适用于m:n。  
- C错误：虽主键常为两端主键组合，但若联系有属性（如成绩、时间），必须包含这些属性，不能“仅包含”主键。  
- D错误：忽略m:n联系会导致无法表示多对多关联，信息丢失。(String), QUIZ(String)
2026-09-12 10:53:18.778 [boundedElastic-1] DEBUG c.a.a.mapper.MessageMapper.insert - <==    Updates: 1
2026-09-12 10:53:18.783 [boundedElastic-1] DEBUG c.a.a.m.C.selectById - ==>  Preparing: SELECT id,title,user_id,course_id,created_at,updated_at FROM conversation WHERE id=?
2026-09-12 10:53:18.784 [boundedElastic-1] DEBUG c.a.a.m.C.selectById - ==> Parameters: 40(Integer)
2026-09-12 10:53:18.786 [boundedElastic-1] DEBUG c.a.a.m.C.selectById - <==      Total: 1
2026-09-12 10:53:18.789 [boundedElastic-1] DEBUG c.a.a.m.ReviewRecordsMapper.insert - ==>  Preparing: INSERT INTO review_records ( conversation_id, user_id, question, answer, created_at ) VALUES ( ?, ?, ?, ?, ? )
2026-09-12 10:53:18.790 [boundedElastic-1] DEBUG c.a.a.m.ReviewRecordsMapper.insert - ==> Parameters: 40(Integer), anonymous(String), 请帮我出几道关于数据库学科/知识点的选择题(String), 好的，这里为你准备了关于数据库的5道选择题。  
---  

### 题目 1：数据库原理  

在关系数据库中，若某表的主键由两个属性（A, B）联合构成，则以下哪项描述一定成立？  

A. 属性A和属性B各自都必须是非空（NOT NULL）  
B. 属性A和属性B的组合值在该表中唯一且非空  
C. 属性A和属性B都必须是候选键  
D. 该表不允许存在外键引用A或B中的任意一个单独属性  

**答案：B**  

**解析：**  
- A错误：联合主键要求组合整体非空，但单个属性允许为NULL（除非显式定义为NOT NULL；SQL标准中主键列隐含NOT NULL约束，但这是针对组合中每个列——即联合主键的每一列自动具有NOT NULL约束，因此A实际正确？需修正：根据SQL标准，主键列（含联合主键的每一列）均隐含NOT NULL约束，故A也成立。但题目问“一定成立”，而D明显错误，C明显错误；B是主键最本质定义（唯一性+非空性），且不依赖具体实现细节，最稳妥。严格来说，SQL标准规定主键列自动为NOT NULL，因此A和B均成立？但本题考查核心概念，B是主键定义的直接体现（唯一+非空），而A是派生约束，且某些旧系统或非标准引擎可能例外；B无歧义，绝对成立。  
- B正确：主键的核心语义就是其值（单列或组合）在表中唯一且非空，这是关系模型的基本要求。  
- C错误：候选键是能唯一标识元组的最小超键；联合主键（A,B）是最小超键，但A或B单独未必能唯一标识，故不一定是候选键。  
- D错误：外键可引用联合主键的一部分（如仅引用A），只要被引用列在目标表中具有唯一性约束（如A上有UNIQUE索引），但标准外键要求引用的是主键或唯一键整体；不过SQL标准规定外键必须引用被引用表的主键或唯一约束列集，不能只引用联合主键中的单列（除非该列单独有UNIQUE+NOT NULL）。因此D说法“不允许”基本符合标准，但存在例外（如PostgreSQL支持引用部分列需配合特殊约束），而B是绝对普适定义。故B为最准确答案。  

---  

### 题目 2：数据库原理  

设有关系模式R(A,B,C,D)，函数依赖集F = {A→B, B→C, C→D}。R的候选键是？  

A. A  
B. AB  
C. ABC  
D. AD  

**答案：A**  

**解析：**  
- A正确：从A出发，A→B→C→D，故A⁺ = {A,B,C,D}，即A能函数决定所有属性，且A为单属性，不可再少，因此A是候选键。  
- B错误：AB是超键但不是最小的，因A已足够，AB包含冗余属性。  
- C错误：ABC同样是超键，但远非最小。  
- D错误：AD⁺ = {A,D,B,C}（因A→B→C→D，D无出边），看似闭包完整，但D本身不提供新决定能力；不过AD⁺确实等于全集，但AD不是最小——因A单独即可，故AD不是候选键（不满足“最小性”）。  

---  

### 题目 3：SQL语言  

执行如下SQL语句后，t2表中最终有多少行数据？  
```sql
CREATE TABLE t1 (id INT PRIMARY KEY, name VARCHAR(10));
INSERT INTO t1 VALUES (1,'Alice'), (2,'Bob');
CREATE TABLE t2 AS SELECT * FROM t1 WHERE id > 10;
INSERT INTO t2 SELECT * FROM t1 WHERE id < 2;
```  

A. 0行  
B. 1行  
C. 2行  
D. 3行  

**答案：B**  

**解析：**  
- 第一条CREATE TABLE t2 AS ... 的WHERE条件id > 10不匹配t1中任何行（只有1和2），故t2初始为空。  
- 第二条INSERT INTO t2 ... 的WHERE id < 2，仅匹配id=1的行（'Alice'），因此插入1行。  
- 最终t2有1行数据。  
- A错误：忽略了后续INSERT操作。  
- C错误：误认为两条语句各插入1行，但第一条CREATE AS不产生行，第二条只满足1行。  
- D错误：无依据。  

---  

### 题目 4：事务与并发控制  

在可串行化（Serializable）隔离级别下，以下哪种现象仍可能发生？  

A. 脏读  
B. 不可重复读  
C. 幻读  
D. 以上均不可能发生  

**答案：D**  

**解析：**  
- A错误：脏读指读取未提交数据，可串行化通过严格的锁或MVCC机制完全禁止。  
- B错误：不可重复读指同一事务内多次读取同一行得到不同值，可串行化确保事务间完全隔离，杜绝此类现象。  
- C错误：幻读指同一事务内相同条件查询返回不同数量的行（因其他事务插入/删除），可串行化通过范围锁或快照一致性保证结果集稳定。  
- D正确：可串行化是SQL标准定义的最高隔离级别，理论上等价于事务串行执行，因此A、B、C三类异常现象均被禁止。  

---  

### 题目 5：数据库设计  

在将E-R图转换为关系模式时，对于一个m:n联系（如学生选课），正确的转换策略是？  

A. 将联系本身作为一个独立关系模式，其主键为参与实体的主键组合  
B. 将联系合并到“多”端实体对应的关系模式中，添加“一”端实体的主键作为外键  
C. 为联系创建新关系模式，仅包含两端实体的主键，不额外添加属性  
D. 忽略联系，仅保留两端实体的关系模式，通过外键隐式表达  

**答案：A**  

**解析：**  
- A正确：m:n联系必须独立建模为关系模式，主键为两端实体主键的组合（如SC表主键为(Sno,Cno)），并可包含联系自身的属性（如grade）。  
- B错误：该策略适用于1:n联系（将n端外键指向1端），不适用于m:n。  
- C错误：虽主键常为两端主键组合，但若联系有属性（如成绩、时间），必须包含这些属性，不能“仅包含”主键。  
- D错误：忽略m:n联系会导致无法表示多对多关联，信息丢失。(String), 2026-09-12T10:53:18.786748(LocalDateTime)
2026-09-12 10:53:18.885 [boundedElastic-1] WARN  c.a.a.s.impl.ReviewAssistantAgent - [Agent] 保存复习记录失败: 
### Error updating database.  Cause: org.postgresql.util.PSQLException: ERROR: null value in column "course_id" of relation "review_records" violates not-null constraint
  Detail: Failing row contains (21, null, anonymous, 请帮我出几道关于数据库学科/知识点的选择题, 好的，这里为你准备了关于数据库的5道选择题。..., 2026-09-12 10:53:18.786748, 40).
### The error may exist in com/aiservice/aireviewassistant/mapper/ReviewRecordsMapper.java (best guess)
### The error may involve com.aiservice.aireviewassistant.mapper.ReviewRecordsMapper.insert-Inline
### The error occurred while setting parameters
### SQL: INSERT INTO review_records  ( conversation_id,  user_id, question, answer, created_at )  VALUES (  ?,  ?, ?, ?, ?  )
### Cause: org.postgresql.util.PSQLException: ERROR: null value in column "course_id" of relation "review_records" violates not-null constraint
  Detail: Failing row contains (21, null, anonymous, 请帮我出几道关于数据库学科/知识点的选择题, 好的，这里为你准备了关于数据库的5道选择题。..., 2026-09-12 10:53:18.786748, 40).
; ERROR: null value in column "course_id" of relation "review_records" violates not-null constraint
  Detail: Failing row contains (21, null, anonymous, 请帮我出几道关于数据库学科/知识点的选择题, 好的，这里为你准备了关于数据库的5道选择题。..., 2026-09-12 10:53:18.786748, 40).
2026-09-12 10:53:18.887 [boundedElastic-1] DEBUG c.a.a.mapper.AgentLogMapper.insert - ==>  Preparing: INSERT INTO agent_log ( conversation_id, user_message, intent, parameters, latency_ms, success, created_at ) VALUES ( ?, ?, ?, ?, ?, ?, ? )
2026-09-12 10:53:18.888 [boundedElastic-1] DEBUG c.a.a.mapper.AgentLogMapper.insert - ==> Parameters: 40(Integer), 请帮我出几道关于数据库学科/知识点的选择题(String), QUIZ(String), {"count":"5","topic":"数据库"}(String), 26359(Long), true(Boolean), 2026-09-12T10:53:18.886368(LocalDateTime)
2026-09-12 10:53:18.891 [boundedElastic-1] DEBUG c.a.a.mapper.AgentLogMapper.insert - <==    Updates: 1
2026-09-12 10:53:18.952 [http-nio-8080-exec-6] DEBUG c.a.a.m.C.selectList - ==>  Preparing: SELECT id,title,user_id,course_id,created_at,updated_at FROM conversation ORDER BY updated_at DESC
2026-09-12 10:53:18.952 [http-nio-8080-exec-6] DEBUG c.a.a.m.C.selectList - ==> Parameters: 
2026-09-12 10:53:18.954 [http-nio-8080-exec-6] DEBUG c.a.a.m.C.selectList - <==      Total: 1
2026-09-12 10:56:59.137 [SpringApplicationShutdownHook] WARN  o.s.c.s.DefaultLifecycleProcessor - Failed to stop bean 'webServerGracefulShutdown'
java.lang.NoClassDefFoundError: org/springframework/boot/web/server/GracefulShutdownCallback
	at org.springframework.boot.web.context.WebServerGracefulShutdownLifecycle.stop(WebServerGracefulShutdownLifecycle.java:62)
	at org.springframework.context.support.DefaultLifecycleProcessor.doStop(DefaultLifecycleProcessor.java:346)
	at org.springframework.context.support.DefaultLifecycleProcessor$LifecycleGroup.stop(DefaultLifecycleProcessor.java:488)
	at java.base/java.lang.Iterable.forEach(Iterable.java:75)
	at org.springframework.context.support.DefaultLifecycleProcessor.stopBeans(DefaultLifecycleProcessor.java:315)
	at org.springframework.context.support.DefaultLifecycleProcessor.onClose(DefaultLifecycleProcessor.java:215)
	at org.springframework.context.support.AbstractApplicationContext.doClose(AbstractApplicationContext.java:1148)
	at org.springframework.boot.web.servlet.context.ServletWebServerApplicationContext.doClose(ServletWebServerApplicationContext.java:174)
	at org.springframework.context.support.AbstractApplicationContext.close(AbstractApplicationContext.java:1102)
	at org.springframework.boot.SpringApplicationShutdownHook.closeAndWait(SpringApplicationShutdownHook.java:145)
	at java.base/java.lang.Iterable.forEach(Iterable.java:75)
	at org.springframework.boot.SpringApplicationShutdownHook.run(SpringApplicationShutdownHook.java:114)
	at java.base/java.lang.Thread.run(Thread.java:1570)
Caused by: java.lang.ClassNotFoundException: org.springframework.boot.web.server.GracefulShutdownCallback
	at java.base/java.net.URLClassLoader.findClass(URLClassLoader.java:445)
	at java.base/java.lang.ClassLoader.loadClass(ClassLoader.java:592)
	at org.springframework.boot.loader.net.protocol.jar.JarUrlClassLoader.loadClass(JarUrlClassLoader.java:107)
	at org.springframework.boot.loader.launch.LaunchedClassLoader.loadClass(LaunchedClassLoader.java:91)
	at java.base/java.lang.ClassLoader.loadClass(ClassLoader.java:525)
	... 13 common frames omitted
2026-09-12 10:56:59.143 [SpringApplicationShutdownHook] WARN  o.s.c.s.DefaultLifecycleProcessor - Failed to stop bean 'webServerStartStop'
java.lang.NoClassDefFoundError: org/apache/catalina/Lifecycle$SingleUse
	at org.apache.catalina.util.LifecycleBase.stop(LifecycleBase.java:243)
	at org.apache.catalina.core.StandardService.removeConnector(StandardService.java:299)
	at org.springframework.boot.web.embedded.tomcat.TomcatWebServer.lambda$removeServiceConnectors$1(TomcatWebServer.java:171)
	at org.springframework.boot.web.embedded.tomcat.TomcatWebServer.doWithConnectors(TomcatWebServer.java:190)
	at org.springframework.boot.web.embedded.tomcat.TomcatWebServer.removeServiceConnectors(TomcatWebServer.java:168)
	at org.springframework.boot.web.embedded.tomcat.TomcatWebServer.stop(TomcatWebServer.java:354)
	at org.springframework.boot.web.servlet.context.WebServerStartStopLifecycle.stop(WebServerStartStopLifecycle.java:53)
	at org.springframework.context.SmartLifecycle.stop(SmartLifecycle.java:117)
	at org.springframework.context.support.DefaultLifecycleProcessor.doStop(DefaultLifecycleProcessor.java:346)
	at org.springframework.context.support.DefaultLifecycleProcessor$LifecycleGroup.stop(DefaultLifecycleProcessor.java:488)
	at java.base/java.lang.Iterable.forEach(Iterable.java:75)
	at org.springframework.context.support.DefaultLifecycleProcessor.stopBeans(DefaultLifecycleProcessor.java:315)
	at org.springframework.context.support.DefaultLifecycleProcessor.onClose(DefaultLifecycleProcessor.java:215)
	at org.springframework.context.support.AbstractApplicationContext.doClose(AbstractApplicationContext.java:1148)
	at org.springframework.boot.web.servlet.context.ServletWebServerApplicationContext.doClose(ServletWebServerApplicationContext.java:174)
	at org.springframework.context.support.AbstractApplicationContext.close(AbstractApplicationContext.java:1102)
	at org.springframework.boot.SpringApplicationShutdownHook.closeAndWait(SpringApplicationShutdownHook.java:145)
	at java.base/java.lang.Iterable.forEach(Iterable.java:75)
	at org.springframework.boot.SpringApplicationShutdownHook.run(SpringApplicationShutdownHook.java:114)
	at java.base/java.lang.Thread.run(Thread.java:1570)
Caused by: java.lang.ClassNotFoundException: org.apache.catalina.Lifecycle$SingleUse
	at java.base/java.net.URLClassLoader.findClass(URLClassLoader.java:445)
	at java.base/java.lang.ClassLoader.loadClass(ClassLoader.java:592)
	at org.springframework.boot.loader.net.protocol.jar.JarUrlClassLoader.loadClass(JarUrlClassLoader.java:107)
	at org.springframework.boot.loader.launch.LaunchedClassLoader.loadClass(LaunchedClassLoader.java:91)
	at java.base/java.lang.ClassLoader.loadClass(ClassLoader.java:525)
	... 20 common frames omitted
2026-09-12 10:56:59.145 [SpringApplicationShutdownHook] WARN  o.s.c.s.DefaultLifecycleProcessor - Failed to stop bean 'reactorResourceFactory'
java.lang.NoClassDefFoundError: reactor/core/publisher/BlockingMonoSubscriber
	at reactor.core.publisher.Mono.block(Mono.java:1777)
	at org.springframework.http.client.ReactorResourceFactory.stop(ReactorResourceFactory.java:298)
	at org.springframework.context.SmartLifecycle.stop(SmartLifecycle.java:117)
	at org.springframework.context.support.DefaultLifecycleProcessor.doStop(DefaultLifecycleProcessor.java:346)
	at org.springframework.context.support.DefaultLifecycleProcessor$LifecycleGroup.stop(DefaultLifecycleProcessor.java:488)
	at java.base/java.lang.Iterable.forEach(Iterable.java:75)
	at org.springframework.context.support.DefaultLifecycleProcessor.stopBeans(DefaultLifecycleProcessor.java:315)
	at org.springframework.context.support.DefaultLifecycleProcessor.onClose(DefaultLifecycleProcessor.java:215)
	at org.springframework.context.support.AbstractApplicationContext.doClose(AbstractApplicationContext.java:1148)
	at org.springframework.boot.web.servlet.context.ServletWebServerApplicationContext.doClose(ServletWebServerApplicationContext.java:174)
	at org.springframework.context.support.AbstractApplicationContext.close(AbstractApplicationContext.java:1102)
	at org.springframework.boot.SpringApplicationShutdownHook.closeAndWait(SpringApplicationShutdownHook.java:145)
	at java.base/java.lang.Iterable.forEach(Iterable.java:75)
	at org.springframework.boot.SpringApplicationShutdownHook.run(SpringApplicationShutdownHook.java:114)
	at java.base/java.lang.Thread.run(Thread.java:1570)
Caused by: java.lang.ClassNotFoundException: reactor.core.publisher.BlockingMonoSubscriber
	at java.base/java.net.URLClassLoader.findClass(URLClassLoader.java:445)
	at java.base/java.lang.ClassLoader.loadClass(ClassLoader.java:592)
	at org.springframework.boot.loader.net.protocol.jar.JarUrlClassLoader.loadClass(JarUrlClassLoader.java:107)
	at org.springframework.boot.loader.launch.LaunchedClassLoader.loadClass(LaunchedClassLoader.java:91)
	at java.base/java.lang.ClassLoader.loadClass(ClassLoader.java:525)
	... 15 common frames omitted
2026-09-12 10:56:59.152 [SpringApplicationShutdownHook] INFO  com.zaxxer.hikari.HikariDataSource - HikariPool-1 - Shutdown initiated...
2026-09-12 10:56:59.155 [SpringApplicationShutdownHook] INFO  com.zaxxer.hikari.HikariDataSource - HikariPool-1 - Shutdown completed.
2026-09-12 10:57:01.970 [background-preinit] INFO  o.h.validator.internal.util.Version - HV000001: Hibernate Validator 8.0.1.Final
2026-09-12 10:57:02.040 [main] INFO  c.a.a.AiReviewAssistantApplication - Starting AiReviewAssistantApplication v0.0.1-SNAPSHOT using Java 22.0.1 with PID 62433 (/Users/h3rtz/Desktop/ai-review-assistant/target/ai-review-assistant-0.0.1-SNAPSHOT.jar started by h3rtz in /Users/h3rtz/Desktop/ai-review-assistant)
2026-09-12 10:57:02.040 [main] DEBUG c.a.a.AiReviewAssistantApplication - Running with Spring Boot v3.2.10, Spring v6.1.13
2026-09-12 10:57:02.040 [main] INFO  c.a.a.AiReviewAssistantApplication - No active profile set, falling back to 1 default profile: "default"
2026-09-12 10:57:03.506 [main] INFO  o.s.b.w.e.tomcat.TomcatWebServer - Tomcat initialized with port 8080 (http)
2026-09-12 10:57:03.513 [main] INFO  o.a.coyote.http11.Http11NioProtocol - Initializing ProtocolHandler ["http-nio-8080"]
2026-09-12 10:57:03.515 [main] INFO  o.a.catalina.core.StandardService - Starting service [Tomcat]
2026-09-12 10:57:03.515 [main] INFO  o.a.catalina.core.StandardEngine - Starting Servlet engine: [Apache Tomcat/10.1.30]
2026-09-12 10:57:03.534 [main] INFO  o.a.c.c.C.[Tomcat].[localhost].[/] - Initializing Spring embedded WebApplicationContext
2026-09-12 10:57:03.534 [main] INFO  o.s.b.w.s.c.ServletWebServerApplicationContext - Root WebApplicationContext: initialization completed in 1468 ms
2026-09-12 10:57:04.022 [main] INFO  o.s.a.v.pgvector.PgVectorStore - Using the vector table name: vector_store. Is empty: false
2026-09-12 10:57:04.026 [main] INFO  o.s.a.v.pgvector.PgVectorStore - Initializing PGVectorStore schema for table: vector_store in schema: public
2026-09-12 10:57:04.027 [main] INFO  o.s.a.v.pgvector.PgVectorStore - vectorTableValidationsEnabled false
2026-09-12 10:57:04.029 [main] INFO  com.zaxxer.hikari.HikariDataSource - HikariPool-1 - Starting...
2026-09-12 10:57:04.107 [main] INFO  com.zaxxer.hikari.pool.HikariPool - HikariPool-1 - Added connection org.postgresql.jdbc.PgConnection@41136154
2026-09-12 10:57:04.108 [main] INFO  com.zaxxer.hikari.HikariDataSource - HikariPool-1 - Start completed.
2026-09-12 10:57:04.730 [main] WARN  o.s.b.a.s.s.UserDetailsServiceAutoConfiguration - 

Using generated security password: a422aa3b-e86c-4576-954c-0dbb9043876a

This generated password is for development use only. Your security configuration must be updated before running your application in production.

2026-09-12 10:57:04.824 [main] INFO  o.s.b.a.w.s.WelcomePageHandlerMapping - Adding welcome page: class path resource [static/index.html]
2026-09-12 10:57:04.976 [main] INFO  o.s.b.a.e.web.EndpointLinksResolver - Exposing 4 endpoint(s) beneath base path '/actuator'
2026-09-12 10:57:05.030 [main] INFO  o.s.s.web.DefaultSecurityFilterChain - Will secure any request with [org.springframework.security.web.session.DisableEncodeUrlFilter@5b165ddd, org.springframework.security.web.context.request.async.WebAsyncManagerIntegrationFilter@453b1c5, org.springframework.security.web.context.SecurityContextHolderFilter@d547489, org.springframework.security.web.header.HeaderWriterFilter@23651ae1, org.springframework.security.web.authentication.logout.LogoutFilter@1bc2adc7, com.aiservice.aireviewassistant.security.JwtAuthenticationFilter@55c2b8c3, org.springframework.security.web.savedrequest.RequestCacheAwareFilter@923b15c, org.springframework.security.web.servletapi.SecurityContextHolderAwareRequestFilter@2041d957, org.springframework.security.web.authentication.AnonymousAuthenticationFilter@846c925, org.springframework.security.web.session.SessionManagementFilter@6a2db43c, org.springframework.security.web.access.ExceptionTranslationFilter@1d08cd76, org.springframework.security.web.access.intercept.AuthorizationFilter@27be66de]
2026-09-12 10:57:05.714 [main] ERROR i.n.r.d.DnsServerAddressStreamProviders - Unable to load io.netty.resolver.dns.macos.MacOSDnsServerAddressStreamProvider, fallback to system defaults. This may result in incorrect DNS resolutions on MacOS. Check whether you have a dependency on 'io.netty:netty-resolver-dns-native-macos'. Use DEBUG level to see the full stack: java.lang.UnsatisfiedLinkError: failed to load the required native library
2026-09-12 10:57:05.721 [main] INFO  o.a.coyote.http11.Http11NioProtocol - Starting ProtocolHandler ["http-nio-8080"]
2026-09-12 10:57:05.727 [main] INFO  o.s.b.w.e.tomcat.TomcatWebServer - Tomcat started on port 8080 (http) with context path ''
2026-09-12 10:57:05.740 [main] INFO  c.a.a.AiReviewAssistantApplication - Started AiReviewAssistantApplication in 4.076 seconds (process running for 4.375)
2026-09-12 10:57:06.507 [http-nio-8080-exec-1] INFO  o.a.c.c.C.[Tomcat].[localhost].[/] - Initializing Spring DispatcherServlet 'dispatcherServlet'
2026-09-12 10:57:06.507 [http-nio-8080-exec-1] INFO  o.s.web.servlet.DispatcherServlet - Initializing Servlet 'dispatcherServlet'
2026-09-12 10:57:06.508 [http-nio-8080-exec-1] INFO  o.s.web.servlet.DispatcherServlet - Completed initialization in 1 ms
2026-09-12 10:58:24.077 [http-nio-8080-exec-4] DEBUG c.a.a.m.C.selectList - ==>  Preparing: SELECT id,title,user_id,course_id,created_at,updated_at FROM conversation ORDER BY updated_at DESC
2026-09-12 10:58:24.088 [http-nio-8080-exec-4] DEBUG c.a.a.m.C.selectList - ==> Parameters: 
2026-09-12 10:58:24.115 [http-nio-8080-exec-4] DEBUG c.a.a.m.C.selectList - <==      Total: 1
2026-09-12 10:58:24.174 [http-nio-8080-exec-5] DEBUG c.a.a.m.ConversationMapper.insert - ==>  Preparing: INSERT INTO conversation ( title ) VALUES ( ? )
2026-09-12 10:58:24.174 [http-nio-8080-exec-5] DEBUG c.a.a.m.ConversationMapper.insert - ==> Parameters: 新对话(String)
2026-09-12 10:58:24.183 [http-nio-8080-exec-5] DEBUG c.a.a.m.ConversationMapper.insert - <==    Updates: 1
2026-09-12 10:58:24.190 [http-nio-8080-exec-6] DEBUG c.a.a.m.C.selectList - ==>  Preparing: SELECT id,title,user_id,course_id,created_at,updated_at FROM conversation ORDER BY updated_at DESC
2026-09-12 10:58:24.191 [http-nio-8080-exec-6] DEBUG c.a.a.m.C.selectList - ==> Parameters: 
2026-09-12 10:58:24.192 [http-nio-8080-exec-6] DEBUG c.a.a.m.C.selectList - <==      Total: 2
2026-09-12 10:58:25.016 [http-nio-8080-exec-8] DEBUG c.a.a.m.C.selectList - ==>  Preparing: SELECT id,title,user_id,course_id,created_at,updated_at FROM conversation ORDER BY updated_at DESC
2026-09-12 10:58:25.016 [http-nio-8080-exec-8] DEBUG c.a.a.m.C.selectList - ==> Parameters: 
2026-09-12 10:58:25.018 [http-nio-8080-exec-8] DEBUG c.a.a.m.C.selectList - <==      Total: 2
2026-09-12 10:58:25.894 [http-nio-8080-exec-10] DEBUG c.a.a.m.C.selectList - ==>  Preparing: SELECT id,title,user_id,course_id,created_at,updated_at FROM conversation ORDER BY updated_at DESC
2026-09-12 10:58:25.894 [http-nio-8080-exec-10] DEBUG c.a.a.m.C.selectList - ==> Parameters: 
2026-09-12 10:58:25.896 [http-nio-8080-exec-10] DEBUG c.a.a.m.C.selectList - <==      Total: 2
2026-09-12 10:58:26.476 [http-nio-8080-exec-2] DEBUG c.a.a.m.C.selectList - ==>  Preparing: SELECT id,title,user_id,course_id,created_at,updated_at FROM conversation ORDER BY updated_at DESC
2026-09-12 10:58:26.477 [http-nio-8080-exec-2] DEBUG c.a.a.m.C.selectList - ==> Parameters: 
2026-09-12 10:58:26.479 [http-nio-8080-exec-2] DEBUG c.a.a.m.C.selectList - <==      Total: 2
2026-09-12 11:00:11.967 [background-preinit] INFO  o.h.validator.internal.util.Version - HV000001: Hibernate Validator 8.0.1.Final
2026-09-12 11:00:12.035 [main] INFO  c.a.a.AiReviewAssistantApplication - Starting AiReviewAssistantApplication v0.0.1-SNAPSHOT using Java 22.0.1 with PID 63374 (/Users/h3rtz/Desktop/ai-review-assistant/target/ai-review-assistant-0.0.1-SNAPSHOT.jar started by h3rtz in /Users/h3rtz/Desktop/ai-review-assistant)
2026-09-12 11:00:12.036 [main] DEBUG c.a.a.AiReviewAssistantApplication - Running with Spring Boot v3.2.10, Spring v6.1.13
2026-09-12 11:00:12.036 [main] INFO  c.a.a.AiReviewAssistantApplication - No active profile set, falling back to 1 default profile: "default"
2026-09-12 11:00:13.582 [main] INFO  o.s.b.w.e.tomcat.TomcatWebServer - Tomcat initialized with port 8080 (http)
2026-09-12 11:00:13.588 [main] INFO  o.a.coyote.http11.Http11NioProtocol - Initializing ProtocolHandler ["http-nio-8080"]
2026-09-12 11:00:13.591 [main] INFO  o.a.catalina.core.StandardService - Starting service [Tomcat]
2026-09-12 11:00:13.591 [main] INFO  o.a.catalina.core.StandardEngine - Starting Servlet engine: [Apache Tomcat/10.1.30]
2026-09-12 11:00:13.609 [main] INFO  o.a.c.c.C.[Tomcat].[localhost].[/] - Initializing Spring embedded WebApplicationContext
2026-09-12 11:00:13.610 [main] INFO  o.s.b.w.s.c.ServletWebServerApplicationContext - Root WebApplicationContext: initialization completed in 1539 ms
2026-09-12 11:00:14.096 [main] INFO  o.s.a.v.pgvector.PgVectorStore - Using the vector table name: vector_store. Is empty: false
2026-09-12 11:00:14.098 [main] INFO  o.s.a.v.pgvector.PgVectorStore - Initializing PGVectorStore schema for table: vector_store in schema: public
2026-09-12 11:00:14.098 [main] INFO  o.s.a.v.pgvector.PgVectorStore - vectorTableValidationsEnabled false
2026-09-12 11:00:14.100 [main] INFO  com.zaxxer.hikari.HikariDataSource - HikariPool-1 - Starting...
2026-09-12 11:00:14.183 [main] INFO  com.zaxxer.hikari.pool.HikariPool - HikariPool-1 - Added connection org.postgresql.jdbc.PgConnection@67aa46d0
2026-09-12 11:00:14.184 [main] INFO  com.zaxxer.hikari.HikariDataSource - HikariPool-1 - Start completed.
2026-09-12 11:00:14.857 [main] WARN  o.s.b.a.s.s.UserDetailsServiceAutoConfiguration - 

Using generated security password: 4d63d017-2d26-40af-8bca-e78fc812e3e7

This generated password is for development use only. Your security configuration must be updated before running your application in production.

2026-09-12 11:00:14.955 [main] INFO  o.s.b.a.w.s.WelcomePageHandlerMapping - Adding welcome page: class path resource [static/index.html]
2026-09-12 11:00:15.121 [main] INFO  o.s.b.a.e.web.EndpointLinksResolver - Exposing 4 endpoint(s) beneath base path '/actuator'
2026-09-12 11:00:15.173 [main] INFO  o.s.s.web.DefaultSecurityFilterChain - Will secure any request with [org.springframework.security.web.session.DisableEncodeUrlFilter@74cb54b1, org.springframework.security.web.context.request.async.WebAsyncManagerIntegrationFilter@cf500b5, org.springframework.security.web.context.SecurityContextHolderFilter@3bbbf090, org.springframework.security.web.header.HeaderWriterFilter@2041d957, org.springframework.security.web.authentication.logout.LogoutFilter@3ebcffb9, com.aiservice.aireviewassistant.security.JwtAuthenticationFilter@e01a39e, org.springframework.security.web.savedrequest.RequestCacheAwareFilter@353e49ab, org.springframework.security.web.servletapi.SecurityContextHolderAwareRequestFilter@61a75a73, org.springframework.security.web.authentication.AnonymousAuthenticationFilter@34486760, org.springframework.security.web.session.SessionManagementFilter@6ea7e4e5, org.springframework.security.web.access.ExceptionTranslationFilter@447c814a, org.springframework.security.web.access.intercept.AuthorizationFilter@64063b7a]
2026-09-12 11:00:16.022 [main] ERROR i.n.r.d.DnsServerAddressStreamProviders - Unable to load io.netty.resolver.dns.macos.MacOSDnsServerAddressStreamProvider, fallback to system defaults. This may result in incorrect DNS resolutions on MacOS. Check whether you have a dependency on 'io.netty:netty-resolver-dns-native-macos'. Use DEBUG level to see the full stack: java.lang.UnsatisfiedLinkError: failed to load the required native library
2026-09-12 11:00:16.031 [main] INFO  o.a.coyote.http11.Http11NioProtocol - Starting ProtocolHandler ["http-nio-8080"]
2026-09-12 11:00:16.037 [main] INFO  o.s.b.w.e.tomcat.TomcatWebServer - Tomcat started on port 8080 (http) with context path ''
2026-09-12 11:00:16.062 [main] INFO  c.a.a.AiReviewAssistantApplication - Started AiReviewAssistantApplication in 4.424 seconds (process running for 4.713)
2026-09-12 11:00:16.495 [http-nio-8080-exec-1] INFO  o.a.c.c.C.[Tomcat].[localhost].[/] - Initializing Spring DispatcherServlet 'dispatcherServlet'
2026-09-12 11:00:16.495 [http-nio-8080-exec-1] INFO  o.s.web.servlet.DispatcherServlet - Initializing Servlet 'dispatcherServlet'
2026-09-12 11:00:16.496 [http-nio-8080-exec-1] INFO  o.s.web.servlet.DispatcherServlet - Completed initialization in 1 ms
2026-09-12 11:01:51.019 [http-nio-8080-exec-6] DEBUG c.a.a.m.AppUserMapper.selectList - ==>  Preparing: SELECT id,username,password,nickname,avatar,role,created_at,updated_at FROM app_user WHERE (username = ?)
2026-09-12 11:01:51.028 [http-nio-8080-exec-6] DEBUG c.a.a.m.AppUserMapper.selectList - ==> Parameters: admin(String)
2026-09-12 11:01:51.046 [http-nio-8080-exec-6] DEBUG c.a.a.m.AppUserMapper.selectList - <==      Total: 1
2026-09-12 11:01:51.279 [http-nio-8080-exec-9] DEBUG c.a.a.m.C.selectList - ==>  Preparing: SELECT id,title,user_id,course_id,created_at,updated_at FROM conversation WHERE (user_id = ?) ORDER BY updated_at DESC
2026-09-12 11:01:51.279 [http-nio-8080-exec-9] DEBUG c.a.a.m.C.selectList - ==> Parameters: 2(String)
2026-09-12 11:01:51.283 [http-nio-8080-exec-9] DEBUG c.a.a.m.C.selectList - <==      Total: 0
2026-09-12 11:01:51.292 [http-nio-8080-exec-10] DEBUG c.a.a.m.ConversationMapper.insert - ==>  Preparing: INSERT INTO conversation ( title, user_id ) VALUES ( ?, ? )
2026-09-12 11:01:51.293 [http-nio-8080-exec-10] DEBUG c.a.a.m.ConversationMapper.insert - ==> Parameters: 新对话(String), 2(String)
2026-09-12 11:01:51.299 [http-nio-8080-exec-10] DEBUG c.a.a.m.ConversationMapper.insert - <==    Updates: 1
2026-09-12 11:01:51.307 [http-nio-8080-exec-1] DEBUG c.a.a.m.C.selectList - ==>  Preparing: SELECT id,title,user_id,course_id,created_at,updated_at FROM conversation WHERE (user_id = ?) ORDER BY updated_at DESC
2026-09-12 11:01:51.307 [http-nio-8080-exec-1] DEBUG c.a.a.m.C.selectList - ==> Parameters: 2(String)
2026-09-12 11:01:51.309 [http-nio-8080-exec-1] DEBUG c.a.a.m.C.selectList - <==      Total: 1
2026-09-12 11:02:06.166 [http-nio-8080-exec-2] DEBUG c.a.a.m.C.selectById - ==>  Preparing: SELECT id,title,user_id,course_id,created_at,updated_at FROM conversation WHERE id=?
2026-09-12 11:02:06.169 [http-nio-8080-exec-2] DEBUG c.a.a.m.C.selectById - ==> Parameters: 42(Integer)
2026-09-12 11:02:06.171 [http-nio-8080-exec-2] DEBUG c.a.a.m.C.selectById - <==      Total: 1
2026-09-12 11:02:06.173 [http-nio-8080-exec-2] DEBUG c.a.a.m.C.updateById - ==>  Preparing: UPDATE conversation SET title=?, user_id=?, created_at=?, updated_at=? WHERE id=?
2026-09-12 11:02:06.174 [http-nio-8080-exec-2] DEBUG c.a.a.m.C.updateById - ==> Parameters: 请帮我出几道关于数据库学科/知识点的选择题(String), 2(String), 2026-09-12T11:01:51.293566(LocalDateTime), 2026-09-12T11:02:06.171874(LocalDateTime), 42(Integer)
2026-09-12 11:02:06.178 [http-nio-8080-exec-2] DEBUG c.a.a.m.C.updateById - <==    Updates: 1
2026-09-12 11:02:06.179 [http-nio-8080-exec-2] DEBUG c.a.a.mapper.MessageMapper.insert - ==>  Preparing: INSERT INTO message ( conversation_id, role, content ) VALUES ( ?, ?, ? )
2026-09-12 11:02:06.179 [http-nio-8080-exec-2] DEBUG c.a.a.mapper.MessageMapper.insert - ==> Parameters: 42(Integer), user(String), 请帮我出几道关于数据库学科/知识点的选择题(String)
2026-09-12 11:02:06.181 [http-nio-8080-exec-2] DEBUG c.a.a.mapper.MessageMapper.insert - <==    Updates: 1
2026-09-12 11:02:06.183 [http-nio-8080-exec-2] DEBUG c.a.a.m.MessageMapper.selectList - ==>  Preparing: SELECT id,conversation_id,role,content,intent,created_at FROM message WHERE (conversation_id = ?) ORDER BY created_at ASC LIMIT 10
2026-09-12 11:02:06.183 [http-nio-8080-exec-2] DEBUG c.a.a.m.MessageMapper.selectList - ==> Parameters: 42(Integer)
2026-09-12 11:02:06.185 [http-nio-8080-exec-2] DEBUG c.a.a.m.MessageMapper.selectList - <==      Total: 1
2026-09-12 11:02:07.956 [http-nio-8080-exec-2] DEBUG c.a.a.s.impl.ReviewAssistantAgent - ========== Agent 流式意图识别 ==========
2026-09-12 11:02:07.956 [http-nio-8080-exec-2] DEBUG c.a.a.s.impl.ReviewAssistantAgent - 用户消息: 请帮我出几道关于数据库学科/知识点的选择题
2026-09-12 11:02:07.956 [http-nio-8080-exec-2] DEBUG c.a.a.s.impl.ReviewAssistantAgent - 识别意图: QUIZ
2026-09-12 11:02:07.956 [http-nio-8080-exec-2] DEBUG c.a.a.s.impl.ReviewAssistantAgent - 提取参数: {count=5, topic=数据库}
2026-09-12 11:02:07.957 [http-nio-8080-exec-2] DEBUG c.a.a.s.impl.ReviewAssistantAgent - [Agent] 流式调用工具: QUIZ
2026-09-12 11:02:07.957 [http-nio-8080-exec-2] DEBUG c.a.a.s.impl.ReviewAssistantAgent - ================================
2026-09-12 11:02:08.134 [http-nio-8080-exec-3] DEBUG c.a.a.m.C.selectList - ==>  Preparing: SELECT id,title,user_id,course_id,created_at,updated_at FROM conversation WHERE (user_id = ?) ORDER BY updated_at DESC
2026-09-12 11:02:08.134 [http-nio-8080-exec-3] DEBUG c.a.a.m.C.selectList - ==> Parameters: 2(String)
2026-09-12 11:02:08.136 [http-nio-8080-exec-3] DEBUG c.a.a.m.C.selectList - <==      Total: 1
2026-09-12 11:02:27.410 [boundedElastic-1] DEBUG c.a.a.mapper.MessageMapper.insert - ==>  Preparing: INSERT INTO message ( conversation_id, role, content, intent ) VALUES ( ?, ?, ?, ? )
2026-09-12 11:02:27.411 [boundedElastic-1] DEBUG c.a.a.mapper.MessageMapper.insert - ==> Parameters: 42(Integer), assistant(String), 好的，这里为你准备了关于数据库的5道选择题。

---

### 题目 1：数据库

在关系数据库中，以下哪一项最准确地描述了“外键”（Foreign Key）的作用？

A. 唯一标识表中每一行记录的约束  
B. 保证某列或列组合取值非空的约束  
C. 建立两个表之间引用完整性关系的约束  
D. 对某一列的取值范围进行限制的检查约束  

**答案：C**

**解析：**
- 外键的核心功能是建立并强制维护表与表之间的引用完整性，确保子表中的外键值必须存在于父表的主键或唯一键中  
- A 描述的是主键（Primary Key）的作用  
- B 描述的是非空约束（NOT NULL）  
- D 描述的是检查约束（CHECK Constraint），与外键的语义和机制不同  

---

### 题目 2：数据库

SQL语句 `SELECT * FROM Employees WHERE salary > ALL (SELECT salary FROM Employees WHERE dept = 'HR');` 的语义等价于下列哪项操作？

A. 查询所有薪资高于任意一名HR部门员工的员工  
B. 查询所有薪资高于HR部门最高薪资的员工  
C. 查询所有薪资高于HR部门平均薪资的员工  
D. 查询所有不属于HR部门且薪资高于该部门最低薪资的员工  

**答案：B**

**解析：**
- `> ALL (subquery)` 等价于“大于子查询结果集中的每一个值”，即大于其最大值  
- 因此该语句返回薪资严格高于HR部门最高薪资的所有员工（含非HR员工）  
- A 错误：“高于任意一名”逻辑上等价于 `> ANY`，而非 `> ALL`  
- C 混淆了 `ALL` 与聚合函数 `AVG()` 的语义  
- D 引入了额外的部门归属判断，原语句并未限定 `dept ≠ 'HR'`  

---

### 题目 3：数据库

关于事务的ACID特性，下列说法中错误的是：

A. 原子性（Atomicity）要求事务中的所有操作要么全部成功提交，要么全部回滚  
B. 一致性（Consistency）指事务执行前后数据库必须从一个合法状态转移到另一个合法状态  
C. 隔离性（Isolation）确保并发执行的多个事务互不干扰，效果如同串行执行  
D. 持久性（Durability）表示事务一旦提交，其对数据库的修改将永久保存，即使系统崩溃也不会丢失  

**答案：B**

**解析：**
- B 选项表述存在根本性偏差：一致性（Consistency）并非由数据库管理系统（DBMS）自动保证，而是依赖应用逻辑和数据库约束（如主键、外键、CHECK等）共同实现；DBMS仅负责维持约束不被违反，但无法保证业务规则层面的一致性（如“转账总额不变”需靠原子性+应用逻辑）  
- A、C、D 均为ACID标准定义的准确表述  
- 常见误解是将“一致性”等同于DBMS自动保障的完整性，实则它更多是事务设计的目标，而非DBMS独立提供的机制  

---

### 题目 4：数据库

在数据库设计中，第三范式（3NF）要求关系模式满足：

A. 属于第二范式，且所有非主属性都不传递依赖于任何候选键  
B. 属于第二范式，且所有属性都完全函数依赖于候选键  
C. 属于第一范式，且不存在部分函数依赖和传递函数依赖  
D. 所有非主属性都直接依赖于整个候选键，且不存在多值依赖  

**答案：A**

**解析：**
- 3NF 的经典定义是：关系模式属于2NF，且不存在非主属性对候选键的传递函数依赖  
- B 描述的是“完全函数依赖”，这是2NF的要求，未涵盖传递依赖的消除  
- C 错误：第一范式仅要求属性不可再分；消除部分依赖是2NF任务，传递依赖需到3NF才强制消除  
- D 混入了第四范式（4NF）概念（多值依赖），不属于3NF定义范畴  

---

### 题目 5：数据库

下列关于索引的叙述中，正确的是：

A. 聚簇索引（Clustered Index）的叶节点存储的是数据行的物理地址，而非完整数据  
B. 一个表可以同时拥有多个聚簇索引，以优化不同查询路径  
C. 唯一索引（Unique Index）强制要求索引列不允许NULL值  
D. 在频繁更新的列上创建B+树索引可能降低写性能，但通常提升范围查询效率  

**答案：D**

**解析：**
- D 正确：B+树索引加速查找和范围扫描，但每次INSERT/UPDATE/DELETE需同步维护索引结构，带来额外I/O与CPU开销，尤其在高更新频率场景下写性能下降明显  
- A 错误：聚簇索引的叶节点直接存储完整的数据行（即表数据按索引顺序物理存放），而非地址  
- B 错误：一个表最多只能有一个聚簇索引（因数据物理排序唯一）  
- C 错误：唯一索引允许NULL值（多数DBMS中，NULL不参与唯一性校验，且允许多个NULL）；仅当列定义为 `NOT NULL` 时，唯一索引才真正禁止重复非空值(String), QUIZ(String)
2026-09-12 11:02:27.414 [boundedElastic-1] DEBUG c.a.a.mapper.MessageMapper.insert - <==    Updates: 1
2026-09-12 11:02:27.416 [boundedElastic-1] DEBUG c.a.a.m.C.selectById - ==>  Preparing: SELECT id,title,user_id,course_id,created_at,updated_at FROM conversation WHERE id=?
2026-09-12 11:02:27.416 [boundedElastic-1] DEBUG c.a.a.m.C.selectById - ==> Parameters: 42(Integer)
2026-09-12 11:02:27.417 [boundedElastic-1] DEBUG c.a.a.m.C.selectById - <==      Total: 1
2026-09-12 11:02:27.418 [boundedElastic-1] DEBUG c.a.a.m.ReviewRecordsMapper.insert - ==>  Preparing: INSERT INTO review_records ( conversation_id, user_id, question, answer, created_at ) VALUES ( ?, ?, ?, ?, ? )
2026-09-12 11:02:27.418 [boundedElastic-1] DEBUG c.a.a.m.ReviewRecordsMapper.insert - ==> Parameters: 42(Integer), 2(String), 请帮我出几道关于数据库学科/知识点的选择题(String), 好的，这里为你准备了关于数据库的5道选择题。

---

### 题目 1：数据库

在关系数据库中，以下哪一项最准确地描述了“外键”（Foreign Key）的作用？

A. 唯一标识表中每一行记录的约束  
B. 保证某列或列组合取值非空的约束  
C. 建立两个表之间引用完整性关系的约束  
D. 对某一列的取值范围进行限制的检查约束  

**答案：C**

**解析：**
- 外键的核心功能是建立并强制维护表与表之间的引用完整性，确保子表中的外键值必须存在于父表的主键或唯一键中  
- A 描述的是主键（Primary Key）的作用  
- B 描述的是非空约束（NOT NULL）  
- D 描述的是检查约束（CHECK Constraint），与外键的语义和机制不同  

---

### 题目 2：数据库

SQL语句 `SELECT * FROM Employees WHERE salary > ALL (SELECT salary FROM Employees WHERE dept = 'HR');` 的语义等价于下列哪项操作？

A. 查询所有薪资高于任意一名HR部门员工的员工  
B. 查询所有薪资高于HR部门最高薪资的员工  
C. 查询所有薪资高于HR部门平均薪资的员工  
D. 查询所有不属于HR部门且薪资高于该部门最低薪资的员工  

**答案：B**

**解析：**
- `> ALL (subquery)` 等价于“大于子查询结果集中的每一个值”，即大于其最大值  
- 因此该语句返回薪资严格高于HR部门最高薪资的所有员工（含非HR员工）  
- A 错误：“高于任意一名”逻辑上等价于 `> ANY`，而非 `> ALL`  
- C 混淆了 `ALL` 与聚合函数 `AVG()` 的语义  
- D 引入了额外的部门归属判断，原语句并未限定 `dept ≠ 'HR'`  

---

### 题目 3：数据库

关于事务的ACID特性，下列说法中错误的是：

A. 原子性（Atomicity）要求事务中的所有操作要么全部成功提交，要么全部回滚  
B. 一致性（Consistency）指事务执行前后数据库必须从一个合法状态转移到另一个合法状态  
C. 隔离性（Isolation）确保并发执行的多个事务互不干扰，效果如同串行执行  
D. 持久性（Durability）表示事务一旦提交，其对数据库的修改将永久保存，即使系统崩溃也不会丢失  

**答案：B**

**解析：**
- B 选项表述存在根本性偏差：一致性（Consistency）并非由数据库管理系统（DBMS）自动保证，而是依赖应用逻辑和数据库约束（如主键、外键、CHECK等）共同实现；DBMS仅负责维持约束不被违反，但无法保证业务规则层面的一致性（如“转账总额不变”需靠原子性+应用逻辑）  
- A、C、D 均为ACID标准定义的准确表述  
- 常见误解是将“一致性”等同于DBMS自动保障的完整性，实则它更多是事务设计的目标，而非DBMS独立提供的机制  

---

### 题目 4：数据库

在数据库设计中，第三范式（3NF）要求关系模式满足：

A. 属于第二范式，且所有非主属性都不传递依赖于任何候选键  
B. 属于第二范式，且所有属性都完全函数依赖于候选键  
C. 属于第一范式，且不存在部分函数依赖和传递函数依赖  
D. 所有非主属性都直接依赖于整个候选键，且不存在多值依赖  

**答案：A**

**解析：**
- 3NF 的经典定义是：关系模式属于2NF，且不存在非主属性对候选键的传递函数依赖  
- B 描述的是“完全函数依赖”，这是2NF的要求，未涵盖传递依赖的消除  
- C 错误：第一范式仅要求属性不可再分；消除部分依赖是2NF任务，传递依赖需到3NF才强制消除  
- D 混入了第四范式（4NF）概念（多值依赖），不属于3NF定义范畴  

---

### 题目 5：数据库

下列关于索引的叙述中，正确的是：

A. 聚簇索引（Clustered Index）的叶节点存储的是数据行的物理地址，而非完整数据  
B. 一个表可以同时拥有多个聚簇索引，以优化不同查询路径  
C. 唯一索引（Unique Index）强制要求索引列不允许NULL值  
D. 在频繁更新的列上创建B+树索引可能降低写性能，但通常提升范围查询效率  

**答案：D**

**解析：**
- D 正确：B+树索引加速查找和范围扫描，但每次INSERT/UPDATE/DELETE需同步维护索引结构，带来额外I/O与CPU开销，尤其在高更新频率场景下写性能下降明显  
- A 错误：聚簇索引的叶节点直接存储完整的数据行（即表数据按索引顺序物理存放），而非地址  
- B 错误：一个表最多只能有一个聚簇索引（因数据物理排序唯一）  
- C 错误：唯一索引允许NULL值（多数DBMS中，NULL不参与唯一性校验，且允许多个NULL）；仅当列定义为 `NOT NULL` 时，唯一索引才真正禁止重复非空值(String), 2026-09-12T11:02:27.417864(LocalDateTime)
2026-09-12 11:02:27.498 [boundedElastic-1] WARN  c.a.a.s.impl.ReviewAssistantAgent - [Agent] 保存复习记录失败: 
### Error updating database.  Cause: org.postgresql.util.PSQLException: ERROR: null value in column "course_id" of relation "review_records" violates not-null constraint
  Detail: Failing row contains (22, null, 2, 请帮我出几道关于数据库学科/知识点的选择题, 好的，这里为你准备了关于数据库的5道选择题。..., 2026-09-12 11:02:27.417864, 42).
### The error may exist in com/aiservice/aireviewassistant/mapper/ReviewRecordsMapper.java (best guess)
### The error may involve com.aiservice.aireviewassistant.mapper.ReviewRecordsMapper.insert-Inline
### The error occurred while setting parameters
### SQL: INSERT INTO review_records  ( conversation_id,  user_id, question, answer, created_at )  VALUES (  ?,  ?, ?, ?, ?  )
### Cause: org.postgresql.util.PSQLException: ERROR: null value in column "course_id" of relation "review_records" violates not-null constraint
  Detail: Failing row contains (22, null, 2, 请帮我出几道关于数据库学科/知识点的选择题, 好的，这里为你准备了关于数据库的5道选择题。..., 2026-09-12 11:02:27.417864, 42).
; ERROR: null value in column "course_id" of relation "review_records" violates not-null constraint
  Detail: Failing row contains (22, null, 2, 请帮我出几道关于数据库学科/知识点的选择题, 好的，这里为你准备了关于数据库的5道选择题。..., 2026-09-12 11:02:27.417864, 42).
2026-09-12 11:02:27.499 [boundedElastic-1] DEBUG c.a.a.mapper.AgentLogMapper.insert - ==>  Preparing: INSERT INTO agent_log ( conversation_id, user_message, intent, parameters, latency_ms, success, created_at ) VALUES ( ?, ?, ?, ?, ?, ?, ? )
2026-09-12 11:02:27.500 [boundedElastic-1] DEBUG c.a.a.mapper.AgentLogMapper.insert - ==> Parameters: 42(Integer), 请帮我出几道关于数据库学科/知识点的选择题(String), QUIZ(String), {"count":"5","topic":"数据库"}(String), 21334(Long), true(Boolean), 2026-09-12T11:02:27.498934(LocalDateTime)
2026-09-12 11:02:27.504 [boundedElastic-1] DEBUG c.a.a.mapper.AgentLogMapper.insert - <==    Updates: 1
2026-09-12 11:02:27.526 [http-nio-8080-exec-5] DEBUG c.a.a.m.C.selectList - ==>  Preparing: SELECT id,title,user_id,course_id,created_at,updated_at FROM conversation WHERE (user_id = ?) ORDER BY updated_at DESC
2026-09-12 11:02:27.526 [http-nio-8080-exec-5] DEBUG c.a.a.m.C.selectList - ==> Parameters: 2(String)
2026-09-12 11:02:27.528 [http-nio-8080-exec-5] DEBUG c.a.a.m.C.selectList - <==      Total: 1
2026-09-12 11:08:59.267 [background-preinit] INFO  o.h.validator.internal.util.Version - HV000001: Hibernate Validator 8.0.1.Final
2026-09-12 11:08:59.334 [main] INFO  c.a.a.AiReviewAssistantApplication - Starting AiReviewAssistantApplication v0.0.1-SNAPSHOT using Java 22.0.1 with PID 65486 (/Users/h3rtz/Desktop/ai-review-assistant/target/ai-review-assistant-0.0.1-SNAPSHOT.jar started by h3rtz in /Users/h3rtz/Desktop/ai-review-assistant)
2026-09-12 11:08:59.335 [main] DEBUG c.a.a.AiReviewAssistantApplication - Running with Spring Boot v3.2.10, Spring v6.1.13
2026-09-12 11:08:59.335 [main] INFO  c.a.a.AiReviewAssistantApplication - No active profile set, falling back to 1 default profile: "default"
2026-09-12 11:09:00.899 [main] INFO  o.s.b.w.e.tomcat.TomcatWebServer - Tomcat initialized with port 8080 (http)
2026-09-12 11:09:00.906 [main] INFO  o.a.coyote.http11.Http11NioProtocol - Initializing ProtocolHandler ["http-nio-8080"]
2026-09-12 11:09:00.908 [main] INFO  o.a.catalina.core.StandardService - Starting service [Tomcat]
2026-09-12 11:09:00.908 [main] INFO  o.a.catalina.core.StandardEngine - Starting Servlet engine: [Apache Tomcat/10.1.30]
2026-09-12 11:09:00.926 [main] INFO  o.a.c.c.C.[Tomcat].[localhost].[/] - Initializing Spring embedded WebApplicationContext
2026-09-12 11:09:00.927 [main] INFO  o.s.b.w.s.c.ServletWebServerApplicationContext - Root WebApplicationContext: initialization completed in 1566 ms
2026-09-12 11:09:01.436 [main] INFO  o.s.a.v.pgvector.PgVectorStore - Using the vector table name: vector_store. Is empty: false
2026-09-12 11:09:01.438 [main] INFO  o.s.a.v.pgvector.PgVectorStore - Initializing PGVectorStore schema for table: vector_store in schema: public
2026-09-12 11:09:01.438 [main] INFO  o.s.a.v.pgvector.PgVectorStore - vectorTableValidationsEnabled false
2026-09-12 11:09:01.441 [main] INFO  com.zaxxer.hikari.HikariDataSource - HikariPool-1 - Starting...
2026-09-12 11:09:01.528 [main] INFO  com.zaxxer.hikari.pool.HikariPool - HikariPool-1 - Added connection org.postgresql.jdbc.PgConnection@548efcf5
2026-09-12 11:09:01.529 [main] INFO  com.zaxxer.hikari.HikariDataSource - HikariPool-1 - Start completed.
2026-09-12 11:09:02.208 [main] WARN  o.s.b.a.s.s.UserDetailsServiceAutoConfiguration - 

Using generated security password: a3fc90f1-841b-4fce-9e5e-988f28ea671c

This generated password is for development use only. Your security configuration must be updated before running your application in production.

2026-09-12 11:09:02.302 [main] INFO  o.s.b.a.w.s.WelcomePageHandlerMapping - Adding welcome page: class path resource [static/index.html]
2026-09-12 11:09:02.466 [main] INFO  o.s.b.a.e.web.EndpointLinksResolver - Exposing 4 endpoint(s) beneath base path '/actuator'
2026-09-12 11:09:02.528 [main] INFO  o.s.s.web.DefaultSecurityFilterChain - Will secure any request with [org.springframework.security.web.session.DisableEncodeUrlFilter@45b23448, org.springframework.security.web.context.request.async.WebAsyncManagerIntegrationFilter@54202c68, org.springframework.security.web.context.SecurityContextHolderFilter@3c7581cd, org.springframework.security.web.header.HeaderWriterFilter@7a7b79a6, org.springframework.security.web.authentication.logout.LogoutFilter@4daf30c2, com.aiservice.aireviewassistant.security.JwtAuthenticationFilter@6d64477a, org.springframework.security.web.savedrequest.RequestCacheAwareFilter@681d255d, org.springframework.security.web.servletapi.SecurityContextHolderAwareRequestFilter@61c1da5e, org.springframework.security.web.authentication.AnonymousAuthenticationFilter@17b29915, org.springframework.security.web.session.SessionManagementFilter@1bc2adc7, org.springframework.security.web.access.ExceptionTranslationFilter@339486ff, org.springframework.security.web.access.intercept.AuthorizationFilter@439e894f]
2026-09-12 11:09:03.225 [main] ERROR i.n.r.d.DnsServerAddressStreamProviders - Unable to load io.netty.resolver.dns.macos.MacOSDnsServerAddressStreamProvider, fallback to system defaults. This may result in incorrect DNS resolutions on MacOS. Check whether you have a dependency on 'io.netty:netty-resolver-dns-native-macos'. Use DEBUG level to see the full stack: java.lang.UnsatisfiedLinkError: failed to load the required native library
2026-09-12 11:09:03.232 [main] INFO  o.a.coyote.http11.Http11NioProtocol - Starting ProtocolHandler ["http-nio-8080"]
2026-09-12 11:09:03.237 [main] INFO  o.s.b.w.e.tomcat.TomcatWebServer - Tomcat started on port 8080 (http) with context path ''
2026-09-12 11:09:03.251 [main] INFO  c.a.a.AiReviewAssistantApplication - Started AiReviewAssistantApplication in 4.306 seconds (process running for 4.659)
2026-09-12 11:09:03.720 [http-nio-8080-exec-1] INFO  o.a.c.c.C.[Tomcat].[localhost].[/] - Initializing Spring DispatcherServlet 'dispatcherServlet'
2026-09-12 11:09:03.720 [http-nio-8080-exec-1] INFO  o.s.web.servlet.DispatcherServlet - Initializing Servlet 'dispatcherServlet'
2026-09-12 11:09:03.721 [http-nio-8080-exec-1] INFO  o.s.web.servlet.DispatcherServlet - Completed initialization in 1 ms
2026-09-12 11:11:20.846 [http-nio-8080-exec-3] DEBUG c.a.a.m.AppUserMapper.selectList - ==>  Preparing: SELECT id,username,password,nickname,avatar,role,created_at,updated_at FROM app_user WHERE (username = ?)
2026-09-12 11:11:20.857 [http-nio-8080-exec-3] DEBUG c.a.a.m.AppUserMapper.selectList - ==> Parameters: admin(String)
2026-09-12 11:11:20.873 [http-nio-8080-exec-3] DEBUG c.a.a.m.AppUserMapper.selectList - <==      Total: 1
2026-09-12 11:11:30.603 [http-nio-8080-exec-7] DEBUG c.a.a.m.AppUserMapper.selectList - ==>  Preparing: SELECT id,username,password,nickname,avatar,role,created_at,updated_at FROM app_user WHERE (username = ?)
2026-09-12 11:11:30.603 [http-nio-8080-exec-7] DEBUG c.a.a.m.AppUserMapper.selectList - ==> Parameters: admin(String)
2026-09-12 11:11:30.605 [http-nio-8080-exec-7] DEBUG c.a.a.m.AppUserMapper.selectList - <==      Total: 1
2026-09-12 11:11:43.285 [http-nio-8080-exec-9] DEBUG c.a.a.m.AppUserMapper.selectList - ==>  Preparing: SELECT id,username,password,nickname,avatar,role,created_at,updated_at FROM app_user WHERE (username = ?)
2026-09-12 11:11:43.285 [http-nio-8080-exec-9] DEBUG c.a.a.m.AppUserMapper.selectList - ==> Parameters: testuser99(String)
2026-09-12 11:11:43.286 [http-nio-8080-exec-9] DEBUG c.a.a.m.AppUserMapper.selectList - <==      Total: 0
2026-09-12 11:11:43.366 [http-nio-8080-exec-9] DEBUG c.a.a.mapper.AppUserMapper.insert - ==>  Preparing: INSERT INTO app_user ( username, password, nickname, role, created_at, updated_at ) VALUES ( ?, ?, ?, ?, ?, ? )
2026-09-12 11:11:43.366 [http-nio-8080-exec-9] DEBUG c.a.a.mapper.AppUserMapper.insert - ==> Parameters: testuser99(String), $2a$10$3PLFRVZqgFMO6Gt1gsFzFu5BynK7xh/j1XSSq1bAWcNPzoVj.ezhW(String), Tester(String), USER(String), 2026-09-12T11:11:43.363765(LocalDateTime), 2026-09-12T11:11:43.363779(LocalDateTime)
2026-09-12 11:11:43.375 [http-nio-8080-exec-9] DEBUG c.a.a.mapper.AppUserMapper.insert - <==    Updates: 1
2026-09-12 11:11:53.509 [http-nio-8080-exec-1] DEBUG c.a.a.m.AppUserMapper.selectList - ==>  Preparing: SELECT id,username,password,nickname,avatar,role,created_at,updated_at FROM app_user WHERE (username = ?)
2026-09-12 11:11:53.509 [http-nio-8080-exec-1] DEBUG c.a.a.m.AppUserMapper.selectList - ==> Parameters: testuser99(String)
2026-09-12 11:11:53.510 [http-nio-8080-exec-1] DEBUG c.a.a.m.AppUserMapper.selectList - <==      Total: 1
2026-09-12 11:12:11.755 [http-nio-8080-exec-3] ERROR c.a.a.e.GlobalExceptionHandler - 运行时异常: No match found
java.lang.IllegalStateException: No match found
	at java.base/java.util.regex.Matcher.checkMatch(Matcher.java:1850)
	at java.base/java.util.regex.Matcher.start(Matcher.java:493)
	at com.aiservice.aireviewassistant.service.impl.QuizServiceImpl.parseQuestion(QuizServiceImpl.java:192)
	at com.aiservice.aireviewassistant.service.impl.QuizServiceImpl.formatQuizOutput(QuizServiceImpl.java:104)
	at com.aiservice.aireviewassistant.service.impl.QuizServiceImpl.generateQuiz(QuizServiceImpl.java:44)
	at java.base/jdk.internal.reflect.DirectMethodHandleAccessor.invoke(DirectMethodHandleAccessor.java:103)
	at java.base/java.lang.reflect.Method.invoke(Method.java:580)
	at org.springframework.aop.support.AopUtils.invokeJoinpointUsingReflection(AopUtils.java:355)
	at org.springframework.aop.framework.ReflectiveMethodInvocation.invokeJoinpoint(ReflectiveMethodInvocation.java:196)
	at org.springframework.aop.framework.ReflectiveMethodInvocation.proceed(ReflectiveMethodInvocation.java:163)
	at org.springframework.aop.framework.CglibAopProxy$CglibMethodInvocation.proceed(CglibAopProxy.java:768)
	at org.springframework.cache.interceptor.CacheInterceptor.lambda$invoke$0(CacheInterceptor.java:55)
	at org.springframework.cache.interceptor.CacheAspectSupport.invokeOperation(CacheAspectSupport.java:416)
	at org.springframework.cache.interceptor.CacheAspectSupport.evaluate(CacheAspectSupport.java:551)
	at org.springframework.cache.interceptor.CacheAspectSupport.execute(CacheAspectSupport.java:433)
	at org.springframework.cache.interceptor.CacheAspectSupport.execute(CacheAspectSupport.java:395)
	at org.springframework.cache.interceptor.CacheInterceptor.invoke(CacheInterceptor.java:65)
	at org.springframework.aop.framework.ReflectiveMethodInvocation.proceed(ReflectiveMethodInvocation.java:184)
	at org.springframework.aop.framework.CglibAopProxy$CglibMethodInvocation.proceed(CglibAopProxy.java:768)
	at org.springframework.aop.framework.CglibAopProxy$DynamicAdvisedInterceptor.intercept(CglibAopProxy.java:720)
	at com.aiservice.aireviewassistant.service.impl.QuizServiceImpl$$SpringCGLIB$$0.generateQuiz(<generated>)
	at com.aiservice.aireviewassistant.controller.QuizController.generateMultipleQuiz(QuizController.java:47)
	at java.base/jdk.internal.reflect.DirectMethodHandleAccessor.invoke(DirectMethodHandleAccessor.java:103)
	at java.base/java.lang.reflect.Method.invoke(Method.java:580)
	at org.springframework.aop.support.AopUtils.invokeJoinpointUsingReflection(AopUtils.java:355)
	at org.springframework.aop.framework.ReflectiveMethodInvocation.invokeJoinpoint(ReflectiveMethodInvocation.java:196)
	at org.springframework.aop.framework.ReflectiveMethodInvocation.proceed(ReflectiveMethodInvocation.java:163)
	at org.springframework.aop.framework.CglibAopProxy$CglibMethodInvocation.proceed(CglibAopProxy.java:768)
	at org.springframework.validation.beanvalidation.MethodValidationInterceptor.invoke(MethodValidationInterceptor.java:174)
	at org.springframework.aop.framework.ReflectiveMethodInvocation.proceed(ReflectiveMethodInvocation.java:184)
	at org.springframework.aop.framework.CglibAopProxy$CglibMethodInvocation.proceed(CglibAopProxy.java:768)
	at org.springframework.aop.framework.CglibAopProxy$DynamicAdvisedInterceptor.intercept(CglibAopProxy.java:720)
	at com.aiservice.aireviewassistant.controller.QuizController$$SpringCGLIB$$0.generateMultipleQuiz(<generated>)
	at java.base/jdk.internal.reflect.DirectMethodHandleAccessor.invoke(DirectMethodHandleAccessor.java:103)
	at java.base/java.lang.reflect.Method.invoke(Method.java:580)
	at org.springframework.web.method.support.InvocableHandlerMethod.doInvoke(InvocableHandlerMethod.java:255)
	at org.springframework.web.method.support.InvocableHandlerMethod.invokeForRequest(InvocableHandlerMethod.java:188)
	at org.springframework.web.servlet.mvc.method.annotation.ServletInvocableHandlerMethod.invokeAndHandle(ServletInvocableHandlerMethod.java:118)
	at org.springframework.web.servlet.mvc.method.annotation.RequestMappingHandlerAdapter.invokeHandlerMethod(RequestMappingHandlerAdapter.java:926)
	at org.springframework.web.servlet.mvc.method.annotation.RequestMappingHandlerAdapter.handleInternal(RequestMappingHandlerAdapter.java:831)
	at org.springframework.web.servlet.mvc.method.AbstractHandlerMethodAdapter.handle(AbstractHandlerMethodAdapter.java:87)
	at org.springframework.web.servlet.DispatcherServlet.doDispatch(DispatcherServlet.java:1089)
	at org.springframework.web.servlet.DispatcherServlet.doService(DispatcherServlet.java:979)
	at org.springframework.web.servlet.FrameworkServlet.processRequest(FrameworkServlet.java:1014)
	at org.springframework.web.servlet.FrameworkServlet.doPost(FrameworkServlet.java:914)
	at jakarta.servlet.http.HttpServlet.service(HttpServlet.java:590)
	at org.springframework.web.servlet.FrameworkServlet.service(FrameworkServlet.java:885)
	at jakarta.servlet.http.HttpServlet.service(HttpServlet.java:658)
	at org.apache.catalina.core.ApplicationFilterChain.internalDoFilter(ApplicationFilterChain.java:195)
	at org.apache.catalina.core.ApplicationFilterChain.doFilter(ApplicationFilterChain.java:140)
	at org.apache.tomcat.websocket.server.WsFilter.doFilter(WsFilter.java:51)
	at org.apache.catalina.core.ApplicationFilterChain.internalDoFilter(ApplicationFilterChain.java:164)
	at org.apache.catalina.core.ApplicationFilterChain.doFilter(ApplicationFilterChain.java:140)
	at org.springframework.web.filter.CompositeFilter$VirtualFilterChain.doFilter(CompositeFilter.java:108)
	at org.springframework.security.web.FilterChainProxy.lambda$doFilterInternal$3(FilterChainProxy.java:231)
	at org.springframework.security.web.ObservationFilterChainDecorator$FilterObservation$SimpleFilterObservation.lambda$wrap$1(ObservationFilterChainDecorator.java:479)
	at org.springframework.security.web.ObservationFilterChainDecorator$AroundFilterObservation$SimpleAroundFilterObservation.lambda$wrap$1(ObservationFilterChainDecorator.java:340)
	at org.springframework.security.web.ObservationFilterChainDecorator.lambda$wrapSecured$0(ObservationFilterChainDecorator.java:82)
	at org.springframework.security.web.ObservationFilterChainDecorator$VirtualFilterChain.doFilter(ObservationFilterChainDecorator.java:128)
	at org.springframework.security.web.access.intercept.AuthorizationFilter.doFilter(AuthorizationFilter.java:100)
	at org.springframework.security.web.ObservationFilterChainDecorator$ObservationFilter.wrapFilter(ObservationFilterChainDecorator.java:240)
	at org.springframework.security.web.ObservationFilterChainDecorator$ObservationFilter.doFilter(ObservationFilterChainDecorator.java:227)
	at org.springframework.security.web.ObservationFilterChainDecorator$VirtualFilterChain.doFilter(ObservationFilterChainDecorator.java:137)
	at org.springframework.security.web.access.ExceptionTranslationFilter.doFilter(ExceptionTranslationFilter.java:126)
	at org.springframework.security.web.access.ExceptionTranslationFilter.doFilter(ExceptionTranslationFilter.java:120)
	at org.springframework.security.web.ObservationFilterChainDecorator$ObservationFilter.wrapFilter(ObservationFilterChainDecorator.java:240)
	at org.springframework.security.web.ObservationFilterChainDecorator$ObservationFilter.doFilter(ObservationFilterChainDecorator.java:227)
	at org.springframework.security.web.ObservationFilterChainDecorator$VirtualFilterChain.doFilter(ObservationFilterChainDecorator.java:137)
	at org.springframework.security.web.session.SessionManagementFilter.doFilter(SessionManagementFilter.java:131)
	at org.springframework.security.web.session.SessionManagementFilter.doFilter(SessionManagementFilter.java:85)
	at org.springframework.security.web.ObservationFilterChainDecorator$ObservationFilter.wrapFilter(ObservationFilterChainDecorator.java:240)
	at org.springframework.security.web.ObservationFilterChainDecorator$ObservationFilter.doFilter(ObservationFilterChainDecorator.java:227)
	at org.springframework.security.web.ObservationFilterChainDecorator$VirtualFilterChain.doFilter(ObservationFilterChainDecorator.java:137)
	at org.springframework.security.web.authentication.AnonymousAuthenticationFilter.doFilter(AnonymousAuthenticationFilter.java:100)
	at org.springframework.security.web.ObservationFilterChainDecorator$ObservationFilter.wrapFilter(ObservationFilterChainDecorator.java:240)
	at org.springframework.security.web.ObservationFilterChainDecorator$ObservationFilter.doFilter(ObservationFilterChainDecorator.java:227)
	at org.springframework.security.web.ObservationFilterChainDecorator$VirtualFilterChain.doFilter(ObservationFilterChainDecorator.java:137)
	at org.springframework.security.web.servletapi.SecurityContextHolderAwareRequestFilter.doFilter(SecurityContextHolderAwareRequestFilter.java:179)
	at org.springframework.security.web.ObservationFilterChainDecorator$ObservationFilter.wrapFilter(ObservationFilterChainDecorator.java:240)
	at org.springframework.security.web.ObservationFilterChainDecorator$ObservationFilter.doFilter(ObservationFilterChainDecorator.java:227)
	at org.springframework.security.web.ObservationFilterChainDecorator$VirtualFilterChain.doFilter(ObservationFilterChainDecorator.java:137)
	at org.springframework.security.web.savedrequest.RequestCacheAwareFilter.doFilter(RequestCacheAwareFilter.java:63)
	at org.springframework.security.web.ObservationFilterChainDecorator$ObservationFilter.wrapFilter(ObservationFilterChainDecorator.java:240)
	at org.springframework.security.web.ObservationFilterChainDecorator$ObservationFilter.doFilter(ObservationFilterChainDecorator.java:227)
	at org.springframework.security.web.ObservationFilterChainDecorator$VirtualFilterChain.doFilter(ObservationFilterChainDecorator.java:137)
	at com.aiservice.aireviewassistant.security.JwtAuthenticationFilter.doFilterInternal(JwtAuthenticationFilter.java:54)
	at org.springframework.web.filter.OncePerRequestFilter.doFilter(OncePerRequestFilter.java:116)
	at org.springframework.security.web.ObservationFilterChainDecorator$ObservationFilter.wrapFilter(ObservationFilterChainDecorator.java:240)
	at org.springframework.security.web.ObservationFilterChainDecorator$ObservationFilter.doFilter(ObservationFilterChainDecorator.java:227)
	at org.springframework.security.web.ObservationFilterChainDecorator$VirtualFilterChain.doFilter(ObservationFilterChainDecorator.java:137)
	at org.springframework.security.web.authentication.logout.LogoutFilter.doFilter(LogoutFilter.java:107)
	at org.springframework.security.web.authentication.logout.LogoutFilter.doFilter(LogoutFilter.java:93)
	at org.springframework.security.web.ObservationFilterChainDecorator$ObservationFilter.wrapFilter(ObservationFilterChainDecorator.java:240)
	at org.springframework.security.web.ObservationFilterChainDecorator$ObservationFilter.doFilter(ObservationFilterChainDecorator.java:227)
	at org.springframework.security.web.ObservationFilterChainDecorator$VirtualFilterChain.doFilter(ObservationFilterChainDecorator.java:137)
	at org.springframework.security.web.header.HeaderWriterFilter.doHeadersAfter(HeaderWriterFilter.java:90)
	at org.springframework.security.web.header.HeaderWriterFilter.doFilterInternal(HeaderWriterFilter.java:75)
	at org.springframework.web.filter.OncePerRequestFilter.doFilter(OncePerRequestFilter.java:116)
	at org.springframework.security.web.ObservationFilterChainDecorator$ObservationFilter.wrapFilter(ObservationFilterChainDecorator.java:240)
	at org.springframework.security.web.ObservationFilterChainDecorator$ObservationFilter.doFilter(ObservationFilterChainDecorator.java:227)
	at org.springframework.security.web.ObservationFilterChainDecorator$VirtualFilterChain.doFilter(ObservationFilterChainDecorator.java:137)
	at org.springframework.security.web.context.SecurityContextHolderFilter.doFilter(SecurityContextHolderFilter.java:82)
	at org.springframework.security.web.context.SecurityContextHolderFilter.doFilter(SecurityContextHolderFilter.java:69)
	at org.springframework.security.web.ObservationFilterChainDecorator$ObservationFilter.wrapFilter(ObservationFilterChainDecorator.java:240)
	at org.springframework.security.web.ObservationFilterChainDecorator$ObservationFilter.doFilter(ObservationFilterChainDecorator.java:227)
	at org.springframework.security.web.ObservationFilterChainDecorator$VirtualFilterChain.doFilter(ObservationFilterChainDecorator.java:137)
	at org.springframework.security.web.context.request.async.WebAsyncManagerIntegrationFilter.doFilterInternal(WebAsyncManagerIntegrationFilter.java:62)
	at org.springframework.web.filter.OncePerRequestFilter.doFilter(OncePerRequestFilter.java:116)
	at org.springframework.security.web.ObservationFilterChainDecorator$ObservationFilter.wrapFilter(ObservationFilterChainDecorator.java:240)
	at org.springframework.security.web.ObservationFilterChainDecorator$ObservationFilter.doFilter(ObservationFilterChainDecorator.java:227)
	at org.springframework.security.web.ObservationFilterChainDecorator$VirtualFilterChain.doFilter(ObservationFilterChainDecorator.java:137)
	at org.springframework.security.web.session.DisableEncodeUrlFilter.doFilterInternal(DisableEncodeUrlFilter.java:42)
	at org.springframework.web.filter.OncePerRequestFilter.doFilter(OncePerRequestFilter.java:116)
	at org.springframework.security.web.ObservationFilterChainDecorator$ObservationFilter.wrapFilter(ObservationFilterChainDecorator.java:240)
	at org.springframework.security.web.ObservationFilterChainDecorator$AroundFilterObservation$SimpleAroundFilterObservation.lambda$wrap$0(ObservationFilterChainDecorator.java:323)
	at org.springframework.security.web.ObservationFilterChainDecorator$ObservationFilter.doFilter(ObservationFilterChainDecorator.java:224)
	at org.springframework.security.web.ObservationFilterChainDecorator$VirtualFilterChain.doFilter(ObservationFilterChainDecorator.java:137)
	at org.springframework.security.web.FilterChainProxy.doFilterInternal(FilterChainProxy.java:233)
	at org.springframework.security.web.FilterChainProxy.doFilter(FilterChainProxy.java:191)
	at org.springframework.web.filter.CompositeFilter$VirtualFilterChain.doFilter(CompositeFilter.java:113)
	at org.springframework.web.servlet.handler.HandlerMappingIntrospector.lambda$createCacheFilter$3(HandlerMappingIntrospector.java:195)
	at org.springframework.web.filter.CompositeFilter$VirtualFilterChain.doFilter(CompositeFilter.java:113)
	at org.springframework.web.filter.CompositeFilter.doFilter(CompositeFilter.java:74)
	at org.springframework.security.config.annotation.web.configuration.WebMvcSecurityConfiguration$CompositeFilterChainProxy.doFilter(WebMvcSecurityConfiguration.java:230)
	at org.springframework.web.filter.DelegatingFilterProxy.invokeDelegate(DelegatingFilterProxy.java:352)
	at org.springframework.web.filter.DelegatingFilterProxy.doFilter(DelegatingFilterProxy.java:268)
	at org.apache.catalina.core.ApplicationFilterChain.internalDoFilter(ApplicationFilterChain.java:164)
	at org.apache.catalina.core.ApplicationFilterChain.doFilter(ApplicationFilterChain.java:140)
	at org.springframework.web.filter.RequestContextFilter.doFilterInternal(RequestContextFilter.java:100)
	at org.springframework.web.filter.OncePerRequestFilter.doFilter(OncePerRequestFilter.java:116)
	at org.apache.catalina.core.ApplicationFilterChain.internalDoFilter(ApplicationFilterChain.java:164)
	at org.apache.catalina.core.ApplicationFilterChain.doFilter(ApplicationFilterChain.java:140)
	at org.springframework.web.filter.FormContentFilter.doFilterInternal(FormContentFilter.java:93)
	at org.springframework.web.filter.OncePerRequestFilter.doFilter(OncePerRequestFilter.java:116)
	at org.apache.catalina.core.ApplicationFilterChain.internalDoFilter(ApplicationFilterChain.java:164)
	at org.apache.catalina.core.ApplicationFilterChain.doFilter(ApplicationFilterChain.java:140)
	at org.springframework.web.filter.ServerHttpObservationFilter.doFilterInternal(ServerHttpObservationFilter.java:113)
	at org.springframework.web.filter.OncePerRequestFilter.doFilter(OncePerRequestFilter.java:116)
	at org.apache.catalina.core.ApplicationFilterChain.internalDoFilter(ApplicationFilterChain.java:164)
	at org.apache.catalina.core.ApplicationFilterChain.doFilter(ApplicationFilterChain.java:140)
	at org.springframework.web.filter.CharacterEncodingFilter.doFilterInternal(CharacterEncodingFilter.java:201)
	at org.springframework.web.filter.OncePerRequestFilter.doFilter(OncePerRequestFilter.java:116)
	at org.apache.catalina.core.ApplicationFilterChain.internalDoFilter(ApplicationFilterChain.java:164)
	at org.apache.catalina.core.ApplicationFilterChain.doFilter(ApplicationFilterChain.java:140)
	at org.apache.catalina.core.StandardWrapperValve.invoke(StandardWrapperValve.java:167)
	at org.apache.catalina.core.StandardContextValve.invoke(StandardContextValve.java:90)
	at org.apache.catalina.authenticator.AuthenticatorBase.invoke(AuthenticatorBase.java:483)
	at org.apache.catalina.core.StandardHostValve.invoke(StandardHostValve.java:115)
	at org.apache.catalina.valves.ErrorReportValve.invoke(ErrorReportValve.java:93)
	at org.apache.catalina.core.StandardEngineValve.invoke(StandardEngineValve.java:74)
	at org.apache.catalina.connector.CoyoteAdapter.service(CoyoteAdapter.java:344)
	at org.apache.coyote.http11.Http11Processor.service(Http11Processor.java:384)
	at org.apache.coyote.AbstractProcessorLight.process(AbstractProcessorLight.java:63)
	at org.apache.coyote.AbstractProtocol$ConnectionHandler.process(AbstractProtocol.java:905)
	at org.apache.tomcat.util.net.NioEndpoint$SocketProcessor.doRun(NioEndpoint.java:1741)
	at org.apache.tomcat.util.net.SocketProcessorBase.run(SocketProcessorBase.java:52)
	at org.apache.tomcat.util.threads.ThreadPoolExecutor.runWorker(ThreadPoolExecutor.java:1190)
	at org.apache.tomcat.util.threads.ThreadPoolExecutor$Worker.run(ThreadPoolExecutor.java:659)
	at org.apache.tomcat.util.threads.TaskThread$WrappingRunnable.run(TaskThread.java:63)
	at java.base/java.lang.Thread.run(Thread.java:1570)
2026-09-12 11:18:36.666 [SpringApplicationShutdownHook] WARN  o.s.c.s.DefaultLifecycleProcessor - Failed to stop bean 'webServerGracefulShutdown'
java.lang.NoClassDefFoundError: org/springframework/boot/web/server/GracefulShutdownCallback
	at org.springframework.boot.web.context.WebServerGracefulShutdownLifecycle.stop(WebServerGracefulShutdownLifecycle.java:62)
	at org.springframework.context.support.DefaultLifecycleProcessor.doStop(DefaultLifecycleProcessor.java:346)
	at org.springframework.context.support.DefaultLifecycleProcessor$LifecycleGroup.stop(DefaultLifecycleProcessor.java:488)
	at java.base/java.lang.Iterable.forEach(Iterable.java:75)
	at org.springframework.context.support.DefaultLifecycleProcessor.stopBeans(DefaultLifecycleProcessor.java:315)
	at org.springframework.context.support.DefaultLifecycleProcessor.onClose(DefaultLifecycleProcessor.java:215)
	at org.springframework.context.support.AbstractApplicationContext.doClose(AbstractApplicationContext.java:1148)
	at org.springframework.boot.web.servlet.context.ServletWebServerApplicationContext.doClose(ServletWebServerApplicationContext.java:174)
	at org.springframework.context.support.AbstractApplicationContext.close(AbstractApplicationContext.java:1102)
	at org.springframework.boot.SpringApplicationShutdownHook.closeAndWait(SpringApplicationShutdownHook.java:145)
	at java.base/java.lang.Iterable.forEach(Iterable.java:75)
	at org.springframework.boot.SpringApplicationShutdownHook.run(SpringApplicationShutdownHook.java:114)
	at java.base/java.lang.Thread.run(Thread.java:1570)
Caused by: java.lang.ClassNotFoundException: org.springframework.boot.web.server.GracefulShutdownCallback
	at java.base/java.net.URLClassLoader.findClass(URLClassLoader.java:445)
	at java.base/java.lang.ClassLoader.loadClass(ClassLoader.java:592)
	at org.springframework.boot.loader.net.protocol.jar.JarUrlClassLoader.loadClass(JarUrlClassLoader.java:107)
	at org.springframework.boot.loader.launch.LaunchedClassLoader.loadClass(LaunchedClassLoader.java:91)
	at java.base/java.lang.ClassLoader.loadClass(ClassLoader.java:525)
	... 13 common frames omitted
2026-09-12 11:18:36.672 [SpringApplicationShutdownHook] WARN  o.s.c.s.DefaultLifecycleProcessor - Failed to stop bean 'webServerStartStop'
java.lang.NoClassDefFoundError: org/apache/catalina/Lifecycle$SingleUse
	at org.apache.catalina.util.LifecycleBase.stop(LifecycleBase.java:243)
	at org.apache.catalina.core.StandardService.removeConnector(StandardService.java:299)
	at org.springframework.boot.web.embedded.tomcat.TomcatWebServer.lambda$removeServiceConnectors$1(TomcatWebServer.java:171)
	at org.springframework.boot.web.embedded.tomcat.TomcatWebServer.doWithConnectors(TomcatWebServer.java:190)
	at org.springframework.boot.web.embedded.tomcat.TomcatWebServer.removeServiceConnectors(TomcatWebServer.java:168)
	at org.springframework.boot.web.embedded.tomcat.TomcatWebServer.stop(TomcatWebServer.java:354)
	at org.springframework.boot.web.servlet.context.WebServerStartStopLifecycle.stop(WebServerStartStopLifecycle.java:53)
	at org.springframework.context.SmartLifecycle.stop(SmartLifecycle.java:117)
	at org.springframework.context.support.DefaultLifecycleProcessor.doStop(DefaultLifecycleProcessor.java:346)
	at org.springframework.context.support.DefaultLifecycleProcessor$LifecycleGroup.stop(DefaultLifecycleProcessor.java:488)
	at java.base/java.lang.Iterable.forEach(Iterable.java:75)
	at org.springframework.context.support.DefaultLifecycleProcessor.stopBeans(DefaultLifecycleProcessor.java:315)
	at org.springframework.context.support.DefaultLifecycleProcessor.onClose(DefaultLifecycleProcessor.java:215)
	at org.springframework.context.support.AbstractApplicationContext.doClose(AbstractApplicationContext.java:1148)
	at org.springframework.boot.web.servlet.context.ServletWebServerApplicationContext.doClose(ServletWebServerApplicationContext.java:174)
	at org.springframework.context.support.AbstractApplicationContext.close(AbstractApplicationContext.java:1102)
	at org.springframework.boot.SpringApplicationShutdownHook.closeAndWait(SpringApplicationShutdownHook.java:145)
	at java.base/java.lang.Iterable.forEach(Iterable.java:75)
	at org.springframework.boot.SpringApplicationShutdownHook.run(SpringApplicationShutdownHook.java:114)
	at java.base/java.lang.Thread.run(Thread.java:1570)
Caused by: java.lang.ClassNotFoundException: org.apache.catalina.Lifecycle$SingleUse
	at java.base/java.net.URLClassLoader.findClass(URLClassLoader.java:445)
	at java.base/java.lang.ClassLoader.loadClass(ClassLoader.java:592)
	at org.springframework.boot.loader.net.protocol.jar.JarUrlClassLoader.loadClass(JarUrlClassLoader.java:107)
	at org.springframework.boot.loader.launch.LaunchedClassLoader.loadClass(LaunchedClassLoader.java:91)
	at java.base/java.lang.ClassLoader.loadClass(ClassLoader.java:525)
	... 20 common frames omitted
2026-09-12 11:18:36.675 [SpringApplicationShutdownHook] WARN  o.s.c.s.DefaultLifecycleProcessor - Failed to stop bean 'reactorResourceFactory'
java.lang.NoClassDefFoundError: reactor/core/publisher/ContextPropagationSupport
	at reactor.core.publisher.Mono.block(Mono.java:1775)
	at org.springframework.http.client.ReactorResourceFactory.stop(ReactorResourceFactory.java:298)
	at org.springframework.context.SmartLifecycle.stop(SmartLifecycle.java:117)
	at org.springframework.context.support.DefaultLifecycleProcessor.doStop(DefaultLifecycleProcessor.java:346)
	at org.springframework.context.support.DefaultLifecycleProcessor$LifecycleGroup.stop(DefaultLifecycleProcessor.java:488)
	at java.base/java.lang.Iterable.forEach(Iterable.java:75)
	at org.springframework.context.support.DefaultLifecycleProcessor.stopBeans(DefaultLifecycleProcessor.java:315)
	at org.springframework.context.support.DefaultLifecycleProcessor.onClose(DefaultLifecycleProcessor.java:215)
	at org.springframework.context.support.AbstractApplicationContext.doClose(AbstractApplicationContext.java:1148)
	at org.springframework.boot.web.servlet.context.ServletWebServerApplicationContext.doClose(ServletWebServerApplicationContext.java:174)
	at org.springframework.context.support.AbstractApplicationContext.close(AbstractApplicationContext.java:1102)
	at org.springframework.boot.SpringApplicationShutdownHook.closeAndWait(SpringApplicationShutdownHook.java:145)
	at java.base/java.lang.Iterable.forEach(Iterable.java:75)
	at org.springframework.boot.SpringApplicationShutdownHook.run(SpringApplicationShutdownHook.java:114)
	at java.base/java.lang.Thread.run(Thread.java:1570)
Caused by: java.lang.ClassNotFoundException: reactor.core.publisher.ContextPropagationSupport
	at java.base/java.net.URLClassLoader.findClass(URLClassLoader.java:445)
	at java.base/java.lang.ClassLoader.loadClass(ClassLoader.java:592)
	at org.springframework.boot.loader.net.protocol.jar.JarUrlClassLoader.loadClass(JarUrlClassLoader.java:107)
	at org.springframework.boot.loader.launch.LaunchedClassLoader.loadClass(LaunchedClassLoader.java:91)
	at java.base/java.lang.ClassLoader.loadClass(ClassLoader.java:525)
	... 15 common frames omitted
2026-09-12 11:18:36.682 [SpringApplicationShutdownHook] INFO  com.zaxxer.hikari.HikariDataSource - HikariPool-1 - Shutdown initiated...
2026-09-12 11:18:36.686 [SpringApplicationShutdownHook] INFO  com.zaxxer.hikari.HikariDataSource - HikariPool-1 - Shutdown completed.
2026-09-12 11:18:39.645 [background-preinit] INFO  o.h.validator.internal.util.Version - HV000001: Hibernate Validator 8.0.1.Final
2026-09-12 11:18:39.711 [main] INFO  c.a.a.AiReviewAssistantApplication - Starting AiReviewAssistantApplication v0.0.1-SNAPSHOT using Java 22.0.1 with PID 76901 (/Users/h3rtz/Desktop/ai-review-assistant/target/ai-review-assistant-0.0.1-SNAPSHOT.jar started by h3rtz in /Users/h3rtz/Desktop/ai-review-assistant)
2026-09-12 11:18:39.711 [main] DEBUG c.a.a.AiReviewAssistantApplication - Running with Spring Boot v3.2.10, Spring v6.1.13
2026-09-12 11:18:39.712 [main] INFO  c.a.a.AiReviewAssistantApplication - No active profile set, falling back to 1 default profile: "default"
2026-09-12 11:18:41.388 [main] INFO  o.s.b.w.e.tomcat.TomcatWebServer - Tomcat initialized with port 8080 (http)
2026-09-12 11:18:41.395 [main] INFO  o.a.coyote.http11.Http11NioProtocol - Initializing ProtocolHandler ["http-nio-8080"]
2026-09-12 11:18:41.397 [main] INFO  o.a.catalina.core.StandardService - Starting service [Tomcat]
2026-09-12 11:18:41.397 [main] INFO  o.a.catalina.core.StandardEngine - Starting Servlet engine: [Apache Tomcat/10.1.30]
2026-09-12 11:18:41.423 [main] INFO  o.a.c.c.C.[Tomcat].[localhost].[/] - Initializing Spring embedded WebApplicationContext
2026-09-12 11:18:41.423 [main] INFO  o.s.b.w.s.c.ServletWebServerApplicationContext - Root WebApplicationContext: initialization completed in 1684 ms
2026-09-12 11:18:42.011 [main] INFO  o.s.a.v.pgvector.PgVectorStore - Using the vector table name: vector_store. Is empty: false
2026-09-12 11:18:42.014 [main] INFO  o.s.a.v.pgvector.PgVectorStore - Initializing PGVectorStore schema for table: vector_store in schema: public
2026-09-12 11:18:42.014 [main] INFO  o.s.a.v.pgvector.PgVectorStore - vectorTableValidationsEnabled false
2026-09-12 11:18:42.017 [main] INFO  com.zaxxer.hikari.HikariDataSource - HikariPool-1 - Starting...
2026-09-12 11:18:42.110 [main] INFO  com.zaxxer.hikari.pool.HikariPool - HikariPool-1 - Added connection org.postgresql.jdbc.PgConnection@548efcf5
2026-09-12 11:18:42.111 [main] INFO  com.zaxxer.hikari.HikariDataSource - HikariPool-1 - Start completed.
2026-09-12 11:18:42.853 [main] WARN  o.s.b.a.s.s.UserDetailsServiceAutoConfiguration - 

Using generated security password: 6aea79cd-032a-4904-bf58-2d0c56b6f5b3

This generated password is for development use only. Your security configuration must be updated before running your application in production.

2026-09-12 11:18:42.954 [main] INFO  o.s.b.a.w.s.WelcomePageHandlerMapping - Adding welcome page: class path resource [static/index.html]
2026-09-12 11:18:43.141 [main] INFO  o.s.b.a.e.web.EndpointLinksResolver - Exposing 4 endpoint(s) beneath base path '/actuator'
2026-09-12 11:18:43.206 [main] INFO  o.s.s.web.DefaultSecurityFilterChain - Will secure any request with [org.springframework.security.web.session.DisableEncodeUrlFilter@4c4efc8f, org.springframework.security.web.context.request.async.WebAsyncManagerIntegrationFilter@67a99869, org.springframework.security.web.context.SecurityContextHolderFilter@51fc5eba, org.springframework.security.web.header.HeaderWriterFilter@1ef5822e, org.springframework.security.web.authentication.logout.LogoutFilter@52e93696, com.aiservice.aireviewassistant.security.JwtAuthenticationFilter@1b808b37, org.springframework.security.web.savedrequest.RequestCacheAwareFilter@2878298b, org.springframework.security.web.servletapi.SecurityContextHolderAwareRequestFilter@7cd38e49, org.springframework.security.web.authentication.AnonymousAuthenticationFilter@780fa845, org.springframework.security.web.session.SessionManagementFilter@353e49ab, org.springframework.security.web.access.ExceptionTranslationFilter@16519bbf, org.springframework.security.web.access.intercept.AuthorizationFilter@3e5c98c8]
2026-09-12 11:18:43.967 [main] ERROR i.n.r.d.DnsServerAddressStreamProviders - Unable to load io.netty.resolver.dns.macos.MacOSDnsServerAddressStreamProvider, fallback to system defaults. This may result in incorrect DNS resolutions on MacOS. Check whether you have a dependency on 'io.netty:netty-resolver-dns-native-macos'. Use DEBUG level to see the full stack: java.lang.UnsatisfiedLinkError: failed to load the required native library
2026-09-12 11:18:43.976 [main] INFO  o.a.coyote.http11.Http11NioProtocol - Starting ProtocolHandler ["http-nio-8080"]
2026-09-12 11:18:43.982 [main] INFO  o.s.b.w.e.tomcat.TomcatWebServer - Tomcat started on port 8080 (http) with context path ''
2026-09-12 11:18:43.997 [main] INFO  c.a.a.AiReviewAssistantApplication - Started AiReviewAssistantApplication in 4.766 seconds (process running for 5.117)
2026-09-12 11:18:44.057 [http-nio-8080-exec-1] INFO  o.a.c.c.C.[Tomcat].[localhost].[/] - Initializing Spring DispatcherServlet 'dispatcherServlet'
2026-09-12 11:18:44.058 [http-nio-8080-exec-1] INFO  o.s.web.servlet.DispatcherServlet - Initializing Servlet 'dispatcherServlet'
2026-09-12 11:18:44.058 [http-nio-8080-exec-1] INFO  o.s.web.servlet.DispatcherServlet - Completed initialization in 0 ms
2026-09-12 11:18:55.963 [http-nio-8080-exec-2] DEBUG c.a.a.m.AppUserMapper.selectList - ==>  Preparing: SELECT id,username,password,nickname,avatar,role,created_at,updated_at FROM app_user WHERE (username = ?)
2026-09-12 11:18:55.974 [http-nio-8080-exec-2] DEBUG c.a.a.m.AppUserMapper.selectList - ==> Parameters: testuser99(String)
2026-09-12 11:18:56.001 [http-nio-8080-exec-2] DEBUG c.a.a.m.AppUserMapper.selectList - <==      Total: 1
2026-09-12 11:21:46.226 [background-preinit] INFO  o.h.validator.internal.util.Version - HV000001: Hibernate Validator 8.0.1.Final
2026-09-12 11:21:46.294 [main] INFO  c.a.a.AiReviewAssistantApplication - Starting AiReviewAssistantApplication v0.0.1-SNAPSHOT using Java 22.0.1 with PID 78236 (/Users/h3rtz/Desktop/ai-review-assistant/target/ai-review-assistant-0.0.1-SNAPSHOT.jar started by h3rtz in /Users/h3rtz/Desktop/ai-review-assistant)
2026-09-12 11:21:46.294 [main] DEBUG c.a.a.AiReviewAssistantApplication - Running with Spring Boot v3.2.10, Spring v6.1.13
2026-09-12 11:21:46.294 [main] INFO  c.a.a.AiReviewAssistantApplication - No active profile set, falling back to 1 default profile: "default"
2026-09-12 11:21:47.879 [main] INFO  o.s.b.w.e.tomcat.TomcatWebServer - Tomcat initialized with port 8080 (http)
2026-09-12 11:21:47.885 [main] INFO  o.a.coyote.http11.Http11NioProtocol - Initializing ProtocolHandler ["http-nio-8080"]
2026-09-12 11:21:47.887 [main] INFO  o.a.catalina.core.StandardService - Starting service [Tomcat]
2026-09-12 11:21:47.887 [main] INFO  o.a.catalina.core.StandardEngine - Starting Servlet engine: [Apache Tomcat/10.1.30]
2026-09-12 11:21:47.907 [main] INFO  o.a.c.c.C.[Tomcat].[localhost].[/] - Initializing Spring embedded WebApplicationContext
2026-09-12 11:21:47.909 [main] INFO  o.s.b.w.s.c.ServletWebServerApplicationContext - Root WebApplicationContext: initialization completed in 1585 ms
2026-09-12 11:21:48.435 [main] INFO  o.s.a.v.pgvector.PgVectorStore - Using the vector table name: vector_store. Is empty: false
2026-09-12 11:21:48.437 [main] INFO  o.s.a.v.pgvector.PgVectorStore - Initializing PGVectorStore schema for table: vector_store in schema: public
2026-09-12 11:21:48.437 [main] INFO  o.s.a.v.pgvector.PgVectorStore - vectorTableValidationsEnabled false
2026-09-12 11:21:48.440 [main] INFO  com.zaxxer.hikari.HikariDataSource - HikariPool-1 - Starting...
2026-09-12 11:21:48.516 [main] INFO  com.zaxxer.hikari.pool.HikariPool - HikariPool-1 - Added connection org.postgresql.jdbc.PgConnection@5a202948
2026-09-12 11:21:48.517 [main] INFO  com.zaxxer.hikari.HikariDataSource - HikariPool-1 - Start completed.
2026-09-12 11:21:49.147 [main] WARN  o.s.b.a.s.s.UserDetailsServiceAutoConfiguration - 

Using generated security password: ca2ee8a9-6244-486e-82d4-541e08c950c0

This generated password is for development use only. Your security configuration must be updated before running your application in production.

2026-09-12 11:21:49.237 [main] INFO  o.s.b.a.w.s.WelcomePageHandlerMapping - Adding welcome page: class path resource [static/index.html]
2026-09-12 11:21:49.409 [main] INFO  o.s.b.a.e.web.EndpointLinksResolver - Exposing 4 endpoint(s) beneath base path '/actuator'
2026-09-12 11:21:49.472 [main] INFO  o.s.s.web.DefaultSecurityFilterChain - Will secure any request with [org.springframework.security.web.session.DisableEncodeUrlFilter@67fd4762, org.springframework.security.web.context.request.async.WebAsyncManagerIntegrationFilter@7770e431, org.springframework.security.web.context.SecurityContextHolderFilter@3cee49b1, org.springframework.security.web.header.HeaderWriterFilter@28c0c89a, org.springframework.security.web.authentication.logout.LogoutFilter@e01a39e, com.aiservice.aireviewassistant.security.JwtAuthenticationFilter@73b141a6, org.springframework.security.web.savedrequest.RequestCacheAwareFilter@61c1da5e, org.springframework.security.web.servletapi.SecurityContextHolderAwareRequestFilter@61d78545, org.springframework.security.web.authentication.AnonymousAuthenticationFilter@49fbd92a, org.springframework.security.web.session.SessionManagementFilter@5e76451c, org.springframework.security.web.access.ExceptionTranslationFilter@3bbbf090, org.springframework.security.web.access.intercept.AuthorizationFilter@59701284]
2026-09-12 11:21:50.163 [main] ERROR i.n.r.d.DnsServerAddressStreamProviders - Unable to load io.netty.resolver.dns.macos.MacOSDnsServerAddressStreamProvider, fallback to system defaults. This may result in incorrect DNS resolutions on MacOS. Check whether you have a dependency on 'io.netty:netty-resolver-dns-native-macos'. Use DEBUG level to see the full stack: java.lang.UnsatisfiedLinkError: failed to load the required native library
2026-09-12 11:21:50.170 [main] INFO  o.a.coyote.http11.Http11NioProtocol - Starting ProtocolHandler ["http-nio-8080"]
2026-09-12 11:21:50.176 [main] INFO  o.s.b.w.e.tomcat.TomcatWebServer - Tomcat started on port 8080 (http) with context path ''
2026-09-12 11:21:50.194 [main] INFO  c.a.a.AiReviewAssistantApplication - Started AiReviewAssistantApplication in 4.293 seconds (process running for 4.586)
2026-09-12 11:21:50.736 [http-nio-8080-exec-1] INFO  o.a.c.c.C.[Tomcat].[localhost].[/] - Initializing Spring DispatcherServlet 'dispatcherServlet'
2026-09-12 11:21:50.737 [http-nio-8080-exec-1] INFO  o.s.web.servlet.DispatcherServlet - Initializing Servlet 'dispatcherServlet'
2026-09-12 11:21:50.738 [http-nio-8080-exec-1] INFO  o.s.web.servlet.DispatcherServlet - Completed initialization in 1 ms
2026-09-12 11:22:02.326 [http-nio-8080-exec-3] DEBUG c.a.a.m.AppUserMapper.selectList - ==>  Preparing: SELECT id,username,password,nickname,avatar,role,created_at,updated_at FROM app_user WHERE (username = ?)
2026-09-12 11:22:02.338 [http-nio-8080-exec-3] DEBUG c.a.a.m.AppUserMapper.selectList - ==> Parameters: testuser99(String)
2026-09-12 11:22:02.359 [http-nio-8080-exec-3] DEBUG c.a.a.m.AppUserMapper.selectList - <==      Total: 1
2026-09-12 11:23:34.008 [background-preinit] INFO  o.h.validator.internal.util.Version - HV000001: Hibernate Validator 8.0.1.Final
2026-09-12 11:23:34.086 [main] INFO  c.a.a.AiReviewAssistantApplication - Starting AiReviewAssistantApplication v0.0.1-SNAPSHOT using Java 22.0.1 with PID 79340 (/Users/h3rtz/Desktop/ai-review-assistant/target/ai-review-assistant-0.0.1-SNAPSHOT.jar started by h3rtz in /Users/h3rtz/Desktop/ai-review-assistant)
2026-09-12 11:23:34.086 [main] DEBUG c.a.a.AiReviewAssistantApplication - Running with Spring Boot v3.2.10, Spring v6.1.13
2026-09-12 11:23:34.086 [main] INFO  c.a.a.AiReviewAssistantApplication - No active profile set, falling back to 1 default profile: "default"
2026-09-12 11:23:36.875 [main] INFO  o.s.b.w.e.tomcat.TomcatWebServer - Tomcat initialized with port 8080 (http)
2026-09-12 11:23:36.886 [main] INFO  o.a.coyote.http11.Http11NioProtocol - Initializing ProtocolHandler ["http-nio-8080"]
2026-09-12 11:23:36.889 [main] INFO  o.a.catalina.core.StandardService - Starting service [Tomcat]
2026-09-12 11:23:36.889 [main] INFO  o.a.catalina.core.StandardEngine - Starting Servlet engine: [Apache Tomcat/10.1.30]
2026-09-12 11:23:36.910 [main] INFO  o.a.c.c.C.[Tomcat].[localhost].[/] - Initializing Spring embedded WebApplicationContext
2026-09-12 11:23:36.910 [main] INFO  o.s.b.w.s.c.ServletWebServerApplicationContext - Root WebApplicationContext: initialization completed in 2796 ms
2026-09-12 11:23:37.584 [main] INFO  o.s.a.v.pgvector.PgVectorStore - Using the vector table name: vector_store. Is empty: false
2026-09-12 11:23:37.587 [main] INFO  o.s.a.v.pgvector.PgVectorStore - Initializing PGVectorStore schema for table: vector_store in schema: public
2026-09-12 11:23:37.587 [main] INFO  o.s.a.v.pgvector.PgVectorStore - vectorTableValidationsEnabled false
2026-09-12 11:23:37.592 [main] INFO  com.zaxxer.hikari.HikariDataSource - HikariPool-1 - Starting...
2026-09-12 11:23:37.707 [main] INFO  com.zaxxer.hikari.pool.HikariPool - HikariPool-1 - Added connection org.postgresql.jdbc.PgConnection@509c8391
2026-09-12 11:23:37.708 [main] INFO  com.zaxxer.hikari.HikariDataSource - HikariPool-1 - Start completed.
2026-09-12 11:23:38.559 [main] WARN  o.s.b.a.s.s.UserDetailsServiceAutoConfiguration - 

Using generated security password: 63f678c4-5c22-4b37-8b8c-ceda53beff14

This generated password is for development use only. Your security configuration must be updated before running your application in production.

2026-09-12 11:23:38.679 [main] INFO  o.s.b.a.w.s.WelcomePageHandlerMapping - Adding welcome page: class path resource [static/index.html]
2026-09-12 11:23:38.906 [main] INFO  o.s.b.a.e.web.EndpointLinksResolver - Exposing 4 endpoint(s) beneath base path '/actuator'
2026-09-12 11:23:38.968 [main] INFO  o.s.s.web.DefaultSecurityFilterChain - Will secure any request with [org.springframework.security.web.session.DisableEncodeUrlFilter@4752881, org.springframework.security.web.context.request.async.WebAsyncManagerIntegrationFilter@4daf30c2, org.springframework.security.web.context.SecurityContextHolderFilter@771c3860, org.springframework.security.web.header.HeaderWriterFilter@3521a21a, org.springframework.security.web.authentication.logout.LogoutFilter@453b1c5, com.aiservice.aireviewassistant.security.JwtAuthenticationFilter@3917fb4, org.springframework.security.web.savedrequest.RequestCacheAwareFilter@6ea7e4e5, org.springframework.security.web.servletapi.SecurityContextHolderAwareRequestFilter@136a8b4c, org.springframework.security.web.authentication.AnonymousAuthenticationFilter@7d07269a, org.springframework.security.web.session.SessionManagementFilter@3e592eea, org.springframework.security.web.access.ExceptionTranslationFilter@3352a796, org.springframework.security.web.access.intercept.AuthorizationFilter@3f8b7737]
2026-09-12 11:23:40.145 [main] ERROR i.n.r.d.DnsServerAddressStreamProviders - Unable to load io.netty.resolver.dns.macos.MacOSDnsServerAddressStreamProvider, fallback to system defaults. This may result in incorrect DNS resolutions on MacOS. Check whether you have a dependency on 'io.netty:netty-resolver-dns-native-macos'. Use DEBUG level to see the full stack: java.lang.UnsatisfiedLinkError: failed to load the required native library
2026-09-12 11:23:40.154 [main] INFO  o.a.coyote.http11.Http11NioProtocol - Starting ProtocolHandler ["http-nio-8080"]
2026-09-12 11:23:40.162 [main] INFO  o.s.b.w.e.tomcat.TomcatWebServer - Tomcat started on port 8080 (http) with context path ''
2026-09-12 11:23:40.193 [main] INFO  c.a.a.AiReviewAssistantApplication - Started AiReviewAssistantApplication in 6.585 seconds (process running for 6.949)
2026-09-12 11:23:40.452 [http-nio-8080-exec-1] INFO  o.a.c.c.C.[Tomcat].[localhost].[/] - Initializing Spring DispatcherServlet 'dispatcherServlet'
2026-09-12 11:23:40.453 [http-nio-8080-exec-1] INFO  o.s.web.servlet.DispatcherServlet - Initializing Servlet 'dispatcherServlet'
2026-09-12 11:23:40.456 [http-nio-8080-exec-1] INFO  o.s.web.servlet.DispatcherServlet - Completed initialization in 2 ms
2026-09-12 11:23:51.226 [http-nio-8080-exec-3] DEBUG c.a.a.m.AppUserMapper.selectList - ==>  Preparing: SELECT id,username,password,nickname,avatar,role,created_at,updated_at FROM app_user WHERE (username = ?)
2026-09-12 11:23:51.241 [http-nio-8080-exec-3] DEBUG c.a.a.m.AppUserMapper.selectList - ==> Parameters: testuser99(String)
2026-09-12 11:23:51.263 [http-nio-8080-exec-3] DEBUG c.a.a.m.AppUserMapper.selectList - <==      Total: 1
2026-09-12 11:25:08.556 [http-nio-8080-exec-6] DEBUG c.a.a.m.AppUserMapper.selectList - ==>  Preparing: SELECT id,username,password,nickname,avatar,role,created_at,updated_at FROM app_user WHERE (username = ?)
2026-09-12 11:25:08.559 [http-nio-8080-exec-6] DEBUG c.a.a.m.AppUserMapper.selectList - ==> Parameters: testuser99(String)
2026-09-12 11:25:08.562 [http-nio-8080-exec-6] DEBUG c.a.a.m.AppUserMapper.selectList - <==      Total: 1
2026-09-12 11:26:44.206 [background-preinit] INFO  o.h.validator.internal.util.Version - HV000001: Hibernate Validator 8.0.1.Final
2026-09-12 11:26:44.287 [main] INFO  c.a.a.AiReviewAssistantApplication - Starting AiReviewAssistantApplication v0.0.1-SNAPSHOT using Java 22.0.1 with PID 82165 (/Users/h3rtz/Desktop/ai-review-assistant/target/ai-review-assistant-0.0.1-SNAPSHOT.jar started by h3rtz in /Users/h3rtz/Desktop/ai-review-assistant)
2026-09-12 11:26:44.287 [main] DEBUG c.a.a.AiReviewAssistantApplication - Running with Spring Boot v3.2.10, Spring v6.1.13
2026-09-12 11:26:44.288 [main] INFO  c.a.a.AiReviewAssistantApplication - No active profile set, falling back to 1 default profile: "default"
2026-09-12 11:26:45.988 [main] INFO  o.s.b.w.e.tomcat.TomcatWebServer - Tomcat initialized with port 8080 (http)
2026-09-12 11:26:45.996 [main] INFO  o.a.coyote.http11.Http11NioProtocol - Initializing ProtocolHandler ["http-nio-8080"]
2026-09-12 11:26:45.999 [main] INFO  o.a.catalina.core.StandardService - Starting service [Tomcat]
2026-09-12 11:26:46.000 [main] INFO  o.a.catalina.core.StandardEngine - Starting Servlet engine: [Apache Tomcat/10.1.30]
2026-09-12 11:26:46.019 [main] INFO  o.a.c.c.C.[Tomcat].[localhost].[/] - Initializing Spring embedded WebApplicationContext
2026-09-12 11:26:46.020 [main] INFO  o.s.b.w.s.c.ServletWebServerApplicationContext - Root WebApplicationContext: initialization completed in 1703 ms
2026-09-12 11:26:46.576 [main] INFO  o.s.a.v.pgvector.PgVectorStore - Using the vector table name: vector_store. Is empty: false
2026-09-12 11:26:46.579 [main] INFO  o.s.a.v.pgvector.PgVectorStore - Initializing PGVectorStore schema for table: vector_store in schema: public
2026-09-12 11:26:46.579 [main] INFO  o.s.a.v.pgvector.PgVectorStore - vectorTableValidationsEnabled false
2026-09-12 11:26:46.582 [main] INFO  com.zaxxer.hikari.HikariDataSource - HikariPool-1 - Starting...
2026-09-12 11:26:46.676 [main] INFO  com.zaxxer.hikari.pool.HikariPool - HikariPool-1 - Added connection org.postgresql.jdbc.PgConnection@548efcf5
2026-09-12 11:26:46.677 [main] INFO  com.zaxxer.hikari.HikariDataSource - HikariPool-1 - Start completed.
2026-09-12 11:26:47.386 [main] WARN  o.s.b.a.s.s.UserDetailsServiceAutoConfiguration - 

Using generated security password: 5ab60bb1-46aa-4f92-894f-98bcaf76221b

This generated password is for development use only. Your security configuration must be updated before running your application in production.

2026-09-12 11:26:47.484 [main] INFO  o.s.b.a.w.s.WelcomePageHandlerMapping - Adding welcome page: class path resource [static/index.html]
2026-09-12 11:26:47.691 [main] INFO  o.s.b.a.e.web.EndpointLinksResolver - Exposing 4 endpoint(s) beneath base path '/actuator'
2026-09-12 11:26:47.748 [main] INFO  o.s.s.web.DefaultSecurityFilterChain - Will secure any request with [org.springframework.security.web.session.DisableEncodeUrlFilter@439e894f, org.springframework.security.web.context.request.async.WebAsyncManagerIntegrationFilter@68df3b85, org.springframework.security.web.context.SecurityContextHolderFilter@2878298b, org.springframework.security.web.header.HeaderWriterFilter@45ca305f, org.springframework.security.web.authentication.logout.LogoutFilter@244dabd6, com.aiservice.aireviewassistant.security.JwtAuthenticationFilter@7799dc9a, org.springframework.security.web.savedrequest.RequestCacheAwareFilter@3c7581cd, org.springframework.security.web.servletapi.SecurityContextHolderAwareRequestFilter@3cee49b1, org.springframework.security.web.authentication.AnonymousAuthenticationFilter@72d10fac, org.springframework.security.web.session.SessionManagementFilter@160b97dc, org.springframework.security.web.access.ExceptionTranslationFilter@3e592eea, org.springframework.security.web.access.intercept.AuthorizationFilter@4c4efc8f]
2026-09-12 11:26:48.495 [main] ERROR i.n.r.d.DnsServerAddressStreamProviders - Unable to load io.netty.resolver.dns.macos.MacOSDnsServerAddressStreamProvider, fallback to system defaults. This may result in incorrect DNS resolutions on MacOS. Check whether you have a dependency on 'io.netty:netty-resolver-dns-native-macos'. Use DEBUG level to see the full stack: java.lang.UnsatisfiedLinkError: failed to load the required native library
2026-09-12 11:26:48.501 [main] INFO  o.a.coyote.http11.Http11NioProtocol - Starting ProtocolHandler ["http-nio-8080"]
2026-09-12 11:26:48.507 [main] INFO  o.s.b.w.e.tomcat.TomcatWebServer - Tomcat started on port 8080 (http) with context path ''
2026-09-12 11:26:48.529 [main] INFO  c.a.a.AiReviewAssistantApplication - Started AiReviewAssistantApplication in 4.661 seconds (process running for 4.956)
2026-09-12 11:26:48.692 [http-nio-8080-exec-1] INFO  o.a.c.c.C.[Tomcat].[localhost].[/] - Initializing Spring DispatcherServlet 'dispatcherServlet'
2026-09-12 11:26:48.692 [http-nio-8080-exec-1] INFO  o.s.web.servlet.DispatcherServlet - Initializing Servlet 'dispatcherServlet'
2026-09-12 11:26:48.692 [http-nio-8080-exec-1] INFO  o.s.web.servlet.DispatcherServlet - Completed initialization in 0 ms
2026-09-12 11:27:13.611 [http-nio-8080-exec-3] DEBUG c.a.a.m.AppUserMapper.selectList - ==>  Preparing: SELECT id,username,password,nickname,avatar,role,created_at,updated_at FROM app_user WHERE (username = ?)
2026-09-12 11:27:13.621 [http-nio-8080-exec-3] DEBUG c.a.a.m.AppUserMapper.selectList - ==> Parameters: testuser99(String)
2026-09-12 11:27:13.637 [http-nio-8080-exec-3] DEBUG c.a.a.m.AppUserMapper.selectList - <==      Total: 1
2026-09-12 11:27:30.453 [http-nio-8080-exec-6] DEBUG c.a.a.m.AppUserMapper.selectList - ==>  Preparing: SELECT id,username,password,nickname,avatar,role,created_at,updated_at FROM app_user WHERE (username = ?)
2026-09-12 11:27:30.454 [http-nio-8080-exec-6] DEBUG c.a.a.m.AppUserMapper.selectList - ==> Parameters: testuser99(String)
2026-09-12 11:27:30.455 [http-nio-8080-exec-6] DEBUG c.a.a.m.AppUserMapper.selectList - <==      Total: 1
2026-09-12 11:28:17.996 [http-nio-8080-exec-4] ERROR c.a.a.e.GlobalExceptionHandler - 系统异常: Request method 'GET' is not supported
org.springframework.web.HttpRequestMethodNotSupportedException: Request method 'GET' is not supported
	at org.springframework.web.servlet.mvc.method.RequestMappingInfoHandlerMapping.handleNoMatch(RequestMappingInfoHandlerMapping.java:267)
	at org.springframework.web.servlet.handler.AbstractHandlerMethodMapping.lookupHandlerMethod(AbstractHandlerMethodMapping.java:441)
	at org.springframework.web.servlet.handler.AbstractHandlerMethodMapping.getHandlerInternal(AbstractHandlerMethodMapping.java:382)
	at org.springframework.web.servlet.mvc.method.RequestMappingInfoHandlerMapping.getHandlerInternal(RequestMappingInfoHandlerMapping.java:127)
	at org.springframework.web.servlet.mvc.method.RequestMappingInfoHandlerMapping.getHandlerInternal(RequestMappingInfoHandlerMapping.java:68)
	at org.springframework.web.servlet.handler.AbstractHandlerMapping.getHandler(AbstractHandlerMapping.java:507)
	at org.springframework.web.servlet.DispatcherServlet.getHandler(DispatcherServlet.java:1284)
	at org.springframework.web.servlet.DispatcherServlet.doDispatch(DispatcherServlet.java:1065)
	at org.springframework.web.servlet.DispatcherServlet.doService(DispatcherServlet.java:979)
	at org.springframework.web.servlet.FrameworkServlet.processRequest(FrameworkServlet.java:1014)
	at org.springframework.web.servlet.FrameworkServlet.doGet(FrameworkServlet.java:903)
	at jakarta.servlet.http.HttpServlet.service(HttpServlet.java:564)
	at org.springframework.web.servlet.FrameworkServlet.service(FrameworkServlet.java:885)
	at jakarta.servlet.http.HttpServlet.service(HttpServlet.java:658)
	at org.apache.catalina.core.ApplicationFilterChain.internalDoFilter(ApplicationFilterChain.java:195)
	at org.apache.catalina.core.ApplicationFilterChain.doFilter(ApplicationFilterChain.java:140)
	at org.apache.tomcat.websocket.server.WsFilter.doFilter(WsFilter.java:51)
	at org.apache.catalina.core.ApplicationFilterChain.internalDoFilter(ApplicationFilterChain.java:164)
	at org.apache.catalina.core.ApplicationFilterChain.doFilter(ApplicationFilterChain.java:140)
	at org.springframework.web.filter.CompositeFilter$VirtualFilterChain.doFilter(CompositeFilter.java:108)
	at org.springframework.security.web.FilterChainProxy.lambda$doFilterInternal$3(FilterChainProxy.java:231)
	at org.springframework.security.web.ObservationFilterChainDecorator$FilterObservation$SimpleFilterObservation.lambda$wrap$1(ObservationFilterChainDecorator.java:479)
	at org.springframework.security.web.ObservationFilterChainDecorator$AroundFilterObservation$SimpleAroundFilterObservation.lambda$wrap$1(ObservationFilterChainDecorator.java:340)
	at org.springframework.security.web.ObservationFilterChainDecorator.lambda$wrapSecured$0(ObservationFilterChainDecorator.java:82)
	at org.springframework.security.web.ObservationFilterChainDecorator$VirtualFilterChain.doFilter(ObservationFilterChainDecorator.java:128)
	at org.springframework.security.web.access.intercept.AuthorizationFilter.doFilter(AuthorizationFilter.java:100)
	at org.springframework.security.web.ObservationFilterChainDecorator$ObservationFilter.wrapFilter(ObservationFilterChainDecorator.java:240)
	at org.springframework.security.web.ObservationFilterChainDecorator$ObservationFilter.doFilter(ObservationFilterChainDecorator.java:227)
	at org.springframework.security.web.ObservationFilterChainDecorator$VirtualFilterChain.doFilter(ObservationFilterChainDecorator.java:137)
	at org.springframework.security.web.access.ExceptionTranslationFilter.doFilter(ExceptionTranslationFilter.java:126)
	at org.springframework.security.web.access.ExceptionTranslationFilter.doFilter(ExceptionTranslationFilter.java:120)
	at org.springframework.security.web.ObservationFilterChainDecorator$ObservationFilter.wrapFilter(ObservationFilterChainDecorator.java:240)
	at org.springframework.security.web.ObservationFilterChainDecorator$ObservationFilter.doFilter(ObservationFilterChainDecorator.java:227)
	at org.springframework.security.web.ObservationFilterChainDecorator$VirtualFilterChain.doFilter(ObservationFilterChainDecorator.java:137)
	at org.springframework.security.web.session.SessionManagementFilter.doFilter(SessionManagementFilter.java:131)
	at org.springframework.security.web.session.SessionManagementFilter.doFilter(SessionManagementFilter.java:85)
	at org.springframework.security.web.ObservationFilterChainDecorator$ObservationFilter.wrapFilter(ObservationFilterChainDecorator.java:240)
	at org.springframework.security.web.ObservationFilterChainDecorator$ObservationFilter.doFilter(ObservationFilterChainDecorator.java:227)
	at org.springframework.security.web.ObservationFilterChainDecorator$VirtualFilterChain.doFilter(ObservationFilterChainDecorator.java:137)
	at org.springframework.security.web.authentication.AnonymousAuthenticationFilter.doFilter(AnonymousAuthenticationFilter.java:100)
	at org.springframework.security.web.ObservationFilterChainDecorator$ObservationFilter.wrapFilter(ObservationFilterChainDecorator.java:240)
	at org.springframework.security.web.ObservationFilterChainDecorator$ObservationFilter.doFilter(ObservationFilterChainDecorator.java:227)
	at org.springframework.security.web.ObservationFilterChainDecorator$VirtualFilterChain.doFilter(ObservationFilterChainDecorator.java:137)
	at org.springframework.security.web.servletapi.SecurityContextHolderAwareRequestFilter.doFilter(SecurityContextHolderAwareRequestFilter.java:179)
	at org.springframework.security.web.ObservationFilterChainDecorator$ObservationFilter.wrapFilter(ObservationFilterChainDecorator.java:240)
	at org.springframework.security.web.ObservationFilterChainDecorator$ObservationFilter.doFilter(ObservationFilterChainDecorator.java:227)
	at org.springframework.security.web.ObservationFilterChainDecorator$VirtualFilterChain.doFilter(ObservationFilterChainDecorator.java:137)
	at org.springframework.security.web.savedrequest.RequestCacheAwareFilter.doFilter(RequestCacheAwareFilter.java:63)
	at org.springframework.security.web.ObservationFilterChainDecorator$ObservationFilter.wrapFilter(ObservationFilterChainDecorator.java:240)
	at org.springframework.security.web.ObservationFilterChainDecorator$ObservationFilter.doFilter(ObservationFilterChainDecorator.java:227)
	at org.springframework.security.web.ObservationFilterChainDecorator$VirtualFilterChain.doFilter(ObservationFilterChainDecorator.java:137)
	at com.aiservice.aireviewassistant.security.JwtAuthenticationFilter.doFilterInternal(JwtAuthenticationFilter.java:54)
	at org.springframework.web.filter.OncePerRequestFilter.doFilter(OncePerRequestFilter.java:116)
	at org.springframework.security.web.ObservationFilterChainDecorator$ObservationFilter.wrapFilter(ObservationFilterChainDecorator.java:240)
	at org.springframework.security.web.ObservationFilterChainDecorator$ObservationFilter.doFilter(ObservationFilterChainDecorator.java:227)
	at org.springframework.security.web.ObservationFilterChainDecorator$VirtualFilterChain.doFilter(ObservationFilterChainDecorator.java:137)
	at org.springframework.security.web.authentication.logout.LogoutFilter.doFilter(LogoutFilter.java:107)
	at org.springframework.security.web.authentication.logout.LogoutFilter.doFilter(LogoutFilter.java:93)
	at org.springframework.security.web.ObservationFilterChainDecorator$ObservationFilter.wrapFilter(ObservationFilterChainDecorator.java:240)
	at org.springframework.security.web.ObservationFilterChainDecorator$ObservationFilter.doFilter(ObservationFilterChainDecorator.java:227)
	at org.springframework.security.web.ObservationFilterChainDecorator$VirtualFilterChain.doFilter(ObservationFilterChainDecorator.java:137)
	at org.springframework.security.web.header.HeaderWriterFilter.doHeadersAfter(HeaderWriterFilter.java:90)
	at org.springframework.security.web.header.HeaderWriterFilter.doFilterInternal(HeaderWriterFilter.java:75)
	at org.springframework.web.filter.OncePerRequestFilter.doFilter(OncePerRequestFilter.java:116)
	at org.springframework.security.web.ObservationFilterChainDecorator$ObservationFilter.wrapFilter(ObservationFilterChainDecorator.java:240)
	at org.springframework.security.web.ObservationFilterChainDecorator$ObservationFilter.doFilter(ObservationFilterChainDecorator.java:227)
	at org.springframework.security.web.ObservationFilterChainDecorator$VirtualFilterChain.doFilter(ObservationFilterChainDecorator.java:137)
	at org.springframework.security.web.context.SecurityContextHolderFilter.doFilter(SecurityContextHolderFilter.java:82)
	at org.springframework.security.web.context.SecurityContextHolderFilter.doFilter(SecurityContextHolderFilter.java:69)
	at org.springframework.security.web.ObservationFilterChainDecorator$ObservationFilter.wrapFilter(ObservationFilterChainDecorator.java:240)
	at org.springframework.security.web.ObservationFilterChainDecorator$ObservationFilter.doFilter(ObservationFilterChainDecorator.java:227)
	at org.springframework.security.web.ObservationFilterChainDecorator$VirtualFilterChain.doFilter(ObservationFilterChainDecorator.java:137)
	at org.springframework.security.web.context.request.async.WebAsyncManagerIntegrationFilter.doFilterInternal(WebAsyncManagerIntegrationFilter.java:62)
	at org.springframework.web.filter.OncePerRequestFilter.doFilter(OncePerRequestFilter.java:116)
	at org.springframework.security.web.ObservationFilterChainDecorator$ObservationFilter.wrapFilter(ObservationFilterChainDecorator.java:240)
	at org.springframework.security.web.ObservationFilterChainDecorator$ObservationFilter.doFilter(ObservationFilterChainDecorator.java:227)
	at org.springframework.security.web.ObservationFilterChainDecorator$VirtualFilterChain.doFilter(ObservationFilterChainDecorator.java:137)
	at org.springframework.security.web.session.DisableEncodeUrlFilter.doFilterInternal(DisableEncodeUrlFilter.java:42)
	at org.springframework.web.filter.OncePerRequestFilter.doFilter(OncePerRequestFilter.java:116)
	at org.springframework.security.web.ObservationFilterChainDecorator$ObservationFilter.wrapFilter(ObservationFilterChainDecorator.java:240)
	at org.springframework.security.web.ObservationFilterChainDecorator$AroundFilterObservation$SimpleAroundFilterObservation.lambda$wrap$0(ObservationFilterChainDecorator.java:323)
	at org.springframework.security.web.ObservationFilterChainDecorator$ObservationFilter.doFilter(ObservationFilterChainDecorator.java:224)
	at org.springframework.security.web.ObservationFilterChainDecorator$VirtualFilterChain.doFilter(ObservationFilterChainDecorator.java:137)
	at org.springframework.security.web.FilterChainProxy.doFilterInternal(FilterChainProxy.java:233)
	at org.springframework.security.web.FilterChainProxy.doFilter(FilterChainProxy.java:191)
	at org.springframework.web.filter.CompositeFilter$VirtualFilterChain.doFilter(CompositeFilter.java:113)
	at org.springframework.web.servlet.handler.HandlerMappingIntrospector.lambda$createCacheFilter$3(HandlerMappingIntrospector.java:195)
	at org.springframework.web.filter.CompositeFilter$VirtualFilterChain.doFilter(CompositeFilter.java:113)
	at org.springframework.web.filter.CompositeFilter.doFilter(CompositeFilter.java:74)
	at org.springframework.security.config.annotation.web.configuration.WebMvcSecurityConfiguration$CompositeFilterChainProxy.doFilter(WebMvcSecurityConfiguration.java:230)
	at org.springframework.web.filter.DelegatingFilterProxy.invokeDelegate(DelegatingFilterProxy.java:352)
	at org.springframework.web.filter.DelegatingFilterProxy.doFilter(DelegatingFilterProxy.java:268)
	at org.apache.catalina.core.ApplicationFilterChain.internalDoFilter(ApplicationFilterChain.java:164)
	at org.apache.catalina.core.ApplicationFilterChain.doFilter(ApplicationFilterChain.java:140)
	at org.springframework.web.filter.RequestContextFilter.doFilterInternal(RequestContextFilter.java:100)
	at org.springframework.web.filter.OncePerRequestFilter.doFilter(OncePerRequestFilter.java:116)
	at org.apache.catalina.core.ApplicationFilterChain.internalDoFilter(ApplicationFilterChain.java:164)
	at org.apache.catalina.core.ApplicationFilterChain.doFilter(ApplicationFilterChain.java:140)
	at org.springframework.web.filter.FormContentFilter.doFilterInternal(FormContentFilter.java:93)
	at org.springframework.web.filter.OncePerRequestFilter.doFilter(OncePerRequestFilter.java:116)
	at org.apache.catalina.core.ApplicationFilterChain.internalDoFilter(ApplicationFilterChain.java:164)
	at org.apache.catalina.core.ApplicationFilterChain.doFilter(ApplicationFilterChain.java:140)
	at org.springframework.web.filter.ServerHttpObservationFilter.doFilterInternal(ServerHttpObservationFilter.java:113)
	at org.springframework.web.filter.OncePerRequestFilter.doFilter(OncePerRequestFilter.java:116)
	at org.apache.catalina.core.ApplicationFilterChain.internalDoFilter(ApplicationFilterChain.java:164)
	at org.apache.catalina.core.ApplicationFilterChain.doFilter(ApplicationFilterChain.java:140)
	at org.springframework.web.filter.CharacterEncodingFilter.doFilterInternal(CharacterEncodingFilter.java:201)
	at org.springframework.web.filter.OncePerRequestFilter.doFilter(OncePerRequestFilter.java:116)
	at org.apache.catalina.core.ApplicationFilterChain.internalDoFilter(ApplicationFilterChain.java:164)
	at org.apache.catalina.core.ApplicationFilterChain.doFilter(ApplicationFilterChain.java:140)
	at org.apache.catalina.core.StandardWrapperValve.invoke(StandardWrapperValve.java:167)
	at org.apache.catalina.core.StandardContextValve.invoke(StandardContextValve.java:90)
	at org.apache.catalina.authenticator.AuthenticatorBase.invoke(AuthenticatorBase.java:483)
	at org.apache.catalina.core.StandardHostValve.invoke(StandardHostValve.java:115)
	at org.apache.catalina.valves.ErrorReportValve.invoke(ErrorReportValve.java:93)
	at org.apache.catalina.core.StandardEngineValve.invoke(StandardEngineValve.java:74)
	at org.apache.catalina.connector.CoyoteAdapter.service(CoyoteAdapter.java:344)
	at org.apache.coyote.http11.Http11Processor.service(Http11Processor.java:384)
	at org.apache.coyote.AbstractProcessorLight.process(AbstractProcessorLight.java:63)
	at org.apache.coyote.AbstractProtocol$ConnectionHandler.process(AbstractProtocol.java:905)
	at org.apache.tomcat.util.net.NioEndpoint$SocketProcessor.doRun(NioEndpoint.java:1741)
	at org.apache.tomcat.util.net.SocketProcessorBase.run(SocketProcessorBase.java:52)
	at org.apache.tomcat.util.threads.ThreadPoolExecutor.runWorker(ThreadPoolExecutor.java:1190)
	at org.apache.tomcat.util.threads.ThreadPoolExecutor$Worker.run(ThreadPoolExecutor.java:659)
	at org.apache.tomcat.util.threads.TaskThread$WrappingRunnable.run(TaskThread.java:63)
	at java.base/java.lang.Thread.run(Thread.java:1570)
2026-09-12 11:28:19.994 [http-nio-8080-exec-7] DEBUG c.a.a.m.AppUserMapper.selectList - ==>  Preparing: SELECT id,username,password,nickname,avatar,role,created_at,updated_at FROM app_user WHERE (username = ?)
2026-09-12 11:28:19.994 [http-nio-8080-exec-7] DEBUG c.a.a.m.AppUserMapper.selectList - ==> Parameters: admin(String)
2026-09-12 11:28:20.001 [http-nio-8080-exec-7] DEBUG c.a.a.m.AppUserMapper.selectList - <==      Total: 1
2026-09-12 11:28:20.169 [http-nio-8080-exec-10] DEBUG c.a.a.m.C.selectList - ==>  Preparing: SELECT id,title,user_id,course_id,created_at,updated_at FROM conversation WHERE (user_id = ?) ORDER BY updated_at DESC
2026-09-12 11:28:20.170 [http-nio-8080-exec-10] DEBUG c.a.a.m.C.selectList - ==> Parameters: 2(String)
2026-09-12 11:28:20.175 [http-nio-8080-exec-10] DEBUG c.a.a.m.C.selectList - <==      Total: 1
2026-09-12 11:28:20.197 [http-nio-8080-exec-1] DEBUG c.a.a.m.ConversationMapper.insert - ==>  Preparing: INSERT INTO conversation ( title, user_id ) VALUES ( ?, ? )
2026-09-12 11:28:20.198 [http-nio-8080-exec-1] DEBUG c.a.a.m.ConversationMapper.insert - ==> Parameters: 新对话(String), 2(String)
2026-09-12 11:28:20.205 [http-nio-8080-exec-1] DEBUG c.a.a.m.ConversationMapper.insert - <==    Updates: 1
2026-09-12 11:28:20.217 [http-nio-8080-exec-2] DEBUG c.a.a.m.C.selectList - ==>  Preparing: SELECT id,title,user_id,course_id,created_at,updated_at FROM conversation WHERE (user_id = ?) ORDER BY updated_at DESC
2026-09-12 11:28:20.217 [http-nio-8080-exec-2] DEBUG c.a.a.m.C.selectList - ==> Parameters: 2(String)
2026-09-12 11:28:20.219 [http-nio-8080-exec-2] DEBUG c.a.a.m.C.selectList - <==      Total: 2
2026-09-12 11:35:26.163 [SpringApplicationShutdownHook] WARN  o.s.c.s.DefaultLifecycleProcessor - Failed to stop bean 'webServerGracefulShutdown'
java.lang.NoClassDefFoundError: org/springframework/boot/web/server/GracefulShutdownCallback
	at org.springframework.boot.web.context.WebServerGracefulShutdownLifecycle.stop(WebServerGracefulShutdownLifecycle.java:62)
	at org.springframework.context.support.DefaultLifecycleProcessor.doStop(DefaultLifecycleProcessor.java:346)
	at org.springframework.context.support.DefaultLifecycleProcessor$LifecycleGroup.stop(DefaultLifecycleProcessor.java:488)
	at java.base/java.lang.Iterable.forEach(Iterable.java:75)
	at org.springframework.context.support.DefaultLifecycleProcessor.stopBeans(DefaultLifecycleProcessor.java:315)
	at org.springframework.context.support.DefaultLifecycleProcessor.onClose(DefaultLifecycleProcessor.java:215)
	at org.springframework.context.support.AbstractApplicationContext.doClose(AbstractApplicationContext.java:1148)
	at org.springframework.boot.web.servlet.context.ServletWebServerApplicationContext.doClose(ServletWebServerApplicationContext.java:174)
	at org.springframework.context.support.AbstractApplicationContext.close(AbstractApplicationContext.java:1102)
	at org.springframework.boot.SpringApplicationShutdownHook.closeAndWait(SpringApplicationShutdownHook.java:145)
	at java.base/java.lang.Iterable.forEach(Iterable.java:75)
	at org.springframework.boot.SpringApplicationShutdownHook.run(SpringApplicationShutdownHook.java:114)
	at java.base/java.lang.Thread.run(Thread.java:1570)
Caused by: java.lang.ClassNotFoundException: org.springframework.boot.web.server.GracefulShutdownCallback
	at java.base/java.net.URLClassLoader.findClass(URLClassLoader.java:445)
	at java.base/java.lang.ClassLoader.loadClass(ClassLoader.java:592)
	at org.springframework.boot.loader.net.protocol.jar.JarUrlClassLoader.loadClass(JarUrlClassLoader.java:107)
	at org.springframework.boot.loader.launch.LaunchedClassLoader.loadClass(LaunchedClassLoader.java:91)
	at java.base/java.lang.ClassLoader.loadClass(ClassLoader.java:525)
	... 13 common frames omitted
2026-09-12 11:35:26.169 [SpringApplicationShutdownHook] WARN  o.s.c.s.DefaultLifecycleProcessor - Failed to stop bean 'webServerStartStop'
java.lang.NoClassDefFoundError: org/apache/catalina/Lifecycle$SingleUse
	at org.apache.catalina.util.LifecycleBase.stop(LifecycleBase.java:243)
	at org.apache.catalina.core.StandardService.removeConnector(StandardService.java:299)
	at org.springframework.boot.web.embedded.tomcat.TomcatWebServer.lambda$removeServiceConnectors$1(TomcatWebServer.java:171)
	at org.springframework.boot.web.embedded.tomcat.TomcatWebServer.doWithConnectors(TomcatWebServer.java:190)
	at org.springframework.boot.web.embedded.tomcat.TomcatWebServer.removeServiceConnectors(TomcatWebServer.java:168)
	at org.springframework.boot.web.embedded.tomcat.TomcatWebServer.stop(TomcatWebServer.java:354)
	at org.springframework.boot.web.servlet.context.WebServerStartStopLifecycle.stop(WebServerStartStopLifecycle.java:53)
	at org.springframework.context.SmartLifecycle.stop(SmartLifecycle.java:117)
	at org.springframework.context.support.DefaultLifecycleProcessor.doStop(DefaultLifecycleProcessor.java:346)
	at org.springframework.context.support.DefaultLifecycleProcessor$LifecycleGroup.stop(DefaultLifecycleProcessor.java:488)
	at java.base/java.lang.Iterable.forEach(Iterable.java:75)
	at org.springframework.context.support.DefaultLifecycleProcessor.stopBeans(DefaultLifecycleProcessor.java:315)
	at org.springframework.context.support.DefaultLifecycleProcessor.onClose(DefaultLifecycleProcessor.java:215)
	at org.springframework.context.support.AbstractApplicationContext.doClose(AbstractApplicationContext.java:1148)
	at org.springframework.boot.web.servlet.context.ServletWebServerApplicationContext.doClose(ServletWebServerApplicationContext.java:174)
	at org.springframework.context.support.AbstractApplicationContext.close(AbstractApplicationContext.java:1102)
	at org.springframework.boot.SpringApplicationShutdownHook.closeAndWait(SpringApplicationShutdownHook.java:145)
	at java.base/java.lang.Iterable.forEach(Iterable.java:75)
	at org.springframework.boot.SpringApplicationShutdownHook.run(SpringApplicationShutdownHook.java:114)
	at java.base/java.lang.Thread.run(Thread.java:1570)
Caused by: java.lang.ClassNotFoundException: org.apache.catalina.Lifecycle$SingleUse
	at java.base/java.net.URLClassLoader.findClass(URLClassLoader.java:445)
	at java.base/java.lang.ClassLoader.loadClass(ClassLoader.java:592)
	at org.springframework.boot.loader.net.protocol.jar.JarUrlClassLoader.loadClass(JarUrlClassLoader.java:107)
	at org.springframework.boot.loader.launch.LaunchedClassLoader.loadClass(LaunchedClassLoader.java:91)
	at java.base/java.lang.ClassLoader.loadClass(ClassLoader.java:525)
	... 20 common frames omitted
2026-09-12 11:35:26.170 [SpringApplicationShutdownHook] WARN  o.s.c.s.DefaultLifecycleProcessor - Failed to stop bean 'reactorResourceFactory'
java.lang.NoClassDefFoundError: reactor/core/publisher/ContextPropagationSupport
	at reactor.core.publisher.Mono.block(Mono.java:1775)
	at org.springframework.http.client.ReactorResourceFactory.stop(ReactorResourceFactory.java:298)
	at org.springframework.context.SmartLifecycle.stop(SmartLifecycle.java:117)
	at org.springframework.context.support.DefaultLifecycleProcessor.doStop(DefaultLifecycleProcessor.java:346)
	at org.springframework.context.support.DefaultLifecycleProcessor$LifecycleGroup.stop(DefaultLifecycleProcessor.java:488)
	at java.base/java.lang.Iterable.forEach(Iterable.java:75)
	at org.springframework.context.support.DefaultLifecycleProcessor.stopBeans(DefaultLifecycleProcessor.java:315)
	at org.springframework.context.support.DefaultLifecycleProcessor.onClose(DefaultLifecycleProcessor.java:215)
	at org.springframework.context.support.AbstractApplicationContext.doClose(AbstractApplicationContext.java:1148)
	at org.springframework.boot.web.servlet.context.ServletWebServerApplicationContext.doClose(ServletWebServerApplicationContext.java:174)
	at org.springframework.context.support.AbstractApplicationContext.close(AbstractApplicationContext.java:1102)
	at org.springframework.boot.SpringApplicationShutdownHook.closeAndWait(SpringApplicationShutdownHook.java:145)
	at java.base/java.lang.Iterable.forEach(Iterable.java:75)
	at org.springframework.boot.SpringApplicationShutdownHook.run(SpringApplicationShutdownHook.java:114)
	at java.base/java.lang.Thread.run(Thread.java:1570)
Caused by: java.lang.ClassNotFoundException: reactor.core.publisher.ContextPropagationSupport
	at java.base/java.net.URLClassLoader.findClass(URLClassLoader.java:445)
	at java.base/java.lang.ClassLoader.loadClass(ClassLoader.java:592)
	at org.springframework.boot.loader.net.protocol.jar.JarUrlClassLoader.loadClass(JarUrlClassLoader.java:107)
	at org.springframework.boot.loader.launch.LaunchedClassLoader.loadClass(LaunchedClassLoader.java:91)
	at java.base/java.lang.ClassLoader.loadClass(ClassLoader.java:525)
	... 15 common frames omitted
2026-09-12 11:35:26.177 [SpringApplicationShutdownHook] INFO  com.zaxxer.hikari.HikariDataSource - HikariPool-1 - Shutdown initiated...
2026-09-12 11:35:26.179 [SpringApplicationShutdownHook] INFO  com.zaxxer.hikari.HikariDataSource - HikariPool-1 - Shutdown completed.
2026-09-12 11:35:53.715 [background-preinit] INFO  o.h.validator.internal.util.Version - HV000001: Hibernate Validator 8.0.1.Final
2026-09-12 11:35:53.778 [main] INFO  c.a.a.AiReviewAssistantApplication - Starting AiReviewAssistantApplication v0.0.1-SNAPSHOT using Java 22.0.1 with PID 85569 (/Users/h3rtz/Desktop/ai-review-assistant/target/ai-review-assistant-0.0.1-SNAPSHOT.jar started by h3rtz in /Users/h3rtz/Desktop/ai-review-assistant)
2026-09-12 11:35:53.778 [main] DEBUG c.a.a.AiReviewAssistantApplication - Running with Spring Boot v3.2.10, Spring v6.1.13
2026-09-12 11:35:53.778 [main] INFO  c.a.a.AiReviewAssistantApplication - No active profile set, falling back to 1 default profile: "default"
2026-09-12 11:35:55.351 [main] INFO  o.s.b.w.e.tomcat.TomcatWebServer - Tomcat initialized with port 8080 (http)
2026-09-12 11:35:55.357 [main] INFO  o.a.coyote.http11.Http11NioProtocol - Initializing ProtocolHandler ["http-nio-8080"]
2026-09-12 11:35:55.359 [main] INFO  o.a.catalina.core.StandardService - Starting service [Tomcat]
2026-09-12 11:35:55.359 [main] INFO  o.a.catalina.core.StandardEngine - Starting Servlet engine: [Apache Tomcat/10.1.30]
2026-09-12 11:35:55.377 [main] INFO  o.a.c.c.C.[Tomcat].[localhost].[/] - Initializing Spring embedded WebApplicationContext
2026-09-12 11:35:55.378 [main] INFO  o.s.b.w.s.c.ServletWebServerApplicationContext - Root WebApplicationContext: initialization completed in 1568 ms
2026-09-12 11:35:55.871 [main] INFO  o.s.a.v.pgvector.PgVectorStore - Using the vector table name: vector_store. Is empty: false
2026-09-12 11:35:55.873 [main] INFO  o.s.a.v.pgvector.PgVectorStore - Initializing PGVectorStore schema for table: vector_store in schema: public
2026-09-12 11:35:55.873 [main] INFO  o.s.a.v.pgvector.PgVectorStore - vectorTableValidationsEnabled false
2026-09-12 11:35:55.876 [main] INFO  com.zaxxer.hikari.HikariDataSource - HikariPool-1 - Starting...
2026-09-12 11:35:55.955 [main] INFO  com.zaxxer.hikari.pool.HikariPool - HikariPool-1 - Added connection org.postgresql.jdbc.PgConnection@27a3696f
2026-09-12 11:35:55.956 [main] INFO  com.zaxxer.hikari.HikariDataSource - HikariPool-1 - Start completed.
2026-09-12 11:35:56.661 [main] WARN  o.s.b.a.s.s.UserDetailsServiceAutoConfiguration - 

Using generated security password: 8bc51c16-ca07-489c-bdb2-a74132643a0d

This generated password is for development use only. Your security configuration must be updated before running your application in production.

2026-09-12 11:35:56.751 [main] INFO  o.s.b.a.w.s.WelcomePageHandlerMapping - Adding welcome page: class path resource [static/index.html]
2026-09-12 11:35:56.908 [main] INFO  o.s.b.a.e.web.EndpointLinksResolver - Exposing 4 endpoint(s) beneath base path '/actuator'
2026-09-12 11:35:56.962 [main] INFO  o.s.s.web.DefaultSecurityFilterChain - Will secure any request with [org.springframework.security.web.session.DisableEncodeUrlFilter@59701284, org.springframework.security.web.context.request.async.WebAsyncManagerIntegrationFilter@5a09528e, org.springframework.security.web.context.SecurityContextHolderFilter@7cd38e49, org.springframework.security.web.header.HeaderWriterFilter@2b52187b, org.springframework.security.web.authentication.logout.LogoutFilter@28154c71, com.aiservice.aireviewassistant.security.JwtAuthenticationFilter@2ef54607, org.springframework.security.web.savedrequest.RequestCacheAwareFilter@3cee49b1, org.springframework.security.web.servletapi.SecurityContextHolderAwareRequestFilter@5b165ddd, org.springframework.security.web.authentication.AnonymousAuthenticationFilter@3ec0960c, org.springframework.security.web.session.SessionManagementFilter@67da20f2, org.springframework.security.web.access.ExceptionTranslationFilter@7a7b79a6, org.springframework.security.web.access.intercept.AuthorizationFilter@6d64477a]
2026-09-12 11:35:57.646 [main] ERROR i.n.r.d.DnsServerAddressStreamProviders - Unable to load io.netty.resolver.dns.macos.MacOSDnsServerAddressStreamProvider, fallback to system defaults. This may result in incorrect DNS resolutions on MacOS. Check whether you have a dependency on 'io.netty:netty-resolver-dns-native-macos'. Use DEBUG level to see the full stack: java.lang.UnsatisfiedLinkError: failed to load the required native library
2026-09-12 11:35:57.658 [main] INFO  o.a.coyote.http11.Http11NioProtocol - Starting ProtocolHandler ["http-nio-8080"]
2026-09-12 11:35:57.663 [main] INFO  o.s.b.w.e.tomcat.TomcatWebServer - Tomcat started on port 8080 (http) with context path ''
2026-09-12 11:35:57.677 [main] INFO  c.a.a.AiReviewAssistantApplication - Started AiReviewAssistantApplication in 4.284 seconds (process running for 4.641)
2026-09-12 11:35:58.178 [http-nio-8080-exec-1] INFO  o.a.c.c.C.[Tomcat].[localhost].[/] - Initializing Spring DispatcherServlet 'dispatcherServlet'
2026-09-12 11:35:58.179 [http-nio-8080-exec-1] INFO  o.s.web.servlet.DispatcherServlet - Initializing Servlet 'dispatcherServlet'
2026-09-12 11:35:58.180 [http-nio-8080-exec-1] INFO  o.s.web.servlet.DispatcherServlet - Completed initialization in 1 ms
2026-09-12 11:36:18.108 [SpringApplicationShutdownHook] INFO  com.zaxxer.hikari.HikariDataSource - HikariPool-1 - Shutdown initiated...
2026-09-12 11:36:18.111 [SpringApplicationShutdownHook] INFO  com.zaxxer.hikari.HikariDataSource - HikariPool-1 - Shutdown completed.
2026-09-12 11:36:20.775 [background-preinit] INFO  o.h.validator.internal.util.Version - HV000001: Hibernate Validator 8.0.1.Final
2026-09-12 11:36:20.841 [main] INFO  c.a.a.AiReviewAssistantApplication - Starting AiReviewAssistantApplication v0.0.1-SNAPSHOT using Java 22.0.1 with PID 85814 (/Users/h3rtz/Desktop/ai-review-assistant/target/ai-review-assistant-0.0.1-SNAPSHOT.jar started by h3rtz in /Users/h3rtz/Desktop/ai-review-assistant)
2026-09-12 11:36:20.841 [main] DEBUG c.a.a.AiReviewAssistantApplication - Running with Spring Boot v3.2.10, Spring v6.1.13
2026-09-12 11:36:20.841 [main] INFO  c.a.a.AiReviewAssistantApplication - No active profile set, falling back to 1 default profile: "default"
2026-09-12 11:36:22.307 [main] INFO  o.s.b.w.e.tomcat.TomcatWebServer - Tomcat initialized with port 8080 (http)
2026-09-12 11:36:22.313 [main] INFO  o.a.coyote.http11.Http11NioProtocol - Initializing ProtocolHandler ["http-nio-8080"]
2026-09-12 11:36:22.316 [main] INFO  o.a.catalina.core.StandardService - Starting service [Tomcat]
2026-09-12 11:36:22.316 [main] INFO  o.a.catalina.core.StandardEngine - Starting Servlet engine: [Apache Tomcat/10.1.30]
2026-09-12 11:36:22.334 [main] INFO  o.a.c.c.C.[Tomcat].[localhost].[/] - Initializing Spring embedded WebApplicationContext
2026-09-12 11:36:22.335 [main] INFO  o.s.b.w.s.c.ServletWebServerApplicationContext - Root WebApplicationContext: initialization completed in 1467 ms
2026-09-12 11:36:22.823 [main] INFO  o.s.a.v.pgvector.PgVectorStore - Using the vector table name: vector_store. Is empty: false
2026-09-12 11:36:22.825 [main] INFO  o.s.a.v.pgvector.PgVectorStore - Initializing PGVectorStore schema for table: vector_store in schema: public
2026-09-12 11:36:22.826 [main] INFO  o.s.a.v.pgvector.PgVectorStore - vectorTableValidationsEnabled false
2026-09-12 11:36:22.828 [main] INFO  com.zaxxer.hikari.HikariDataSource - HikariPool-1 - Starting...
2026-09-12 11:36:22.917 [main] INFO  com.zaxxer.hikari.pool.HikariPool - HikariPool-1 - Added connection org.postgresql.jdbc.PgConnection@14e89835
2026-09-12 11:36:22.918 [main] INFO  com.zaxxer.hikari.HikariDataSource - HikariPool-1 - Start completed.
2026-09-12 11:36:23.573 [main] WARN  o.s.b.a.s.s.UserDetailsServiceAutoConfiguration - 

Using generated security password: 6a6959db-6121-434e-9942-984024135329

This generated password is for development use only. Your security configuration must be updated before running your application in production.

2026-09-12 11:36:23.656 [main] INFO  o.s.b.a.w.s.WelcomePageHandlerMapping - Adding welcome page: class path resource [static/index.html]
2026-09-12 11:36:23.820 [main] INFO  o.s.b.a.e.web.EndpointLinksResolver - Exposing 4 endpoint(s) beneath base path '/actuator'
2026-09-12 11:36:23.867 [main] INFO  o.s.s.web.DefaultSecurityFilterChain - Will secure any request with [org.springframework.security.web.session.DisableEncodeUrlFilter@28154c71, org.springframework.security.web.context.request.async.WebAsyncManagerIntegrationFilter@21437608, org.springframework.security.web.context.SecurityContextHolderFilter@4bfd597c, org.springframework.security.web.header.HeaderWriterFilter@5b27453f, org.springframework.security.web.authentication.logout.LogoutFilter@5bc6dfa8, com.aiservice.aireviewassistant.security.JwtAuthenticationFilter@74cb54b1, org.springframework.security.web.savedrequest.RequestCacheAwareFilter@2b52187b, org.springframework.security.web.servletapi.SecurityContextHolderAwareRequestFilter@1bc2adc7, org.springframework.security.web.authentication.AnonymousAuthenticationFilter@cf500b5, org.springframework.security.web.session.SessionManagementFilter@6f5accda, org.springframework.security.web.access.ExceptionTranslationFilter@1cb81c17, org.springframework.security.web.access.intercept.AuthorizationFilter@7d07269a]
2026-09-12 11:36:24.502 [main] ERROR i.n.r.d.DnsServerAddressStreamProviders - Unable to load io.netty.resolver.dns.macos.MacOSDnsServerAddressStreamProvider, fallback to system defaults. This may result in incorrect DNS resolutions on MacOS. Check whether you have a dependency on 'io.netty:netty-resolver-dns-native-macos'. Use DEBUG level to see the full stack: java.lang.UnsatisfiedLinkError: failed to load the required native library
2026-09-12 11:36:24.508 [main] INFO  o.a.coyote.http11.Http11NioProtocol - Starting ProtocolHandler ["http-nio-8080"]
2026-09-12 11:36:24.513 [main] INFO  o.s.b.w.e.tomcat.TomcatWebServer - Tomcat started on port 8080 (http) with context path ''
2026-09-12 11:36:24.538 [main] INFO  c.a.a.AiReviewAssistantApplication - Started AiReviewAssistantApplication in 4.052 seconds (process running for 4.351)
2026-09-12 11:36:25.310 [http-nio-8080-exec-1] INFO  o.a.c.c.C.[Tomcat].[localhost].[/] - Initializing Spring DispatcherServlet 'dispatcherServlet'
2026-09-12 11:36:25.310 [http-nio-8080-exec-1] INFO  o.s.web.servlet.DispatcherServlet - Initializing Servlet 'dispatcherServlet'
2026-09-12 11:36:25.311 [http-nio-8080-exec-1] INFO  o.s.web.servlet.DispatcherServlet - Completed initialization in 1 ms
2026-09-12 11:36:42.329 [http-nio-8080-exec-2] DEBUG c.a.a.m.AppUserMapper.selectList - ==>  Preparing: SELECT id,username,password,nickname,avatar,role,created_at,updated_at FROM app_user WHERE (username = ?)
2026-09-12 11:36:42.340 [http-nio-8080-exec-2] DEBUG c.a.a.m.AppUserMapper.selectList - ==> Parameters: testuser99(String)
2026-09-12 11:36:42.357 [http-nio-8080-exec-2] DEBUG c.a.a.m.AppUserMapper.selectList - <==      Total: 1
2026-09-12 11:38:51.032 [http-nio-8080-exec-5] DEBUG c.a.a.m.AppUserMapper.selectList - ==>  Preparing: SELECT id,username,password,nickname,avatar,role,created_at,updated_at FROM app_user WHERE (username = ?)
2026-09-12 11:38:51.034 [http-nio-8080-exec-5] DEBUG c.a.a.m.AppUserMapper.selectList - ==> Parameters: testuser99(String)
2026-09-12 11:38:51.037 [http-nio-8080-exec-5] DEBUG c.a.a.m.AppUserMapper.selectList - <==      Total: 1
2026-09-12 11:38:51.728 [http-nio-8080-exec-9] DEBUG c.a.a.m.C.selectList - ==>  Preparing: SELECT id,title,user_id,course_id,created_at,updated_at FROM conversation WHERE (user_id = ?) ORDER BY updated_at DESC
2026-09-12 11:38:51.728 [http-nio-8080-exec-9] DEBUG c.a.a.m.C.selectList - ==> Parameters: 3(String)
2026-09-12 11:38:51.734 [http-nio-8080-exec-9] DEBUG c.a.a.m.C.selectList - <==      Total: 0
2026-09-12 11:38:51.760 [http-nio-8080-exec-8] DEBUG c.a.a.m.ConversationMapper.insert - ==>  Preparing: INSERT INTO conversation ( title, user_id ) VALUES ( ?, ? )
2026-09-12 11:38:51.760 [http-nio-8080-exec-8] DEBUG c.a.a.m.ConversationMapper.insert - ==> Parameters: 新对话(String), 3(String)
2026-09-12 11:38:51.774 [http-nio-8080-exec-8] DEBUG c.a.a.m.ConversationMapper.insert - <==    Updates: 1
2026-09-12 11:38:51.783 [http-nio-8080-exec-10] DEBUG c.a.a.m.C.selectList - ==>  Preparing: SELECT id,title,user_id,course_id,created_at,updated_at FROM conversation WHERE (user_id = ?) ORDER BY updated_at DESC
2026-09-12 11:38:51.783 [http-nio-8080-exec-10] DEBUG c.a.a.m.C.selectList - ==> Parameters: 3(String)
2026-09-12 11:38:51.785 [http-nio-8080-exec-10] DEBUG c.a.a.m.C.selectList - <==      Total: 1
2026-09-12 11:40:46.779 [http-nio-8080-exec-9] DEBUG c.a.a.m.C.selectList - ==>  Preparing: SELECT id,title,user_id,course_id,created_at,updated_at FROM conversation WHERE (user_id = ?) ORDER BY updated_at DESC
2026-09-12 11:40:46.780 [http-nio-8080-exec-9] DEBUG c.a.a.m.C.selectList - ==> Parameters: 3(String)
2026-09-12 11:40:46.792 [http-nio-8080-exec-9] DEBUG c.a.a.m.C.selectList - <==      Total: 1
2026-09-12 11:40:46.812 [http-nio-8080-exec-8] DEBUG c.a.a.m.C.selectList - ==>  Preparing: SELECT id,title,user_id,course_id,created_at,updated_at FROM conversation WHERE (user_id = ?) ORDER BY updated_at DESC
2026-09-12 11:40:46.812 [http-nio-8080-exec-8] DEBUG c.a.a.m.C.selectList - ==> Parameters: 3(String)
2026-09-12 11:40:46.814 [http-nio-8080-exec-8] DEBUG c.a.a.m.C.selectList - <==      Total: 1
2026-09-12 11:41:19.997 [background-preinit] INFO  o.h.validator.internal.util.Version - HV000001: Hibernate Validator 8.0.1.Final
2026-09-12 11:41:20.062 [main] INFO  c.a.a.AiReviewAssistantApplication - Starting AiReviewAssistantApplication v0.0.1-SNAPSHOT using Java 22.0.1 with PID 87560 (/Users/h3rtz/Desktop/ai-review-assistant/target/ai-review-assistant-0.0.1-SNAPSHOT.jar started by h3rtz in /Users/h3rtz/Desktop/ai-review-assistant)
2026-09-12 11:41:20.063 [main] DEBUG c.a.a.AiReviewAssistantApplication - Running with Spring Boot v3.2.10, Spring v6.1.13
2026-09-12 11:41:20.063 [main] INFO  c.a.a.AiReviewAssistantApplication - No active profile set, falling back to 1 default profile: "default"
2026-09-12 11:41:21.560 [main] INFO  o.s.b.w.e.tomcat.TomcatWebServer - Tomcat initialized with port 8080 (http)
2026-09-12 11:41:21.566 [main] INFO  o.a.coyote.http11.Http11NioProtocol - Initializing ProtocolHandler ["http-nio-8080"]
2026-09-12 11:41:21.569 [main] INFO  o.a.catalina.core.StandardService - Starting service [Tomcat]
2026-09-12 11:41:21.569 [main] INFO  o.a.catalina.core.StandardEngine - Starting Servlet engine: [Apache Tomcat/10.1.30]
2026-09-12 11:41:21.588 [main] INFO  o.a.c.c.C.[Tomcat].[localhost].[/] - Initializing Spring embedded WebApplicationContext
2026-09-12 11:41:21.588 [main] INFO  o.s.b.w.s.c.ServletWebServerApplicationContext - Root WebApplicationContext: initialization completed in 1499 ms
2026-09-12 11:41:22.097 [main] INFO  o.s.a.v.pgvector.PgVectorStore - Using the vector table name: vector_store. Is empty: false
2026-09-12 11:41:22.100 [main] INFO  o.s.a.v.pgvector.PgVectorStore - Initializing PGVectorStore schema for table: vector_store in schema: public
2026-09-12 11:41:22.100 [main] INFO  o.s.a.v.pgvector.PgVectorStore - vectorTableValidationsEnabled false
2026-09-12 11:41:22.103 [main] INFO  com.zaxxer.hikari.HikariDataSource - HikariPool-1 - Starting...
2026-09-12 11:41:22.191 [main] INFO  com.zaxxer.hikari.pool.HikariPool - HikariPool-1 - Added connection org.postgresql.jdbc.PgConnection@115c9981
2026-09-12 11:41:22.192 [main] INFO  com.zaxxer.hikari.HikariDataSource - HikariPool-1 - Start completed.
2026-09-12 11:41:22.874 [main] WARN  o.s.b.a.s.s.UserDetailsServiceAutoConfiguration - 

Using generated security password: 2d75d34b-cfce-4cce-abf4-f581f44e3393

This generated password is for development use only. Your security configuration must be updated before running your application in production.

2026-09-12 11:41:22.970 [main] INFO  o.s.b.a.w.s.WelcomePageHandlerMapping - Adding welcome page: class path resource [static/index.html]
2026-09-12 11:41:23.127 [main] INFO  o.s.b.a.e.web.EndpointLinksResolver - Exposing 4 endpoint(s) beneath base path '/actuator'
2026-09-12 11:41:23.178 [main] INFO  o.s.s.web.DefaultSecurityFilterChain - Will secure any request with [org.springframework.security.web.session.DisableEncodeUrlFilter@4c4efc8f, org.springframework.security.web.context.request.async.WebAsyncManagerIntegrationFilter@67a99869, org.springframework.security.web.context.SecurityContextHolderFilter@51fc5eba, org.springframework.security.web.header.HeaderWriterFilter@1ef5822e, org.springframework.security.web.authentication.logout.LogoutFilter@52e93696, com.aiservice.aireviewassistant.security.JwtAuthenticationFilter@1b808b37, org.springframework.security.web.savedrequest.RequestCacheAwareFilter@2878298b, org.springframework.security.web.servletapi.SecurityContextHolderAwareRequestFilter@7cd38e49, org.springframework.security.web.authentication.AnonymousAuthenticationFilter@780fa845, org.springframework.security.web.session.SessionManagementFilter@353e49ab, org.springframework.security.web.access.ExceptionTranslationFilter@16519bbf, org.springframework.security.web.access.intercept.AuthorizationFilter@3e5c98c8]
2026-09-12 11:41:23.863 [main] ERROR i.n.r.d.DnsServerAddressStreamProviders - Unable to load io.netty.resolver.dns.macos.MacOSDnsServerAddressStreamProvider, fallback to system defaults. This may result in incorrect DNS resolutions on MacOS. Check whether you have a dependency on 'io.netty:netty-resolver-dns-native-macos'. Use DEBUG level to see the full stack: java.lang.UnsatisfiedLinkError: failed to load the required native library
2026-09-12 11:41:23.870 [main] INFO  o.a.coyote.http11.Http11NioProtocol - Starting ProtocolHandler ["http-nio-8080"]
2026-09-12 11:41:23.876 [main] INFO  o.s.b.w.e.tomcat.TomcatWebServer - Tomcat started on port 8080 (http) with context path ''
2026-09-12 11:41:23.893 [main] INFO  c.a.a.AiReviewAssistantApplication - Started AiReviewAssistantApplication in 4.206 seconds (process running for 4.512)
2026-09-12 11:41:24.488 [http-nio-8080-exec-1] INFO  o.a.c.c.C.[Tomcat].[localhost].[/] - Initializing Spring DispatcherServlet 'dispatcherServlet'
2026-09-12 11:41:24.488 [http-nio-8080-exec-1] INFO  o.s.web.servlet.DispatcherServlet - Initializing Servlet 'dispatcherServlet'
2026-09-12 11:41:24.489 [http-nio-8080-exec-1] INFO  o.s.web.servlet.DispatcherServlet - Completed initialization in 1 ms
2026-09-12 11:41:36.226 [http-nio-8080-exec-4] DEBUG c.a.a.m.C.selectList - ==>  Preparing: SELECT id,title,user_id,course_id,created_at,updated_at FROM conversation WHERE (user_id = ?) ORDER BY updated_at DESC
2026-09-12 11:41:36.235 [http-nio-8080-exec-4] DEBUG c.a.a.m.C.selectList - ==> Parameters: 3(String)
2026-09-12 11:41:36.251 [http-nio-8080-exec-4] DEBUG c.a.a.m.C.selectList - <==      Total: 1
2026-09-12 11:41:36.262 [http-nio-8080-exec-6] DEBUG c.a.a.m.C.selectList - ==>  Preparing: SELECT id,title,user_id,course_id,created_at,updated_at FROM conversation WHERE (user_id = ?) ORDER BY updated_at DESC
2026-09-12 11:41:36.262 [http-nio-8080-exec-6] DEBUG c.a.a.m.C.selectList - ==> Parameters: 3(String)
2026-09-12 11:41:36.265 [http-nio-8080-exec-6] DEBUG c.a.a.m.C.selectList - <==      Total: 1
2026-09-12 11:46:35.767 [background-preinit] INFO  o.h.validator.internal.util.Version - HV000001: Hibernate Validator 8.0.1.Final
2026-09-12 11:46:35.832 [main] INFO  c.a.a.AiReviewAssistantApplication - Starting AiReviewAssistantApplication v0.0.1-SNAPSHOT using Java 22.0.1 with PID 88963 (/Users/h3rtz/Desktop/ai-review-assistant/target/ai-review-assistant-0.0.1-SNAPSHOT.jar started by h3rtz in /Users/h3rtz/Desktop/ai-review-assistant)
2026-09-12 11:46:35.832 [main] DEBUG c.a.a.AiReviewAssistantApplication - Running with Spring Boot v3.2.10, Spring v6.1.13
2026-09-12 11:46:35.832 [main] INFO  c.a.a.AiReviewAssistantApplication - No active profile set, falling back to 1 default profile: "default"
2026-09-12 11:46:37.340 [main] INFO  o.s.b.w.e.tomcat.TomcatWebServer - Tomcat initialized with port 8080 (http)
2026-09-12 11:46:37.345 [main] INFO  o.a.coyote.http11.Http11NioProtocol - Initializing ProtocolHandler ["http-nio-8080"]
2026-09-12 11:46:37.348 [main] INFO  o.a.catalina.core.StandardService - Starting service [Tomcat]
2026-09-12 11:46:37.348 [main] INFO  o.a.catalina.core.StandardEngine - Starting Servlet engine: [Apache Tomcat/10.1.30]
2026-09-12 11:46:37.366 [main] INFO  o.a.c.c.C.[Tomcat].[localhost].[/] - Initializing Spring embedded WebApplicationContext
2026-09-12 11:46:37.366 [main] INFO  o.s.b.w.s.c.ServletWebServerApplicationContext - Root WebApplicationContext: initialization completed in 1508 ms
2026-09-12 11:46:37.909 [main] INFO  o.s.a.v.pgvector.PgVectorStore - Using the vector table name: vector_store. Is empty: false
2026-09-12 11:46:37.912 [main] INFO  o.s.a.v.pgvector.PgVectorStore - Initializing PGVectorStore schema for table: vector_store in schema: public
2026-09-12 11:46:37.912 [main] INFO  o.s.a.v.pgvector.PgVectorStore - vectorTableValidationsEnabled false
2026-09-12 11:46:37.917 [main] INFO  com.zaxxer.hikari.HikariDataSource - HikariPool-1 - Starting...
2026-09-12 11:46:38.011 [main] INFO  com.zaxxer.hikari.pool.HikariPool - HikariPool-1 - Added connection org.postgresql.jdbc.PgConnection@3838ac01
2026-09-12 11:46:38.012 [main] INFO  com.zaxxer.hikari.HikariDataSource - HikariPool-1 - Start completed.
2026-09-12 11:46:38.678 [main] WARN  o.s.b.a.s.s.UserDetailsServiceAutoConfiguration - 

Using generated security password: 028b587c-5aab-4b44-89b5-8c60c7223593

This generated password is for development use only. Your security configuration must be updated before running your application in production.

2026-09-12 11:46:38.773 [main] INFO  o.s.b.a.w.s.WelcomePageHandlerMapping - Adding welcome page: class path resource [static/index.html]
2026-09-12 11:46:38.939 [main] INFO  o.s.b.a.e.web.EndpointLinksResolver - Exposing 4 endpoint(s) beneath base path '/actuator'
2026-09-12 11:46:38.990 [main] INFO  o.s.s.web.DefaultSecurityFilterChain - Will secure any request with [org.springframework.security.web.session.DisableEncodeUrlFilter@67fd4762, org.springframework.security.web.context.request.async.WebAsyncManagerIntegrationFilter@7770e431, org.springframework.security.web.context.SecurityContextHolderFilter@3cee49b1, org.springframework.security.web.header.HeaderWriterFilter@28c0c89a, org.springframework.security.web.authentication.logout.LogoutFilter@e01a39e, com.aiservice.aireviewassistant.security.JwtAuthenticationFilter@73b141a6, org.springframework.security.web.savedrequest.RequestCacheAwareFilter@61c1da5e, org.springframework.security.web.servletapi.SecurityContextHolderAwareRequestFilter@61d78545, org.springframework.security.web.authentication.AnonymousAuthenticationFilter@49fbd92a, org.springframework.security.web.session.SessionManagementFilter@5e76451c, org.springframework.security.web.access.ExceptionTranslationFilter@3bbbf090, org.springframework.security.web.access.intercept.AuthorizationFilter@59701284]
2026-09-12 11:46:39.696 [main] ERROR i.n.r.d.DnsServerAddressStreamProviders - Unable to load io.netty.resolver.dns.macos.MacOSDnsServerAddressStreamProvider, fallback to system defaults. This may result in incorrect DNS resolutions on MacOS. Check whether you have a dependency on 'io.netty:netty-resolver-dns-native-macos'. Use DEBUG level to see the full stack: java.lang.UnsatisfiedLinkError: failed to load the required native library
2026-09-12 11:46:39.703 [main] INFO  o.a.coyote.http11.Http11NioProtocol - Starting ProtocolHandler ["http-nio-8080"]
2026-09-12 11:46:39.709 [main] INFO  o.s.b.w.e.tomcat.TomcatWebServer - Tomcat started on port 8080 (http) with context path ''
2026-09-12 11:46:39.734 [main] INFO  c.a.a.AiReviewAssistantApplication - Started AiReviewAssistantApplication in 4.289 seconds (process running for 4.599)
2026-09-12 11:46:40.266 [http-nio-8080-exec-1] INFO  o.a.c.c.C.[Tomcat].[localhost].[/] - Initializing Spring DispatcherServlet 'dispatcherServlet'
2026-09-12 11:46:40.267 [http-nio-8080-exec-1] INFO  o.s.web.servlet.DispatcherServlet - Initializing Servlet 'dispatcherServlet'
2026-09-12 11:46:40.267 [http-nio-8080-exec-1] INFO  o.s.web.servlet.DispatcherServlet - Completed initialization in 0 ms
2026-09-12 11:48:29.101 [background-preinit] INFO  o.h.validator.internal.util.Version - HV000001: Hibernate Validator 8.0.1.Final
2026-09-12 11:48:29.167 [main] INFO  c.a.a.AiReviewAssistantApplication - Starting AiReviewAssistantApplication v0.0.1-SNAPSHOT using Java 22.0.1 with PID 89697 (/Users/h3rtz/Desktop/ai-review-assistant/target/ai-review-assistant-0.0.1-SNAPSHOT.jar started by h3rtz in /Users/h3rtz/Desktop/ai-review-assistant)
2026-09-12 11:48:29.167 [main] DEBUG c.a.a.AiReviewAssistantApplication - Running with Spring Boot v3.2.10, Spring v6.1.13
2026-09-12 11:48:29.168 [main] INFO  c.a.a.AiReviewAssistantApplication - No active profile set, falling back to 1 default profile: "default"
2026-09-12 11:48:30.748 [main] INFO  o.s.b.w.e.tomcat.TomcatWebServer - Tomcat initialized with port 8080 (http)
2026-09-12 11:48:30.755 [main] INFO  o.a.coyote.http11.Http11NioProtocol - Initializing ProtocolHandler ["http-nio-8080"]
2026-09-12 11:48:30.757 [main] INFO  o.a.catalina.core.StandardService - Starting service [Tomcat]
2026-09-12 11:48:30.757 [main] INFO  o.a.catalina.core.StandardEngine - Starting Servlet engine: [Apache Tomcat/10.1.30]
2026-09-12 11:48:30.777 [main] INFO  o.a.c.c.C.[Tomcat].[localhost].[/] - Initializing Spring embedded WebApplicationContext
2026-09-12 11:48:30.777 [main] INFO  o.s.b.w.s.c.ServletWebServerApplicationContext - Root WebApplicationContext: initialization completed in 1581 ms
2026-09-12 11:48:31.293 [main] INFO  o.s.a.v.pgvector.PgVectorStore - Using the vector table name: vector_store. Is empty: false
2026-09-12 11:48:31.296 [main] INFO  o.s.a.v.pgvector.PgVectorStore - Initializing PGVectorStore schema for table: vector_store in schema: public
2026-09-12 11:48:31.296 [main] INFO  o.s.a.v.pgvector.PgVectorStore - vectorTableValidationsEnabled false
2026-09-12 11:48:31.299 [main] INFO  com.zaxxer.hikari.HikariDataSource - HikariPool-1 - Starting...
2026-09-12 11:48:31.383 [main] INFO  com.zaxxer.hikari.pool.HikariPool - HikariPool-1 - Added connection org.postgresql.jdbc.PgConnection@548efcf5
2026-09-12 11:48:31.384 [main] INFO  com.zaxxer.hikari.HikariDataSource - HikariPool-1 - Start completed.
2026-09-12 11:48:32.067 [main] WARN  o.s.b.a.s.s.UserDetailsServiceAutoConfiguration - 

Using generated security password: a5afaaab-ef24-4137-a2a8-5618aadcfc9c

This generated password is for development use only. Your security configuration must be updated before running your application in production.

2026-09-12 11:48:32.165 [main] INFO  o.s.b.a.w.s.WelcomePageHandlerMapping - Adding welcome page: class path resource [static/index.html]
2026-09-12 11:48:32.341 [main] INFO  o.s.b.a.e.web.EndpointLinksResolver - Exposing 4 endpoint(s) beneath base path '/actuator'
2026-09-12 11:48:32.399 [main] INFO  o.s.s.web.DefaultSecurityFilterChain - Will secure any request with [org.springframework.security.web.session.DisableEncodeUrlFilter@7799dc9a, org.springframework.security.web.context.request.async.WebAsyncManagerIntegrationFilter@72d10fac, org.springframework.security.web.context.SecurityContextHolderFilter@5b8afcb1, org.springframework.security.web.header.HeaderWriterFilter@786e1cb0, org.springframework.security.web.authentication.logout.LogoutFilter@6023c97d, com.aiservice.aireviewassistant.security.JwtAuthenticationFilter@45b23448, org.springframework.security.web.savedrequest.RequestCacheAwareFilter@6b3937cc, org.springframework.security.web.servletapi.SecurityContextHolderAwareRequestFilter@a8bc3dc, org.springframework.security.web.authentication.AnonymousAuthenticationFilter@54202c68, org.springframework.security.web.session.SessionManagementFilter@7fd6c807, org.springframework.security.web.access.ExceptionTranslationFilter@1ef5822e, org.springframework.security.web.access.intercept.AuthorizationFilter@1b808b37]
2026-09-12 11:48:33.136 [main] ERROR i.n.r.d.DnsServerAddressStreamProviders - Unable to load io.netty.resolver.dns.macos.MacOSDnsServerAddressStreamProvider, fallback to system defaults. This may result in incorrect DNS resolutions on MacOS. Check whether you have a dependency on 'io.netty:netty-resolver-dns-native-macos'. Use DEBUG level to see the full stack: java.lang.UnsatisfiedLinkError: failed to load the required native library
2026-09-12 11:48:33.143 [main] INFO  o.a.coyote.http11.Http11NioProtocol - Starting ProtocolHandler ["http-nio-8080"]
2026-09-12 11:48:33.149 [main] INFO  o.s.b.w.e.tomcat.TomcatWebServer - Tomcat started on port 8080 (http) with context path ''
2026-09-12 11:48:33.169 [main] INFO  c.a.a.AiReviewAssistantApplication - Started AiReviewAssistantApplication in 4.396 seconds (process running for 4.696)
2026-09-12 11:48:33.597 [http-nio-8080-exec-1] INFO  o.a.c.c.C.[Tomcat].[localhost].[/] - Initializing Spring DispatcherServlet 'dispatcherServlet'
2026-09-12 11:48:33.597 [http-nio-8080-exec-1] INFO  o.s.web.servlet.DispatcherServlet - Initializing Servlet 'dispatcherServlet'
2026-09-12 11:48:33.598 [http-nio-8080-exec-1] INFO  o.s.web.servlet.DispatcherServlet - Completed initialization in 1 ms
2026-09-12 14:06:28.054 [http-nio-8080-exec-1] ERROR c.a.a.e.GlobalExceptionHandler - 系统异常: Request method 'GET' is not supported
org.springframework.web.HttpRequestMethodNotSupportedException: Request method 'GET' is not supported
	at org.springframework.web.servlet.mvc.method.RequestMappingInfoHandlerMapping.handleNoMatch(RequestMappingInfoHandlerMapping.java:267)
	at org.springframework.web.servlet.handler.AbstractHandlerMethodMapping.lookupHandlerMethod(AbstractHandlerMethodMapping.java:441)
	at org.springframework.web.servlet.handler.AbstractHandlerMethodMapping.getHandlerInternal(AbstractHandlerMethodMapping.java:382)
	at org.springframework.web.servlet.mvc.method.RequestMappingInfoHandlerMapping.getHandlerInternal(RequestMappingInfoHandlerMapping.java:127)
	at org.springframework.web.servlet.mvc.method.RequestMappingInfoHandlerMapping.getHandlerInternal(RequestMappingInfoHandlerMapping.java:68)
	at org.springframework.web.servlet.handler.AbstractHandlerMapping.getHandler(AbstractHandlerMapping.java:507)
	at org.springframework.web.servlet.DispatcherServlet.getHandler(DispatcherServlet.java:1284)
	at org.springframework.web.servlet.DispatcherServlet.doDispatch(DispatcherServlet.java:1065)
	at org.springframework.web.servlet.DispatcherServlet.doService(DispatcherServlet.java:979)
	at org.springframework.web.servlet.FrameworkServlet.processRequest(FrameworkServlet.java:1014)
	at org.springframework.web.servlet.FrameworkServlet.doGet(FrameworkServlet.java:903)
	at jakarta.servlet.http.HttpServlet.service(HttpServlet.java:564)
	at org.springframework.web.servlet.FrameworkServlet.service(FrameworkServlet.java:885)
	at jakarta.servlet.http.HttpServlet.service(HttpServlet.java:658)
	at org.apache.catalina.core.ApplicationFilterChain.internalDoFilter(ApplicationFilterChain.java:195)
	at org.apache.catalina.core.ApplicationFilterChain.doFilter(ApplicationFilterChain.java:140)
	at org.apache.tomcat.websocket.server.WsFilter.doFilter(WsFilter.java:51)
	at org.apache.catalina.core.ApplicationFilterChain.internalDoFilter(ApplicationFilterChain.java:164)
	at org.apache.catalina.core.ApplicationFilterChain.doFilter(ApplicationFilterChain.java:140)
	at org.springframework.web.filter.CompositeFilter$VirtualFilterChain.doFilter(CompositeFilter.java:108)
	at org.springframework.security.web.FilterChainProxy.lambda$doFilterInternal$3(FilterChainProxy.java:231)
	at org.springframework.security.web.ObservationFilterChainDecorator$FilterObservation$SimpleFilterObservation.lambda$wrap$1(ObservationFilterChainDecorator.java:479)
	at org.springframework.security.web.ObservationFilterChainDecorator$AroundFilterObservation$SimpleAroundFilterObservation.lambda$wrap$1(ObservationFilterChainDecorator.java:340)
	at org.springframework.security.web.ObservationFilterChainDecorator.lambda$wrapSecured$0(ObservationFilterChainDecorator.java:82)
	at org.springframework.security.web.ObservationFilterChainDecorator$VirtualFilterChain.doFilter(ObservationFilterChainDecorator.java:128)
	at org.springframework.security.web.access.intercept.AuthorizationFilter.doFilter(AuthorizationFilter.java:100)
	at org.springframework.security.web.ObservationFilterChainDecorator$ObservationFilter.wrapFilter(ObservationFilterChainDecorator.java:240)
	at org.springframework.security.web.ObservationFilterChainDecorator$ObservationFilter.doFilter(ObservationFilterChainDecorator.java:227)
	at org.springframework.security.web.ObservationFilterChainDecorator$VirtualFilterChain.doFilter(ObservationFilterChainDecorator.java:137)
	at org.springframework.security.web.access.ExceptionTranslationFilter.doFilter(ExceptionTranslationFilter.java:126)
	at org.springframework.security.web.access.ExceptionTranslationFilter.doFilter(ExceptionTranslationFilter.java:120)
	at org.springframework.security.web.ObservationFilterChainDecorator$ObservationFilter.wrapFilter(ObservationFilterChainDecorator.java:240)
	at org.springframework.security.web.ObservationFilterChainDecorator$ObservationFilter.doFilter(ObservationFilterChainDecorator.java:227)
	at org.springframework.security.web.ObservationFilterChainDecorator$VirtualFilterChain.doFilter(ObservationFilterChainDecorator.java:137)
	at org.springframework.security.web.session.SessionManagementFilter.doFilter(SessionManagementFilter.java:131)
	at org.springframework.security.web.session.SessionManagementFilter.doFilter(SessionManagementFilter.java:85)
	at org.springframework.security.web.ObservationFilterChainDecorator$ObservationFilter.wrapFilter(ObservationFilterChainDecorator.java:240)
	at org.springframework.security.web.ObservationFilterChainDecorator$ObservationFilter.doFilter(ObservationFilterChainDecorator.java:227)
	at org.springframework.security.web.ObservationFilterChainDecorator$VirtualFilterChain.doFilter(ObservationFilterChainDecorator.java:137)
	at org.springframework.security.web.authentication.AnonymousAuthenticationFilter.doFilter(AnonymousAuthenticationFilter.java:100)
	at org.springframework.security.web.ObservationFilterChainDecorator$ObservationFilter.wrapFilter(ObservationFilterChainDecorator.java:240)
	at org.springframework.security.web.ObservationFilterChainDecorator$ObservationFilter.doFilter(ObservationFilterChainDecorator.java:227)
	at org.springframework.security.web.ObservationFilterChainDecorator$VirtualFilterChain.doFilter(ObservationFilterChainDecorator.java:137)
	at org.springframework.security.web.servletapi.SecurityContextHolderAwareRequestFilter.doFilter(SecurityContextHolderAwareRequestFilter.java:179)
	at org.springframework.security.web.ObservationFilterChainDecorator$ObservationFilter.wrapFilter(ObservationFilterChainDecorator.java:240)
	at org.springframework.security.web.ObservationFilterChainDecorator$ObservationFilter.doFilter(ObservationFilterChainDecorator.java:227)
	at org.springframework.security.web.ObservationFilterChainDecorator$VirtualFilterChain.doFilter(ObservationFilterChainDecorator.java:137)
	at org.springframework.security.web.savedrequest.RequestCacheAwareFilter.doFilter(RequestCacheAwareFilter.java:63)
	at org.springframework.security.web.ObservationFilterChainDecorator$ObservationFilter.wrapFilter(ObservationFilterChainDecorator.java:240)
	at org.springframework.security.web.ObservationFilterChainDecorator$ObservationFilter.doFilter(ObservationFilterChainDecorator.java:227)
	at org.springframework.security.web.ObservationFilterChainDecorator$VirtualFilterChain.doFilter(ObservationFilterChainDecorator.java:137)
	at com.aiservice.aireviewassistant.security.JwtAuthenticationFilter.doFilterInternal(JwtAuthenticationFilter.java:54)
	at org.springframework.web.filter.OncePerRequestFilter.doFilter(OncePerRequestFilter.java:116)
	at org.springframework.security.web.ObservationFilterChainDecorator$ObservationFilter.wrapFilter(ObservationFilterChainDecorator.java:240)
	at org.springframework.security.web.ObservationFilterChainDecorator$ObservationFilter.doFilter(ObservationFilterChainDecorator.java:227)
	at org.springframework.security.web.ObservationFilterChainDecorator$VirtualFilterChain.doFilter(ObservationFilterChainDecorator.java:137)
	at org.springframework.security.web.authentication.logout.LogoutFilter.doFilter(LogoutFilter.java:107)
	at org.springframework.security.web.authentication.logout.LogoutFilter.doFilter(LogoutFilter.java:93)
	at org.springframework.security.web.ObservationFilterChainDecorator$ObservationFilter.wrapFilter(ObservationFilterChainDecorator.java:240)
	at org.springframework.security.web.ObservationFilterChainDecorator$ObservationFilter.doFilter(ObservationFilterChainDecorator.java:227)
	at org.springframework.security.web.ObservationFilterChainDecorator$VirtualFilterChain.doFilter(ObservationFilterChainDecorator.java:137)
	at org.springframework.security.web.header.HeaderWriterFilter.doHeadersAfter(HeaderWriterFilter.java:90)
	at org.springframework.security.web.header.HeaderWriterFilter.doFilterInternal(HeaderWriterFilter.java:75)
	at org.springframework.web.filter.OncePerRequestFilter.doFilter(OncePerRequestFilter.java:116)
	at org.springframework.security.web.ObservationFilterChainDecorator$ObservationFilter.wrapFilter(ObservationFilterChainDecorator.java:240)
	at org.springframework.security.web.ObservationFilterChainDecorator$ObservationFilter.doFilter(ObservationFilterChainDecorator.java:227)
	at org.springframework.security.web.ObservationFilterChainDecorator$VirtualFilterChain.doFilter(ObservationFilterChainDecorator.java:137)
	at org.springframework.security.web.context.SecurityContextHolderFilter.doFilter(SecurityContextHolderFilter.java:82)
	at org.springframework.security.web.context.SecurityContextHolderFilter.doFilter(SecurityContextHolderFilter.java:69)
	at org.springframework.security.web.ObservationFilterChainDecorator$ObservationFilter.wrapFilter(ObservationFilterChainDecorator.java:240)
	at org.springframework.security.web.ObservationFilterChainDecorator$ObservationFilter.doFilter(ObservationFilterChainDecorator.java:227)
	at org.springframework.security.web.ObservationFilterChainDecorator$VirtualFilterChain.doFilter(ObservationFilterChainDecorator.java:137)
	at org.springframework.security.web.context.request.async.WebAsyncManagerIntegrationFilter.doFilterInternal(WebAsyncManagerIntegrationFilter.java:62)
	at org.springframework.web.filter.OncePerRequestFilter.doFilter(OncePerRequestFilter.java:116)
	at org.springframework.security.web.ObservationFilterChainDecorator$ObservationFilter.wrapFilter(ObservationFilterChainDecorator.java:240)
	at org.springframework.security.web.ObservationFilterChainDecorator$ObservationFilter.doFilter(ObservationFilterChainDecorator.java:227)
	at org.springframework.security.web.ObservationFilterChainDecorator$VirtualFilterChain.doFilter(ObservationFilterChainDecorator.java:137)
	at org.springframework.security.web.session.DisableEncodeUrlFilter.doFilterInternal(DisableEncodeUrlFilter.java:42)
	at org.springframework.web.filter.OncePerRequestFilter.doFilter(OncePerRequestFilter.java:116)
	at org.springframework.security.web.ObservationFilterChainDecorator$ObservationFilter.wrapFilter(ObservationFilterChainDecorator.java:240)
	at org.springframework.security.web.ObservationFilterChainDecorator$AroundFilterObservation$SimpleAroundFilterObservation.lambda$wrap$0(ObservationFilterChainDecorator.java:323)
	at org.springframework.security.web.ObservationFilterChainDecorator$ObservationFilter.doFilter(ObservationFilterChainDecorator.java:224)
	at org.springframework.security.web.ObservationFilterChainDecorator$VirtualFilterChain.doFilter(ObservationFilterChainDecorator.java:137)
	at org.springframework.security.web.FilterChainProxy.doFilterInternal(FilterChainProxy.java:233)
	at org.springframework.security.web.FilterChainProxy.doFilter(FilterChainProxy.java:191)
	at org.springframework.web.filter.CompositeFilter$VirtualFilterChain.doFilter(CompositeFilter.java:113)
	at org.springframework.web.servlet.handler.HandlerMappingIntrospector.lambda$createCacheFilter$3(HandlerMappingIntrospector.java:195)
	at org.springframework.web.filter.CompositeFilter$VirtualFilterChain.doFilter(CompositeFilter.java:113)
	at org.springframework.web.filter.CompositeFilter.doFilter(CompositeFilter.java:74)
	at org.springframework.security.config.annotation.web.configuration.WebMvcSecurityConfiguration$CompositeFilterChainProxy.doFilter(WebMvcSecurityConfiguration.java:230)
	at org.springframework.web.filter.DelegatingFilterProxy.invokeDelegate(DelegatingFilterProxy.java:352)
	at org.springframework.web.filter.DelegatingFilterProxy.doFilter(DelegatingFilterProxy.java:268)
	at org.apache.catalina.core.ApplicationFilterChain.internalDoFilter(ApplicationFilterChain.java:164)
	at org.apache.catalina.core.ApplicationFilterChain.doFilter(ApplicationFilterChain.java:140)
	at org.springframework.web.filter.RequestContextFilter.doFilterInternal(RequestContextFilter.java:100)
	at org.springframework.web.filter.OncePerRequestFilter.doFilter(OncePerRequestFilter.java:116)
	at org.apache.catalina.core.ApplicationFilterChain.internalDoFilter(ApplicationFilterChain.java:164)
	at org.apache.catalina.core.ApplicationFilterChain.doFilter(ApplicationFilterChain.java:140)
	at org.springframework.web.filter.FormContentFilter.doFilterInternal(FormContentFilter.java:93)
	at org.springframework.web.filter.OncePerRequestFilter.doFilter(OncePerRequestFilter.java:116)
	at org.apache.catalina.core.ApplicationFilterChain.internalDoFilter(ApplicationFilterChain.java:164)
	at org.apache.catalina.core.ApplicationFilterChain.doFilter(ApplicationFilterChain.java:140)
	at org.springframework.web.filter.ServerHttpObservationFilter.doFilterInternal(ServerHttpObservationFilter.java:113)
	at org.springframework.web.filter.OncePerRequestFilter.doFilter(OncePerRequestFilter.java:116)
	at org.apache.catalina.core.ApplicationFilterChain.internalDoFilter(ApplicationFilterChain.java:164)
	at org.apache.catalina.core.ApplicationFilterChain.doFilter(ApplicationFilterChain.java:140)
	at org.springframework.web.filter.CharacterEncodingFilter.doFilterInternal(CharacterEncodingFilter.java:201)
	at org.springframework.web.filter.OncePerRequestFilter.doFilter(OncePerRequestFilter.java:116)
	at org.apache.catalina.core.ApplicationFilterChain.internalDoFilter(ApplicationFilterChain.java:164)
	at org.apache.catalina.core.ApplicationFilterChain.doFilter(ApplicationFilterChain.java:140)
	at org.apache.catalina.core.StandardWrapperValve.invoke(StandardWrapperValve.java:167)
	at org.apache.catalina.core.StandardContextValve.invoke(StandardContextValve.java:90)
	at org.apache.catalina.authenticator.AuthenticatorBase.invoke(AuthenticatorBase.java:483)
	at org.apache.catalina.core.StandardHostValve.invoke(StandardHostValve.java:115)
	at org.apache.catalina.valves.ErrorReportValve.invoke(ErrorReportValve.java:93)
	at org.apache.catalina.core.StandardEngineValve.invoke(StandardEngineValve.java:74)
	at org.apache.catalina.connector.CoyoteAdapter.service(CoyoteAdapter.java:344)
	at org.apache.coyote.http11.Http11Processor.service(Http11Processor.java:384)
	at org.apache.coyote.AbstractProcessorLight.process(AbstractProcessorLight.java:63)
	at org.apache.coyote.AbstractProtocol$ConnectionHandler.process(AbstractProtocol.java:905)
	at org.apache.tomcat.util.net.NioEndpoint$SocketProcessor.doRun(NioEndpoint.java:1741)
	at org.apache.tomcat.util.net.SocketProcessorBase.run(SocketProcessorBase.java:52)
	at org.apache.tomcat.util.threads.ThreadPoolExecutor.runWorker(ThreadPoolExecutor.java:1190)
	at org.apache.tomcat.util.threads.ThreadPoolExecutor$Worker.run(ThreadPoolExecutor.java:659)
	at org.apache.tomcat.util.threads.TaskThread$WrappingRunnable.run(TaskThread.java:63)
	at java.base/java.lang.Thread.run(Thread.java:1570)
2026-09-12 14:06:30.046 [http-nio-8080-exec-4] DEBUG c.a.a.m.AppUserMapper.selectList - ==>  Preparing: SELECT id,username,password,nickname,avatar,role,created_at,updated_at FROM app_user WHERE (username = ?)
2026-09-12 14:06:30.056 [http-nio-8080-exec-4] DEBUG c.a.a.m.AppUserMapper.selectList - ==> Parameters: admin(String)
2026-09-12 14:06:30.074 [http-nio-8080-exec-4] DEBUG c.a.a.m.AppUserMapper.selectList - <==      Total: 1
2026-09-12 14:06:30.226 [http-nio-8080-exec-7] DEBUG c.a.a.m.C.selectList - ==>  Preparing: SELECT id,title,user_id,course_id,created_at,updated_at FROM conversation WHERE (user_id = ?) ORDER BY updated_at DESC
2026-09-12 14:06:30.226 [http-nio-8080-exec-7] DEBUG c.a.a.m.C.selectList - ==> Parameters: 2(String)
2026-09-12 14:06:30.231 [http-nio-8080-exec-7] DEBUG c.a.a.m.C.selectList - <==      Total: 2
2026-09-12 14:06:30.239 [http-nio-8080-exec-8] DEBUG c.a.a.m.C.selectList - ==>  Preparing: SELECT id,title,user_id,course_id,created_at,updated_at FROM conversation WHERE (user_id = ?) ORDER BY updated_at DESC
2026-09-12 14:06:30.240 [http-nio-8080-exec-8] DEBUG c.a.a.m.C.selectList - ==> Parameters: 2(String)
2026-09-12 14:06:30.241 [http-nio-8080-exec-8] DEBUG c.a.a.m.C.selectList - <==      Total: 2
2026-09-12 14:06:37.505 [http-nio-8080-exec-9] DEBUG c.a.a.m.C.selectById - ==>  Preparing: SELECT id,title,user_id,course_id,created_at,updated_at FROM conversation WHERE id=?
2026-09-12 14:06:37.508 [http-nio-8080-exec-9] DEBUG c.a.a.m.C.selectById - ==> Parameters: 43(Integer)
2026-09-12 14:06:37.510 [http-nio-8080-exec-9] DEBUG c.a.a.m.C.selectById - <==      Total: 1
2026-09-12 14:06:37.513 [http-nio-8080-exec-9] DEBUG c.a.a.m.C.updateById - ==>  Preparing: UPDATE conversation SET title=?, user_id=?, created_at=?, updated_at=? WHERE id=?
2026-09-12 14:06:37.514 [http-nio-8080-exec-9] DEBUG c.a.a.m.C.updateById - ==> Parameters: 请帮我出几道关于数据库学科/知识点的选择题(String), 2(String), 2026-09-12T11:28:20.197609(LocalDateTime), 2026-09-12T14:06:37.511094(LocalDateTime), 43(Integer)
2026-09-12 14:06:37.519 [http-nio-8080-exec-9] DEBUG c.a.a.m.C.updateById - <==    Updates: 1
2026-09-12 14:06:37.521 [http-nio-8080-exec-9] DEBUG c.a.a.mapper.MessageMapper.insert - ==>  Preparing: INSERT INTO message ( conversation_id, role, content ) VALUES ( ?, ?, ? )
2026-09-12 14:06:37.521 [http-nio-8080-exec-9] DEBUG c.a.a.mapper.MessageMapper.insert - ==> Parameters: 43(Integer), user(String), 请帮我出几道关于数据库学科/知识点的选择题(String)
2026-09-12 14:06:37.523 [http-nio-8080-exec-9] DEBUG c.a.a.mapper.MessageMapper.insert - <==    Updates: 1
2026-09-12 14:06:37.526 [http-nio-8080-exec-9] DEBUG c.a.a.m.MessageMapper.selectList - ==>  Preparing: SELECT id,conversation_id,role,content,intent,created_at FROM message WHERE (conversation_id = ?) ORDER BY created_at ASC LIMIT 10
2026-09-12 14:06:37.526 [http-nio-8080-exec-9] DEBUG c.a.a.m.MessageMapper.selectList - ==> Parameters: 43(Integer)
2026-09-12 14:06:37.527 [http-nio-8080-exec-9] DEBUG c.a.a.m.MessageMapper.selectList - <==      Total: 1
2026-09-12 14:06:37.532 [http-nio-8080-exec-9] WARN  o.s.a.r.a.SpringAiRetryAutoConfiguration - Retry error. Retry count: 1, Exception: I/O error on POST request for "https://dashscope.aliyuncs.com/api/v1/services/aigc/text-generation/generation": dashscope.aliyuncs.com
org.springframework.web.client.ResourceAccessException: I/O error on POST request for "https://dashscope.aliyuncs.com/api/v1/services/aigc/text-generation/generation": dashscope.aliyuncs.com
	at org.springframework.web.client.DefaultRestClient$DefaultRequestBodyUriSpec.createResourceAccessException(DefaultRestClient.java:584)
	at org.springframework.web.client.DefaultRestClient$DefaultRequestBodyUriSpec.exchangeInternal(DefaultRestClient.java:498)
	at org.springframework.web.client.DefaultRestClient$DefaultRequestBodyUriSpec.retrieve(DefaultRestClient.java:458)
	at com.alibaba.cloud.ai.dashscope.api.DashScopeApi.chatCompletionEntity(DashScopeApi.java:1382)
	at com.alibaba.cloud.ai.dashscope.chat.DashScopeChatModel.lambda$internalCall$1(DashScopeChatModel.java:183)
	at org.springframework.retry.support.RetryTemplate.doExecute(RetryTemplate.java:344)
	at org.springframework.retry.support.RetryTemplate.execute(RetryTemplate.java:217)
	at com.alibaba.cloud.ai.dashscope.chat.DashScopeChatModel.lambda$internalCall$2(DashScopeChatModel.java:183)
	at io.micrometer.observation.Observation.observe(Observation.java:565)
	at com.alibaba.cloud.ai.dashscope.chat.DashScopeChatModel.internalCall(DashScopeChatModel.java:180)
	at com.alibaba.cloud.ai.dashscope.chat.DashScopeChatModel.call(DashScopeChatModel.java:161)
	at org.springframework.ai.chat.client.advisor.ChatModelCallAdvisor.adviseCall(ChatModelCallAdvisor.java:54)
	at org.springframework.ai.chat.client.advisor.DefaultAroundAdvisorChain.lambda$nextCall$1(DefaultAroundAdvisorChain.java:110)
	at io.micrometer.observation.Observation.observe(Observation.java:565)
	at org.springframework.ai.chat.client.advisor.DefaultAroundAdvisorChain.nextCall(DefaultAroundAdvisorChain.java:110)
	at org.springframework.ai.chat.client.DefaultChatClient$DefaultCallResponseSpec.lambda$doGetObservableChatClientResponse$1(DefaultChatClient.java:469)
	at io.micrometer.observation.Observation.observe(Observation.java:565)
	at org.springframework.ai.chat.client.DefaultChatClient$DefaultCallResponseSpec.doGetObservableChatClientResponse(DefaultChatClient.java:467)
	at org.springframework.ai.chat.client.DefaultChatClient$DefaultCallResponseSpec.doGetObservableChatClientResponse(DefaultChatClient.java:446)
	at org.springframework.ai.chat.client.DefaultChatClient$DefaultCallResponseSpec.content(DefaultChatClient.java:441)
	at com.aiservice.aireviewassistant.service.impl.ReviewAssistantAgent.analyzeIntentWithLlm(ReviewAssistantAgent.java:312)
	at com.aiservice.aireviewassistant.service.impl.ReviewAssistantAgent.recognizeIntent(ReviewAssistantAgent.java:300)
	at com.aiservice.aireviewassistant.service.impl.ReviewAssistantAgent.chatStream(ReviewAssistantAgent.java:221)
	at com.aiservice.aireviewassistant.controller.AgentController.stream(AgentController.java:43)
	at java.base/jdk.internal.reflect.DirectMethodHandleAccessor.invoke(DirectMethodHandleAccessor.java:103)
	at java.base/java.lang.reflect.Method.invoke(Method.java:580)
	at org.springframework.aop.support.AopUtils.invokeJoinpointUsingReflection(AopUtils.java:355)
	at org.springframework.aop.framework.ReflectiveMethodInvocation.invokeJoinpoint(ReflectiveMethodInvocation.java:196)
	at org.springframework.aop.framework.ReflectiveMethodInvocation.proceed(ReflectiveMethodInvocation.java:163)
	at org.springframework.aop.framework.CglibAopProxy$CglibMethodInvocation.proceed(CglibAopProxy.java:768)
	at org.springframework.validation.beanvalidation.MethodValidationInterceptor.invoke(MethodValidationInterceptor.java:174)
	at org.springframework.aop.framework.ReflectiveMethodInvocation.proceed(ReflectiveMethodInvocation.java:184)
	at org.springframework.aop.framework.CglibAopProxy$CglibMethodInvocation.proceed(CglibAopProxy.java:768)
	at org.springframework.aop.aspectj.MethodInvocationProceedingJoinPoint.proceed(MethodInvocationProceedingJoinPoint.java:89)
	at com.aiservice.aireviewassistant.aspect.RateLimitAspect.around(RateLimitAspect.java:30)
	at java.base/jdk.internal.reflect.DirectMethodHandleAccessor.invoke(DirectMethodHandleAccessor.java:103)
	at java.base/java.lang.reflect.Method.invoke(Method.java:580)
	at org.springframework.aop.aspectj.AbstractAspectJAdvice.invokeAdviceMethodWithGivenArgs(AbstractAspectJAdvice.java:637)
	at org.springframework.aop.aspectj.AbstractAspectJAdvice.invokeAdviceMethod(AbstractAspectJAdvice.java:627)
	at org.springframework.aop.aspectj.AspectJAroundAdvice.invoke(AspectJAroundAdvice.java:71)
	at org.springframework.aop.framework.ReflectiveMethodInvocation.proceed(ReflectiveMethodInvocation.java:173)
	at org.springframework.aop.framework.CglibAopProxy$CglibMethodInvocation.proceed(CglibAopProxy.java:768)
	at org.springframework.aop.interceptor.ExposeInvocationInterceptor.invoke(ExposeInvocationInterceptor.java:97)
	at org.springframework.aop.framework.ReflectiveMethodInvocation.proceed(ReflectiveMethodInvocation.java:184)
	at org.springframework.aop.framework.CglibAopProxy$CglibMethodInvocation.proceed(CglibAopProxy.java:768)
	at org.springframework.aop.framework.CglibAopProxy$DynamicAdvisedInterceptor.intercept(CglibAopProxy.java:720)
	at com.aiservice.aireviewassistant.controller.AgentController$$SpringCGLIB$$0.stream(<generated>)
	at java.base/jdk.internal.reflect.DirectMethodHandleAccessor.invoke(DirectMethodHandleAccessor.java:103)
	at java.base/java.lang.reflect.Method.invoke(Method.java:580)
	at org.springframework.web.method.support.InvocableHandlerMethod.doInvoke(InvocableHandlerMethod.java:255)
	at org.springframework.web.method.support.InvocableHandlerMethod.invokeForRequest(InvocableHandlerMethod.java:188)
	at org.springframework.web.servlet.mvc.method.annotation.ServletInvocableHandlerMethod.invokeAndHandle(ServletInvocableHandlerMethod.java:118)
	at org.springframework.web.servlet.mvc.method.annotation.RequestMappingHandlerAdapter.invokeHandlerMethod(RequestMappingHandlerAdapter.java:926)
	at org.springframework.web.servlet.mvc.method.annotation.RequestMappingHandlerAdapter.handleInternal(RequestMappingHandlerAdapter.java:831)
	at org.springframework.web.servlet.mvc.method.AbstractHandlerMethodAdapter.handle(AbstractHandlerMethodAdapter.java:87)
	at org.springframework.web.servlet.DispatcherServlet.doDispatch(DispatcherServlet.java:1089)
	at org.springframework.web.servlet.DispatcherServlet.doService(DispatcherServlet.java:979)
	at org.springframework.web.servlet.FrameworkServlet.processRequest(FrameworkServlet.java:1014)
	at org.springframework.web.servlet.FrameworkServlet.doGet(FrameworkServlet.java:903)
	at jakarta.servlet.http.HttpServlet.service(HttpServlet.java:564)
	at org.springframework.web.servlet.FrameworkServlet.service(FrameworkServlet.java:885)
	at jakarta.servlet.http.HttpServlet.service(HttpServlet.java:658)
	at org.apache.catalina.core.ApplicationFilterChain.internalDoFilter(ApplicationFilterChain.java:195)
	at org.apache.catalina.core.ApplicationFilterChain.doFilter(ApplicationFilterChain.java:140)
	at org.apache.tomcat.websocket.server.WsFilter.doFilter(WsFilter.java:51)
	at org.apache.catalina.core.ApplicationFilterChain.internalDoFilter(ApplicationFilterChain.java:164)
	at org.apache.catalina.core.ApplicationFilterChain.doFilter(ApplicationFilterChain.java:140)
	at org.springframework.web.filter.CompositeFilter$VirtualFilterChain.doFilter(CompositeFilter.java:108)
	at org.springframework.security.web.FilterChainProxy.lambda$doFilterInternal$3(FilterChainProxy.java:231)
	at org.springframework.security.web.ObservationFilterChainDecorator$FilterObservation$SimpleFilterObservation.lambda$wrap$1(ObservationFilterChainDecorator.java:479)
	at org.springframework.security.web.ObservationFilterChainDecorator$AroundFilterObservation$SimpleAroundFilterObservation.lambda$wrap$1(ObservationFilterChainDecorator.java:340)
	at org.springframework.security.web.ObservationFilterChainDecorator.lambda$wrapSecured$0(ObservationFilterChainDecorator.java:82)
	at org.springframework.security.web.ObservationFilterChainDecorator$VirtualFilterChain.doFilter(ObservationFilterChainDecorator.java:128)
	at org.springframework.security.web.access.intercept.AuthorizationFilter.doFilter(AuthorizationFilter.java:100)
	at org.springframework.security.web.ObservationFilterChainDecorator$ObservationFilter.wrapFilter(ObservationFilterChainDecorator.java:240)
	at org.springframework.security.web.ObservationFilterChainDecorator$ObservationFilter.doFilter(ObservationFilterChainDecorator.java:227)
	at org.springframework.security.web.ObservationFilterChainDecorator$VirtualFilterChain.doFilter(ObservationFilterChainDecorator.java:137)
	at org.springframework.security.web.access.ExceptionTranslationFilter.doFilter(ExceptionTranslationFilter.java:126)
	at org.springframework.security.web.access.ExceptionTranslationFilter.doFilter(ExceptionTranslationFilter.java:120)
	at org.springframework.security.web.ObservationFilterChainDecorator$ObservationFilter.wrapFilter(ObservationFilterChainDecorator.java:240)
	at org.springframework.security.web.ObservationFilterChainDecorator$ObservationFilter.doFilter(ObservationFilterChainDecorator.java:227)
	at org.springframework.security.web.ObservationFilterChainDecorator$VirtualFilterChain.doFilter(ObservationFilterChainDecorator.java:137)
	at org.springframework.security.web.session.SessionManagementFilter.doFilter(SessionManagementFilter.java:131)
	at org.springframework.security.web.session.SessionManagementFilter.doFilter(SessionManagementFilter.java:85)
	at org.springframework.security.web.ObservationFilterChainDecorator$ObservationFilter.wrapFilter(ObservationFilterChainDecorator.java:240)
	at org.springframework.security.web.ObservationFilterChainDecorator$ObservationFilter.doFilter(ObservationFilterChainDecorator.java:227)
	at org.springframework.security.web.ObservationFilterChainDecorator$VirtualFilterChain.doFilter(ObservationFilterChainDecorator.java:137)
	at org.springframework.security.web.authentication.AnonymousAuthenticationFilter.doFilter(AnonymousAuthenticationFilter.java:100)
	at org.springframework.security.web.ObservationFilterChainDecorator$ObservationFilter.wrapFilter(ObservationFilterChainDecorator.java:240)
	at org.springframework.security.web.ObservationFilterChainDecorator$ObservationFilter.doFilter(ObservationFilterChainDecorator.java:227)
	at org.springframework.security.web.ObservationFilterChainDecorator$VirtualFilterChain.doFilter(ObservationFilterChainDecorator.java:137)
	at org.springframework.security.web.servletapi.SecurityContextHolderAwareRequestFilter.doFilter(SecurityContextHolderAwareRequestFilter.java:179)
	at org.springframework.security.web.ObservationFilterChainDecorator$ObservationFilter.wrapFilter(ObservationFilterChainDecorator.java:240)
	at org.springframework.security.web.ObservationFilterChainDecorator$ObservationFilter.doFilter(ObservationFilterChainDecorator.java:227)
	at org.springframework.security.web.ObservationFilterChainDecorator$VirtualFilterChain.doFilter(ObservationFilterChainDecorator.java:137)
	at org.springframework.security.web.savedrequest.RequestCacheAwareFilter.doFilter(RequestCacheAwareFilter.java:63)
	at org.springframework.security.web.ObservationFilterChainDecorator$ObservationFilter.wrapFilter(ObservationFilterChainDecorator.java:240)
	at org.springframework.security.web.ObservationFilterChainDecorator$ObservationFilter.doFilter(ObservationFilterChainDecorator.java:227)
	at org.springframework.security.web.ObservationFilterChainDecorator$VirtualFilterChain.doFilter(ObservationFilterChainDecorator.java:137)
	at com.aiservice.aireviewassistant.security.JwtAuthenticationFilter.doFilterInternal(JwtAuthenticationFilter.java:54)
	at org.springframework.web.filter.OncePerRequestFilter.doFilter(OncePerRequestFilter.java:116)
	at org.springframework.security.web.ObservationFilterChainDecorator$ObservationFilter.wrapFilter(ObservationFilterChainDecorator.java:240)
	at org.springframework.security.web.ObservationFilterChainDecorator$ObservationFilter.doFilter(ObservationFilterChainDecorator.java:227)
	at org.springframework.security.web.ObservationFilterChainDecorator$VirtualFilterChain.doFilter(ObservationFilterChainDecorator.java:137)
	at org.springframework.security.web.authentication.logout.LogoutFilter.doFilter(LogoutFilter.java:107)
	at org.springframework.security.web.authentication.logout.LogoutFilter.doFilter(LogoutFilter.java:93)
	at org.springframework.security.web.ObservationFilterChainDecorator$ObservationFilter.wrapFilter(ObservationFilterChainDecorator.java:240)
	at org.springframework.security.web.ObservationFilterChainDecorator$ObservationFilter.doFilter(ObservationFilterChainDecorator.java:227)
	at org.springframework.security.web.ObservationFilterChainDecorator$VirtualFilterChain.doFilter(ObservationFilterChainDecorator.java:137)
	at org.springframework.security.web.header.HeaderWriterFilter.doHeadersAfter(HeaderWriterFilter.java:90)
	at org.springframework.security.web.header.HeaderWriterFilter.doFilterInternal(HeaderWriterFilter.java:75)
	at org.springframework.web.filter.OncePerRequestFilter.doFilter(OncePerRequestFilter.java:116)
	at org.springframework.security.web.ObservationFilterChainDecorator$ObservationFilter.wrapFilter(ObservationFilterChainDecorator.java:240)
	at org.springframework.security.web.ObservationFilterChainDecorator$ObservationFilter.doFilter(ObservationFilterChainDecorator.java:227)
	at org.springframework.security.web.ObservationFilterChainDecorator$VirtualFilterChain.doFilter(ObservationFilterChainDecorator.java:137)
	at org.springframework.security.web.context.SecurityContextHolderFilter.doFilter(SecurityContextHolderFilter.java:82)
	at org.springframework.security.web.context.SecurityContextHolderFilter.doFilter(SecurityContextHolderFilter.java:69)
	at org.springframework.security.web.ObservationFilterChainDecorator$ObservationFilter.wrapFilter(ObservationFilterChainDecorator.java:240)
	at org.springframework.security.web.ObservationFilterChainDecorator$ObservationFilter.doFilter(ObservationFilterChainDecorator.java:227)
	at org.springframework.security.web.ObservationFilterChainDecorator$VirtualFilterChain.doFilter(ObservationFilterChainDecorator.java:137)
	at org.springframework.security.web.context.request.async.WebAsyncManagerIntegrationFilter.doFilterInternal(WebAsyncManagerIntegrationFilter.java:62)
	at org.springframework.web.filter.OncePerRequestFilter.doFilter(OncePerRequestFilter.java:116)
	at org.springframework.security.web.ObservationFilterChainDecorator$ObservationFilter.wrapFilter(ObservationFilterChainDecorator.java:240)
	at org.springframework.security.web.ObservationFilterChainDecorator$ObservationFilter.doFilter(ObservationFilterChainDecorator.java:227)
	at org.springframework.security.web.ObservationFilterChainDecorator$VirtualFilterChain.doFilter(ObservationFilterChainDecorator.java:137)
	at org.springframework.security.web.session.DisableEncodeUrlFilter.doFilterInternal(DisableEncodeUrlFilter.java:42)
	at org.springframework.web.filter.OncePerRequestFilter.doFilter(OncePerRequestFilter.java:116)
	at org.springframework.security.web.ObservationFilterChainDecorator$ObservationFilter.wrapFilter(ObservationFilterChainDecorator.java:240)
	at org.springframework.security.web.ObservationFilterChainDecorator$AroundFilterObservation$SimpleAroundFilterObservation.lambda$wrap$0(ObservationFilterChainDecorator.java:323)
	at org.springframework.security.web.ObservationFilterChainDecorator$ObservationFilter.doFilter(ObservationFilterChainDecorator.java:224)
	at org.springframework.security.web.ObservationFilterChainDecorator$VirtualFilterChain.doFilter(ObservationFilterChainDecorator.java:137)
	at org.springframework.security.web.FilterChainProxy.doFilterInternal(FilterChainProxy.java:233)
	at org.springframework.security.web.FilterChainProxy.doFilter(FilterChainProxy.java:191)
	at org.springframework.web.filter.CompositeFilter$VirtualFilterChain.doFilter(CompositeFilter.java:113)
	at org.springframework.web.servlet.handler.HandlerMappingIntrospector.lambda$createCacheFilter$3(HandlerMappingIntrospector.java:195)
	at org.springframework.web.filter.CompositeFilter$VirtualFilterChain.doFilter(CompositeFilter.java:113)
	at org.springframework.web.filter.CompositeFilter.doFilter(CompositeFilter.java:74)
	at org.springframework.security.config.annotation.web.configuration.WebMvcSecurityConfiguration$CompositeFilterChainProxy.doFilter(WebMvcSecurityConfiguration.java:230)
	at org.springframework.web.filter.DelegatingFilterProxy.invokeDelegate(DelegatingFilterProxy.java:352)
	at org.springframework.web.filter.DelegatingFilterProxy.doFilter(DelegatingFilterProxy.java:268)
	at org.apache.catalina.core.ApplicationFilterChain.internalDoFilter(ApplicationFilterChain.java:164)
	at org.apache.catalina.core.ApplicationFilterChain.doFilter(ApplicationFilterChain.java:140)
	at org.springframework.web.filter.RequestContextFilter.doFilterInternal(RequestContextFilter.java:100)
	at org.springframework.web.filter.OncePerRequestFilter.doFilter(OncePerRequestFilter.java:116)
	at org.apache.catalina.core.ApplicationFilterChain.internalDoFilter(ApplicationFilterChain.java:164)
	at org.apache.catalina.core.ApplicationFilterChain.doFilter(ApplicationFilterChain.java:140)
	at org.springframework.web.filter.FormContentFilter.doFilterInternal(FormContentFilter.java:93)
	at org.springframework.web.filter.OncePerRequestFilter.doFilter(OncePerRequestFilter.java:116)
	at org.apache.catalina.core.ApplicationFilterChain.internalDoFilter(ApplicationFilterChain.java:164)
	at org.apache.catalina.core.ApplicationFilterChain.doFilter(ApplicationFilterChain.java:140)
	at org.springframework.web.filter.ServerHttpObservationFilter.doFilterInternal(ServerHttpObservationFilter.java:113)
	at org.springframework.web.filter.OncePerRequestFilter.doFilter(OncePerRequestFilter.java:116)
	at org.apache.catalina.core.ApplicationFilterChain.internalDoFilter(ApplicationFilterChain.java:164)
	at org.apache.catalina.core.ApplicationFilterChain.doFilter(ApplicationFilterChain.java:140)
	at org.springframework.web.filter.CharacterEncodingFilter.doFilterInternal(CharacterEncodingFilter.java:201)
	at org.springframework.web.filter.OncePerRequestFilter.doFilter(OncePerRequestFilter.java:116)
	at org.apache.catalina.core.ApplicationFilterChain.internalDoFilter(ApplicationFilterChain.java:164)
	at org.apache.catalina.core.ApplicationFilterChain.doFilter(ApplicationFilterChain.java:140)
	at org.apache.catalina.core.StandardWrapperValve.invoke(StandardWrapperValve.java:167)
	at org.apache.catalina.core.StandardContextValve.invoke(StandardContextValve.java:90)
	at org.apache.catalina.authenticator.AuthenticatorBase.invoke(AuthenticatorBase.java:483)
	at org.apache.catalina.core.StandardHostValve.invoke(StandardHostValve.java:115)
	at org.apache.catalina.valves.ErrorReportValve.invoke(ErrorReportValve.java:93)
	at org.apache.catalina.core.StandardEngineValve.invoke(StandardEngineValve.java:74)
	at org.apache.catalina.connector.CoyoteAdapter.service(CoyoteAdapter.java:344)
	at org.apache.coyote.http11.Http11Processor.service(Http11Processor.java:384)
	at org.apache.coyote.AbstractProcessorLight.process(AbstractProcessorLight.java:63)
	at org.apache.coyote.AbstractProtocol$ConnectionHandler.process(AbstractProtocol.java:905)
	at org.apache.tomcat.util.net.NioEndpoint$SocketProcessor.doRun(NioEndpoint.java:1741)
	at org.apache.tomcat.util.net.SocketProcessorBase.run(SocketProcessorBase.java:52)
	at org.apache.tomcat.util.threads.ThreadPoolExecutor.runWorker(ThreadPoolExecutor.java:1190)
	at org.apache.tomcat.util.threads.ThreadPoolExecutor$Worker.run(ThreadPoolExecutor.java:659)
	at org.apache.tomcat.util.threads.TaskThread$WrappingRunnable.run(TaskThread.java:63)
	at java.base/java.lang.Thread.run(Thread.java:1570)
Caused by: java.net.UnknownHostException: dashscope.aliyuncs.com
	at java.base/sun.nio.ch.NioSocketImpl.connect(NioSocketImpl.java:567)
	at java.base/java.net.SocksSocketImpl.connect(SocksSocketImpl.java:327)
	at java.base/java.net.Socket.connect(Socket.java:752)
	at java.base/sun.security.ssl.SSLSocketImpl.connect(SSLSocketImpl.java:304)
	at java.base/sun.net.NetworkClient.doConnect(NetworkClient.java:178)
	at java.base/sun.net.www.http.HttpClient.openServer(HttpClient.java:531)
	at java.base/sun.net.www.http.HttpClient.openServer(HttpClient.java:636)
	at java.base/sun.net.www.protocol.https.HttpsClient.<init>(HttpsClient.java:264)
	at java.base/sun.net.www.protocol.https.HttpsClient.New(HttpsClient.java:377)
	at java.base/sun.net.www.protocol.https.AbstractDelegateHttpsURLConnection.getNewHttpClient(AbstractDelegateHttpsURLConnection.java:193)
	at java.base/sun.net.www.protocol.http.HttpURLConnection.plainConnect0(HttpURLConnection.java:1243)
	at java.base/sun.net.www.protocol.http.HttpURLConnection.plainConnect(HttpURLConnection.java:1129)
	at java.base/sun.net.www.protocol.https.AbstractDelegateHttpsURLConnection.connect(AbstractDelegateHttpsURLConnection.java:179)
	at java.base/sun.net.www.protocol.https.HttpsURLConnectionImpl.connect(HttpsURLConnectionImpl.java:141)
	at org.springframework.http.client.SimpleClientHttpRequest.executeInternal(SimpleClientHttpRequest.java:79)
	at org.springframework.http.client.AbstractStreamingClientHttpRequest.executeInternal(AbstractStreamingClientHttpRequest.java:70)
	at org.springframework.http.client.AbstractClientHttpRequest.execute(AbstractClientHttpRequest.java:66)
	at org.springframework.web.client.DefaultRestClient$DefaultRequestBodyUriSpec.exchangeInternal(DefaultRestClient.java:492)
	... 172 common frames omitted
2026-09-12 14:06:52.551 [http-nio-8080-exec-9] WARN  o.s.a.r.a.SpringAiRetryAutoConfiguration - Retry error. Retry count: 2, Exception: I/O error on POST request for "https://dashscope.aliyuncs.com/api/v1/services/aigc/text-generation/generation": dashscope.aliyuncs.com
org.springframework.web.client.ResourceAccessException: I/O error on POST request for "https://dashscope.aliyuncs.com/api/v1/services/aigc/text-generation/generation": dashscope.aliyuncs.com
	at org.springframework.web.client.DefaultRestClient$DefaultRequestBodyUriSpec.createResourceAccessException(DefaultRestClient.java:584)
	at org.springframework.web.client.DefaultRestClient$DefaultRequestBodyUriSpec.exchangeInternal(DefaultRestClient.java:498)
	at org.springframework.web.client.DefaultRestClient$DefaultRequestBodyUriSpec.retrieve(DefaultRestClient.java:458)
	at com.alibaba.cloud.ai.dashscope.api.DashScopeApi.chatCompletionEntity(DashScopeApi.java:1382)
	at com.alibaba.cloud.ai.dashscope.chat.DashScopeChatModel.lambda$internalCall$1(DashScopeChatModel.java:183)
	at org.springframework.retry.support.RetryTemplate.doExecute(RetryTemplate.java:344)
	at org.springframework.retry.support.RetryTemplate.execute(RetryTemplate.java:217)
	at com.alibaba.cloud.ai.dashscope.chat.DashScopeChatModel.lambda$internalCall$2(DashScopeChatModel.java:183)
	at io.micrometer.observation.Observation.observe(Observation.java:565)
	at com.alibaba.cloud.ai.dashscope.chat.DashScopeChatModel.internalCall(DashScopeChatModel.java:180)
	at com.alibaba.cloud.ai.dashscope.chat.DashScopeChatModel.call(DashScopeChatModel.java:161)
	at org.springframework.ai.chat.client.advisor.ChatModelCallAdvisor.adviseCall(ChatModelCallAdvisor.java:54)
	at org.springframework.ai.chat.client.advisor.DefaultAroundAdvisorChain.lambda$nextCall$1(DefaultAroundAdvisorChain.java:110)
	at io.micrometer.observation.Observation.observe(Observation.java:565)
	at org.springframework.ai.chat.client.advisor.DefaultAroundAdvisorChain.nextCall(DefaultAroundAdvisorChain.java:110)
	at org.springframework.ai.chat.client.DefaultChatClient$DefaultCallResponseSpec.lambda$doGetObservableChatClientResponse$1(DefaultChatClient.java:469)
	at io.micrometer.observation.Observation.observe(Observation.java:565)
	at org.springframework.ai.chat.client.DefaultChatClient$DefaultCallResponseSpec.doGetObservableChatClientResponse(DefaultChatClient.java:467)
	at org.springframework.ai.chat.client.DefaultChatClient$DefaultCallResponseSpec.doGetObservableChatClientResponse(DefaultChatClient.java:446)
	at org.springframework.ai.chat.client.DefaultChatClient$DefaultCallResponseSpec.content(DefaultChatClient.java:441)
	at com.aiservice.aireviewassistant.service.impl.ReviewAssistantAgent.analyzeIntentWithLlm(ReviewAssistantAgent.java:312)
	at com.aiservice.aireviewassistant.service.impl.ReviewAssistantAgent.recognizeIntent(ReviewAssistantAgent.java:300)
	at com.aiservice.aireviewassistant.service.impl.ReviewAssistantAgent.chatStream(ReviewAssistantAgent.java:221)
	at com.aiservice.aireviewassistant.controller.AgentController.stream(AgentController.java:43)
	at java.base/jdk.internal.reflect.DirectMethodHandleAccessor.invoke(DirectMethodHandleAccessor.java:103)
	at java.base/java.lang.reflect.Method.invoke(Method.java:580)
	at org.springframework.aop.support.AopUtils.invokeJoinpointUsingReflection(AopUtils.java:355)
	at org.springframework.aop.framework.ReflectiveMethodInvocation.invokeJoinpoint(ReflectiveMethodInvocation.java:196)
	at org.springframework.aop.framework.ReflectiveMethodInvocation.proceed(ReflectiveMethodInvocation.java:163)
	at org.springframework.aop.framework.CglibAopProxy$CglibMethodInvocation.proceed(CglibAopProxy.java:768)
	at org.springframework.validation.beanvalidation.MethodValidationInterceptor.invoke(MethodValidationInterceptor.java:174)
	at org.springframework.aop.framework.ReflectiveMethodInvocation.proceed(ReflectiveMethodInvocation.java:184)
	at org.springframework.aop.framework.CglibAopProxy$CglibMethodInvocation.proceed(CglibAopProxy.java:768)
	at org.springframework.aop.aspectj.MethodInvocationProceedingJoinPoint.proceed(MethodInvocationProceedingJoinPoint.java:89)
	at com.aiservice.aireviewassistant.aspect.RateLimitAspect.around(RateLimitAspect.java:30)
	at java.base/jdk.internal.reflect.DirectMethodHandleAccessor.invoke(DirectMethodHandleAccessor.java:103)
	at java.base/java.lang.reflect.Method.invoke(Method.java:580)
	at org.springframework.aop.aspectj.AbstractAspectJAdvice.invokeAdviceMethodWithGivenArgs(AbstractAspectJAdvice.java:637)
	at org.springframework.aop.aspectj.AbstractAspectJAdvice.invokeAdviceMethod(AbstractAspectJAdvice.java:627)
	at org.springframework.aop.aspectj.AspectJAroundAdvice.invoke(AspectJAroundAdvice.java:71)
	at org.springframework.aop.framework.ReflectiveMethodInvocation.proceed(ReflectiveMethodInvocation.java:173)
	at org.springframework.aop.framework.CglibAopProxy$CglibMethodInvocation.proceed(CglibAopProxy.java:768)
	at org.springframework.aop.interceptor.ExposeInvocationInterceptor.invoke(ExposeInvocationInterceptor.java:97)
	at org.springframework.aop.framework.ReflectiveMethodInvocation.proceed(ReflectiveMethodInvocation.java:184)
	at org.springframework.aop.framework.CglibAopProxy$CglibMethodInvocation.proceed(CglibAopProxy.java:768)
	at org.springframework.aop.framework.CglibAopProxy$DynamicAdvisedInterceptor.intercept(CglibAopProxy.java:720)
	at com.aiservice.aireviewassistant.controller.AgentController$$SpringCGLIB$$0.stream(<generated>)
	at java.base/jdk.internal.reflect.DirectMethodHandleAccessor.invoke(DirectMethodHandleAccessor.java:103)
	at java.base/java.lang.reflect.Method.invoke(Method.java:580)
	at org.springframework.web.method.support.InvocableHandlerMethod.doInvoke(InvocableHandlerMethod.java:255)
	at org.springframework.web.method.support.InvocableHandlerMethod.invokeForRequest(InvocableHandlerMethod.java:188)
	at org.springframework.web.servlet.mvc.method.annotation.ServletInvocableHandlerMethod.invokeAndHandle(ServletInvocableHandlerMethod.java:118)
	at org.springframework.web.servlet.mvc.method.annotation.RequestMappingHandlerAdapter.invokeHandlerMethod(RequestMappingHandlerAdapter.java:926)
	at org.springframework.web.servlet.mvc.method.annotation.RequestMappingHandlerAdapter.handleInternal(RequestMappingHandlerAdapter.java:831)
	at org.springframework.web.servlet.mvc.method.AbstractHandlerMethodAdapter.handle(AbstractHandlerMethodAdapter.java:87)
	at org.springframework.web.servlet.DispatcherServlet.doDispatch(DispatcherServlet.java:1089)
	at org.springframework.web.servlet.DispatcherServlet.doService(DispatcherServlet.java:979)
	at org.springframework.web.servlet.FrameworkServlet.processRequest(FrameworkServlet.java:1014)
	at org.springframework.web.servlet.FrameworkServlet.doGet(FrameworkServlet.java:903)
	at jakarta.servlet.http.HttpServlet.service(HttpServlet.java:564)
	at org.springframework.web.servlet.FrameworkServlet.service(FrameworkServlet.java:885)
	at jakarta.servlet.http.HttpServlet.service(HttpServlet.java:658)
	at org.apache.catalina.core.ApplicationFilterChain.internalDoFilter(ApplicationFilterChain.java:195)
	at org.apache.catalina.core.ApplicationFilterChain.doFilter(ApplicationFilterChain.java:140)
	at org.apache.tomcat.websocket.server.WsFilter.doFilter(WsFilter.java:51)
	at org.apache.catalina.core.ApplicationFilterChain.internalDoFilter(ApplicationFilterChain.java:164)
	at org.apache.catalina.core.ApplicationFilterChain.doFilter(ApplicationFilterChain.java:140)
	at org.springframework.web.filter.CompositeFilter$VirtualFilterChain.doFilter(CompositeFilter.java:108)
	at org.springframework.security.web.FilterChainProxy.lambda$doFilterInternal$3(FilterChainProxy.java:231)
	at org.springframework.security.web.ObservationFilterChainDecorator$FilterObservation$SimpleFilterObservation.lambda$wrap$1(ObservationFilterChainDecorator.java:479)
	at org.springframework.security.web.ObservationFilterChainDecorator$AroundFilterObservation$SimpleAroundFilterObservation.lambda$wrap$1(ObservationFilterChainDecorator.java:340)
	at org.springframework.security.web.ObservationFilterChainDecorator.lambda$wrapSecured$0(ObservationFilterChainDecorator.java:82)
	at org.springframework.security.web.ObservationFilterChainDecorator$VirtualFilterChain.doFilter(ObservationFilterChainDecorator.java:128)
	at org.springframework.security.web.access.intercept.AuthorizationFilter.doFilter(AuthorizationFilter.java:100)
	at org.springframework.security.web.ObservationFilterChainDecorator$ObservationFilter.wrapFilter(ObservationFilterChainDecorator.java:240)
	at org.springframework.security.web.ObservationFilterChainDecorator$ObservationFilter.doFilter(ObservationFilterChainDecorator.java:227)
	at org.springframework.security.web.ObservationFilterChainDecorator$VirtualFilterChain.doFilter(ObservationFilterChainDecorator.java:137)
	at org.springframework.security.web.access.ExceptionTranslationFilter.doFilter(ExceptionTranslationFilter.java:126)
	at org.springframework.security.web.access.ExceptionTranslationFilter.doFilter(ExceptionTranslationFilter.java:120)
	at org.springframework.security.web.ObservationFilterChainDecorator$ObservationFilter.wrapFilter(ObservationFilterChainDecorator.java:240)
	at org.springframework.security.web.ObservationFilterChainDecorator$ObservationFilter.doFilter(ObservationFilterChainDecorator.java:227)
	at org.springframework.security.web.ObservationFilterChainDecorator$VirtualFilterChain.doFilter(ObservationFilterChainDecorator.java:137)
	at org.springframework.security.web.session.SessionManagementFilter.doFilter(SessionManagementFilter.java:131)
	at org.springframework.security.web.session.SessionManagementFilter.doFilter(SessionManagementFilter.java:85)
	at org.springframework.security.web.ObservationFilterChainDecorator$ObservationFilter.wrapFilter(ObservationFilterChainDecorator.java:240)
	at org.springframework.security.web.ObservationFilterChainDecorator$ObservationFilter.doFilter(ObservationFilterChainDecorator.java:227)
	at org.springframework.security.web.ObservationFilterChainDecorator$VirtualFilterChain.doFilter(ObservationFilterChainDecorator.java:137)
	at org.springframework.security.web.authentication.AnonymousAuthenticationFilter.doFilter(AnonymousAuthenticationFilter.java:100)
	at org.springframework.security.web.ObservationFilterChainDecorator$ObservationFilter.wrapFilter(ObservationFilterChainDecorator.java:240)
	at org.springframework.security.web.ObservationFilterChainDecorator$ObservationFilter.doFilter(ObservationFilterChainDecorator.java:227)
	at org.springframework.security.web.ObservationFilterChainDecorator$VirtualFilterChain.doFilter(ObservationFilterChainDecorator.java:137)
	at org.springframework.security.web.servletapi.SecurityContextHolderAwareRequestFilter.doFilter(SecurityContextHolderAwareRequestFilter.java:179)
	at org.springframework.security.web.ObservationFilterChainDecorator$ObservationFilter.wrapFilter(ObservationFilterChainDecorator.java:240)
	at org.springframework.security.web.ObservationFilterChainDecorator$ObservationFilter.doFilter(ObservationFilterChainDecorator.java:227)
	at org.springframework.security.web.ObservationFilterChainDecorator$VirtualFilterChain.doFilter(ObservationFilterChainDecorator.java:137)
	at org.springframework.security.web.savedrequest.RequestCacheAwareFilter.doFilter(RequestCacheAwareFilter.java:63)
	at org.springframework.security.web.ObservationFilterChainDecorator$ObservationFilter.wrapFilter(ObservationFilterChainDecorator.java:240)
	at org.springframework.security.web.ObservationFilterChainDecorator$ObservationFilter.doFilter(ObservationFilterChainDecorator.java:227)
	at org.springframework.security.web.ObservationFilterChainDecorator$VirtualFilterChain.doFilter(ObservationFilterChainDecorator.java:137)
	at com.aiservice.aireviewassistant.security.JwtAuthenticationFilter.doFilterInternal(JwtAuthenticationFilter.java:54)
	at org.springframework.web.filter.OncePerRequestFilter.doFilter(OncePerRequestFilter.java:116)
	at org.springframework.security.web.ObservationFilterChainDecorator$ObservationFilter.wrapFilter(ObservationFilterChainDecorator.java:240)
	at org.springframework.security.web.ObservationFilterChainDecorator$ObservationFilter.doFilter(ObservationFilterChainDecorator.java:227)
	at org.springframework.security.web.ObservationFilterChainDecorator$VirtualFilterChain.doFilter(ObservationFilterChainDecorator.java:137)
	at org.springframework.security.web.authentication.logout.LogoutFilter.doFilter(LogoutFilter.java:107)
	at org.springframework.security.web.authentication.logout.LogoutFilter.doFilter(LogoutFilter.java:93)
	at org.springframework.security.web.ObservationFilterChainDecorator$ObservationFilter.wrapFilter(ObservationFilterChainDecorator.java:240)
	at org.springframework.security.web.ObservationFilterChainDecorator$ObservationFilter.doFilter(ObservationFilterChainDecorator.java:227)
	at org.springframework.security.web.ObservationFilterChainDecorator$VirtualFilterChain.doFilter(ObservationFilterChainDecorator.java:137)
	at org.springframework.security.web.header.HeaderWriterFilter.doHeadersAfter(HeaderWriterFilter.java:90)
	at org.springframework.security.web.header.HeaderWriterFilter.doFilterInternal(HeaderWriterFilter.java:75)
	at org.springframework.web.filter.OncePerRequestFilter.doFilter(OncePerRequestFilter.java:116)
	at org.springframework.security.web.ObservationFilterChainDecorator$ObservationFilter.wrapFilter(ObservationFilterChainDecorator.java:240)
	at org.springframework.security.web.ObservationFilterChainDecorator$ObservationFilter.doFilter(ObservationFilterChainDecorator.java:227)
	at org.springframework.security.web.ObservationFilterChainDecorator$VirtualFilterChain.doFilter(ObservationFilterChainDecorator.java:137)
	at org.springframework.security.web.context.SecurityContextHolderFilter.doFilter(SecurityContextHolderFilter.java:82)
	at org.springframework.security.web.context.SecurityContextHolderFilter.doFilter(SecurityContextHolderFilter.java:69)
	at org.springframework.security.web.ObservationFilterChainDecorator$ObservationFilter.wrapFilter(ObservationFilterChainDecorator.java:240)
	at org.springframework.security.web.ObservationFilterChainDecorator$ObservationFilter.doFilter(ObservationFilterChainDecorator.java:227)
	at org.springframework.security.web.ObservationFilterChainDecorator$VirtualFilterChain.doFilter(ObservationFilterChainDecorator.java:137)
	at org.springframework.security.web.context.request.async.WebAsyncManagerIntegrationFilter.doFilterInternal(WebAsyncManagerIntegrationFilter.java:62)
	at org.springframework.web.filter.OncePerRequestFilter.doFilter(OncePerRequestFilter.java:116)
	at org.springframework.security.web.ObservationFilterChainDecorator$ObservationFilter.wrapFilter(ObservationFilterChainDecorator.java:240)
	at org.springframework.security.web.ObservationFilterChainDecorator$ObservationFilter.doFilter(ObservationFilterChainDecorator.java:227)
	at org.springframework.security.web.ObservationFilterChainDecorator$VirtualFilterChain.doFilter(ObservationFilterChainDecorator.java:137)
	at org.springframework.security.web.session.DisableEncodeUrlFilter.doFilterInternal(DisableEncodeUrlFilter.java:42)
	at org.springframework.web.filter.OncePerRequestFilter.doFilter(OncePerRequestFilter.java:116)
	at org.springframework.security.web.ObservationFilterChainDecorator$ObservationFilter.wrapFilter(ObservationFilterChainDecorator.java:240)
	at org.springframework.security.web.ObservationFilterChainDecorator$AroundFilterObservation$SimpleAroundFilterObservation.lambda$wrap$0(ObservationFilterChainDecorator.java:323)
	at org.springframework.security.web.ObservationFilterChainDecorator$ObservationFilter.doFilter(ObservationFilterChainDecorator.java:224)
	at org.springframework.security.web.ObservationFilterChainDecorator$VirtualFilterChain.doFilter(ObservationFilterChainDecorator.java:137)
	at org.springframework.security.web.FilterChainProxy.doFilterInternal(FilterChainProxy.java:233)
	at org.springframework.security.web.FilterChainProxy.doFilter(FilterChainProxy.java:191)
	at org.springframework.web.filter.CompositeFilter$VirtualFilterChain.doFilter(CompositeFilter.java:113)
	at org.springframework.web.servlet.handler.HandlerMappingIntrospector.lambda$createCacheFilter$3(HandlerMappingIntrospector.java:195)
	at org.springframework.web.filter.CompositeFilter$VirtualFilterChain.doFilter(CompositeFilter.java:113)
	at org.springframework.web.filter.CompositeFilter.doFilter(CompositeFilter.java:74)
	at org.springframework.security.config.annotation.web.configuration.WebMvcSecurityConfiguration$CompositeFilterChainProxy.doFilter(WebMvcSecurityConfiguration.java:230)
	at org.springframework.web.filter.DelegatingFilterProxy.invokeDelegate(DelegatingFilterProxy.java:352)
	at org.springframework.web.filter.DelegatingFilterProxy.doFilter(DelegatingFilterProxy.java:268)
	at org.apache.catalina.core.ApplicationFilterChain.internalDoFilter(ApplicationFilterChain.java:164)
	at org.apache.catalina.core.ApplicationFilterChain.doFilter(ApplicationFilterChain.java:140)
	at org.springframework.web.filter.RequestContextFilter.doFilterInternal(RequestContextFilter.java:100)
	at org.springframework.web.filter.OncePerRequestFilter.doFilter(OncePerRequestFilter.java:116)
	at org.apache.catalina.core.ApplicationFilterChain.internalDoFilter(ApplicationFilterChain.java:164)
	at org.apache.catalina.core.ApplicationFilterChain.doFilter(ApplicationFilterChain.java:140)
	at org.springframework.web.filter.FormContentFilter.doFilterInternal(FormContentFilter.java:93)
	at org.springframework.web.filter.OncePerRequestFilter.doFilter(OncePerRequestFilter.java:116)
	at org.apache.catalina.core.ApplicationFilterChain.internalDoFilter(ApplicationFilterChain.java:164)
	at org.apache.catalina.core.ApplicationFilterChain.doFilter(ApplicationFilterChain.java:140)
	at org.springframework.web.filter.ServerHttpObservationFilter.doFilterInternal(ServerHttpObservationFilter.java:113)
	at org.springframework.web.filter.OncePerRequestFilter.doFilter(OncePerRequestFilter.java:116)
	at org.apache.catalina.core.ApplicationFilterChain.internalDoFilter(ApplicationFilterChain.java:164)
	at org.apache.catalina.core.ApplicationFilterChain.doFilter(ApplicationFilterChain.java:140)
	at org.springframework.web.filter.CharacterEncodingFilter.doFilterInternal(CharacterEncodingFilter.java:201)
	at org.springframework.web.filter.OncePerRequestFilter.doFilter(OncePerRequestFilter.java:116)
	at org.apache.catalina.core.ApplicationFilterChain.internalDoFilter(ApplicationFilterChain.java:164)
	at org.apache.catalina.core.ApplicationFilterChain.doFilter(ApplicationFilterChain.java:140)
	at org.apache.catalina.core.StandardWrapperValve.invoke(StandardWrapperValve.java:167)
	at org.apache.catalina.core.StandardContextValve.invoke(StandardContextValve.java:90)
	at org.apache.catalina.authenticator.AuthenticatorBase.invoke(AuthenticatorBase.java:483)
	at org.apache.catalina.core.StandardHostValve.invoke(StandardHostValve.java:115)
	at org.apache.catalina.valves.ErrorReportValve.invoke(ErrorReportValve.java:93)
	at org.apache.catalina.core.StandardEngineValve.invoke(StandardEngineValve.java:74)
	at org.apache.catalina.connector.CoyoteAdapter.service(CoyoteAdapter.java:344)
	at org.apache.coyote.http11.Http11Processor.service(Http11Processor.java:384)
	at org.apache.coyote.AbstractProcessorLight.process(AbstractProcessorLight.java:63)
	at org.apache.coyote.AbstractProtocol$ConnectionHandler.process(AbstractProtocol.java:905)
	at org.apache.tomcat.util.net.NioEndpoint$SocketProcessor.doRun(NioEndpoint.java:1741)
	at org.apache.tomcat.util.net.SocketProcessorBase.run(SocketProcessorBase.java:52)
	at org.apache.tomcat.util.threads.ThreadPoolExecutor.runWorker(ThreadPoolExecutor.java:1190)
	at org.apache.tomcat.util.threads.ThreadPoolExecutor$Worker.run(ThreadPoolExecutor.java:659)
	at org.apache.tomcat.util.threads.TaskThread$WrappingRunnable.run(TaskThread.java:63)
	at java.base/java.lang.Thread.run(Thread.java:1570)
Caused by: java.net.UnknownHostException: dashscope.aliyuncs.com
	at java.base/sun.nio.ch.NioSocketImpl.connect(NioSocketImpl.java:567)
	at java.base/java.net.SocksSocketImpl.connect(SocksSocketImpl.java:327)
	at java.base/java.net.Socket.connect(Socket.java:752)
	at java.base/sun.security.ssl.SSLSocketImpl.connect(SSLSocketImpl.java:304)
	at java.base/sun.net.NetworkClient.doConnect(NetworkClient.java:178)
	at java.base/sun.net.www.http.HttpClient.openServer(HttpClient.java:531)
	at java.base/sun.net.www.http.HttpClient.openServer(HttpClient.java:636)
	at java.base/sun.net.www.protocol.https.HttpsClient.<init>(HttpsClient.java:264)
	at java.base/sun.net.www.protocol.https.HttpsClient.New(HttpsClient.java:377)
	at java.base/sun.net.www.protocol.https.AbstractDelegateHttpsURLConnection.getNewHttpClient(AbstractDelegateHttpsURLConnection.java:193)
	at java.base/sun.net.www.protocol.http.HttpURLConnection.plainConnect0(HttpURLConnection.java:1243)
	at java.base/sun.net.www.protocol.http.HttpURLConnection.plainConnect(HttpURLConnection.java:1129)
	at java.base/sun.net.www.protocol.https.AbstractDelegateHttpsURLConnection.connect(AbstractDelegateHttpsURLConnection.java:179)
	at java.base/sun.net.www.protocol.https.HttpsURLConnectionImpl.connect(HttpsURLConnectionImpl.java:141)
	at org.springframework.http.client.SimpleClientHttpRequest.executeInternal(SimpleClientHttpRequest.java:79)
	at org.springframework.http.client.AbstractStreamingClientHttpRequest.executeInternal(AbstractStreamingClientHttpRequest.java:70)
	at org.springframework.http.client.AbstractClientHttpRequest.execute(AbstractClientHttpRequest.java:66)
	at org.springframework.web.client.DefaultRestClient$DefaultRequestBodyUriSpec.exchangeInternal(DefaultRestClient.java:492)
	... 172 common frames omitted
2026-09-12 14:39:21.592 [HikariPool-1 housekeeper] WARN  com.zaxxer.hikari.pool.HikariPool - HikariPool-1 - Thread starvation or clock leap detected (housekeeper delta=32m48s499ms).
2026-09-12 14:56:19.836 [http-nio-8080-exec-9] WARN  o.s.a.r.a.SpringAiRetryAutoConfiguration - Retry error. Retry count: 3, Exception: I/O error on POST request for "https://dashscope.aliyuncs.com/api/v1/services/aigc/text-generation/generation": dashscope.aliyuncs.com
org.springframework.web.client.ResourceAccessException: I/O error on POST request for "https://dashscope.aliyuncs.com/api/v1/services/aigc/text-generation/generation": dashscope.aliyuncs.com
	at org.springframework.web.client.DefaultRestClient$DefaultRequestBodyUriSpec.createResourceAccessException(DefaultRestClient.java:584)
	at org.springframework.web.client.DefaultRestClient$DefaultRequestBodyUriSpec.exchangeInternal(DefaultRestClient.java:498)
	at org.springframework.web.client.DefaultRestClient$DefaultRequestBodyUriSpec.retrieve(DefaultRestClient.java:458)
	at com.alibaba.cloud.ai.dashscope.api.DashScopeApi.chatCompletionEntity(DashScopeApi.java:1382)
	at com.alibaba.cloud.ai.dashscope.chat.DashScopeChatModel.lambda$internalCall$1(DashScopeChatModel.java:183)
	at org.springframework.retry.support.RetryTemplate.doExecute(RetryTemplate.java:344)
	at org.springframework.retry.support.RetryTemplate.execute(RetryTemplate.java:217)
	at com.alibaba.cloud.ai.dashscope.chat.DashScopeChatModel.lambda$internalCall$2(DashScopeChatModel.java:183)
	at io.micrometer.observation.Observation.observe(Observation.java:565)
	at com.alibaba.cloud.ai.dashscope.chat.DashScopeChatModel.internalCall(DashScopeChatModel.java:180)
	at com.alibaba.cloud.ai.dashscope.chat.DashScopeChatModel.call(DashScopeChatModel.java:161)
	at org.springframework.ai.chat.client.advisor.ChatModelCallAdvisor.adviseCall(ChatModelCallAdvisor.java:54)
	at org.springframework.ai.chat.client.advisor.DefaultAroundAdvisorChain.lambda$nextCall$1(DefaultAroundAdvisorChain.java:110)
	at io.micrometer.observation.Observation.observe(Observation.java:565)
	at org.springframework.ai.chat.client.advisor.DefaultAroundAdvisorChain.nextCall(DefaultAroundAdvisorChain.java:110)
	at org.springframework.ai.chat.client.DefaultChatClient$DefaultCallResponseSpec.lambda$doGetObservableChatClientResponse$1(DefaultChatClient.java:469)
	at io.micrometer.observation.Observation.observe(Observation.java:565)
	at org.springframework.ai.chat.client.DefaultChatClient$DefaultCallResponseSpec.doGetObservableChatClientResponse(DefaultChatClient.java:467)
	at org.springframework.ai.chat.client.DefaultChatClient$DefaultCallResponseSpec.doGetObservableChatClientResponse(DefaultChatClient.java:446)
	at org.springframework.ai.chat.client.DefaultChatClient$DefaultCallResponseSpec.content(DefaultChatClient.java:441)
	at com.aiservice.aireviewassistant.service.impl.ReviewAssistantAgent.analyzeIntentWithLlm(ReviewAssistantAgent.java:312)
	at com.aiservice.aireviewassistant.service.impl.ReviewAssistantAgent.recognizeIntent(ReviewAssistantAgent.java:300)
	at com.aiservice.aireviewassistant.service.impl.ReviewAssistantAgent.chatStream(ReviewAssistantAgent.java:221)
	at com.aiservice.aireviewassistant.controller.AgentController.stream(AgentController.java:43)
	at java.base/jdk.internal.reflect.DirectMethodHandleAccessor.invoke(DirectMethodHandleAccessor.java:103)
	at java.base/java.lang.reflect.Method.invoke(Method.java:580)
	at org.springframework.aop.support.AopUtils.invokeJoinpointUsingReflection(AopUtils.java:355)
	at org.springframework.aop.framework.ReflectiveMethodInvocation.invokeJoinpoint(ReflectiveMethodInvocation.java:196)
	at org.springframework.aop.framework.ReflectiveMethodInvocation.proceed(ReflectiveMethodInvocation.java:163)
	at org.springframework.aop.framework.CglibAopProxy$CglibMethodInvocation.proceed(CglibAopProxy.java:768)
	at org.springframework.validation.beanvalidation.MethodValidationInterceptor.invoke(MethodValidationInterceptor.java:174)
	at org.springframework.aop.framework.ReflectiveMethodInvocation.proceed(ReflectiveMethodInvocation.java:184)
	at org.springframework.aop.framework.CglibAopProxy$CglibMethodInvocation.proceed(CglibAopProxy.java:768)
	at org.springframework.aop.aspectj.MethodInvocationProceedingJoinPoint.proceed(MethodInvocationProceedingJoinPoint.java:89)
	at com.aiservice.aireviewassistant.aspect.RateLimitAspect.around(RateLimitAspect.java:30)
	at java.base/jdk.internal.reflect.DirectMethodHandleAccessor.invoke(DirectMethodHandleAccessor.java:103)
	at java.base/java.lang.reflect.Method.invoke(Method.java:580)
	at org.springframework.aop.aspectj.AbstractAspectJAdvice.invokeAdviceMethodWithGivenArgs(AbstractAspectJAdvice.java:637)
	at org.springframework.aop.aspectj.AbstractAspectJAdvice.invokeAdviceMethod(AbstractAspectJAdvice.java:627)
	at org.springframework.aop.aspectj.AspectJAroundAdvice.invoke(AspectJAroundAdvice.java:71)
	at org.springframework.aop.framework.ReflectiveMethodInvocation.proceed(ReflectiveMethodInvocation.java:173)
	at org.springframework.aop.framework.CglibAopProxy$CglibMethodInvocation.proceed(CglibAopProxy.java:768)
	at org.springframework.aop.interceptor.ExposeInvocationInterceptor.invoke(ExposeInvocationInterceptor.java:97)
	at org.springframework.aop.framework.ReflectiveMethodInvocation.proceed(ReflectiveMethodInvocation.java:184)
	at org.springframework.aop.framework.CglibAopProxy$CglibMethodInvocation.proceed(CglibAopProxy.java:768)
	at org.springframework.aop.framework.CglibAopProxy$DynamicAdvisedInterceptor.intercept(CglibAopProxy.java:720)
	at com.aiservice.aireviewassistant.controller.AgentController$$SpringCGLIB$$0.stream(<generated>)
	at java.base/jdk.internal.reflect.DirectMethodHandleAccessor.invoke(DirectMethodHandleAccessor.java:103)
	at java.base/java.lang.reflect.Method.invoke(Method.java:580)
	at org.springframework.web.method.support.InvocableHandlerMethod.doInvoke(InvocableHandlerMethod.java:255)
	at org.springframework.web.method.support.InvocableHandlerMethod.invokeForRequest(InvocableHandlerMethod.java:188)
	at org.springframework.web.servlet.mvc.method.annotation.ServletInvocableHandlerMethod.invokeAndHandle(ServletInvocableHandlerMethod.java:118)
	at org.springframework.web.servlet.mvc.method.annotation.RequestMappingHandlerAdapter.invokeHandlerMethod(RequestMappingHandlerAdapter.java:926)
	at org.springframework.web.servlet.mvc.method.annotation.RequestMappingHandlerAdapter.handleInternal(RequestMappingHandlerAdapter.java:831)
	at org.springframework.web.servlet.mvc.method.AbstractHandlerMethodAdapter.handle(AbstractHandlerMethodAdapter.java:87)
	at org.springframework.web.servlet.DispatcherServlet.doDispatch(DispatcherServlet.java:1089)
	at org.springframework.web.servlet.DispatcherServlet.doService(DispatcherServlet.java:979)
	at org.springframework.web.servlet.FrameworkServlet.processRequest(FrameworkServlet.java:1014)
	at org.springframework.web.servlet.FrameworkServlet.doGet(FrameworkServlet.java:903)
	at jakarta.servlet.http.HttpServlet.service(HttpServlet.java:564)
	at org.springframework.web.servlet.FrameworkServlet.service(FrameworkServlet.java:885)
	at jakarta.servlet.http.HttpServlet.service(HttpServlet.java:658)
	at org.apache.catalina.core.ApplicationFilterChain.internalDoFilter(ApplicationFilterChain.java:195)
	at org.apache.catalina.core.ApplicationFilterChain.doFilter(ApplicationFilterChain.java:140)
	at org.apache.tomcat.websocket.server.WsFilter.doFilter(WsFilter.java:51)
	at org.apache.catalina.core.ApplicationFilterChain.internalDoFilter(ApplicationFilterChain.java:164)
	at org.apache.catalina.core.ApplicationFilterChain.doFilter(ApplicationFilterChain.java:140)
	at org.springframework.web.filter.CompositeFilter$VirtualFilterChain.doFilter(CompositeFilter.java:108)
	at org.springframework.security.web.FilterChainProxy.lambda$doFilterInternal$3(FilterChainProxy.java:231)
	at org.springframework.security.web.ObservationFilterChainDecorator$FilterObservation$SimpleFilterObservation.lambda$wrap$1(ObservationFilterChainDecorator.java:479)
	at org.springframework.security.web.ObservationFilterChainDecorator$AroundFilterObservation$SimpleAroundFilterObservation.lambda$wrap$1(ObservationFilterChainDecorator.java:340)
	at org.springframework.security.web.ObservationFilterChainDecorator.lambda$wrapSecured$0(ObservationFilterChainDecorator.java:82)
	at org.springframework.security.web.ObservationFilterChainDecorator$VirtualFilterChain.doFilter(ObservationFilterChainDecorator.java:128)
	at org.springframework.security.web.access.intercept.AuthorizationFilter.doFilter(AuthorizationFilter.java:100)
	at org.springframework.security.web.ObservationFilterChainDecorator$ObservationFilter.wrapFilter(ObservationFilterChainDecorator.java:240)
	at org.springframework.security.web.ObservationFilterChainDecorator$ObservationFilter.doFilter(ObservationFilterChainDecorator.java:227)
	at org.springframework.security.web.ObservationFilterChainDecorator$VirtualFilterChain.doFilter(ObservationFilterChainDecorator.java:137)
	at org.springframework.security.web.access.ExceptionTranslationFilter.doFilter(ExceptionTranslationFilter.java:126)
	at org.springframework.security.web.access.ExceptionTranslationFilter.doFilter(ExceptionTranslationFilter.java:120)
	at org.springframework.security.web.ObservationFilterChainDecorator$ObservationFilter.wrapFilter(ObservationFilterChainDecorator.java:240)
	at org.springframework.security.web.ObservationFilterChainDecorator$ObservationFilter.doFilter(ObservationFilterChainDecorator.java:227)
	at org.springframework.security.web.ObservationFilterChainDecorator$VirtualFilterChain.doFilter(ObservationFilterChainDecorator.java:137)
	at org.springframework.security.web.session.SessionManagementFilter.doFilter(SessionManagementFilter.java:131)
	at org.springframework.security.web.session.SessionManagementFilter.doFilter(SessionManagementFilter.java:85)
	at org.springframework.security.web.ObservationFilterChainDecorator$ObservationFilter.wrapFilter(ObservationFilterChainDecorator.java:240)
	at org.springframework.security.web.ObservationFilterChainDecorator$ObservationFilter.doFilter(ObservationFilterChainDecorator.java:227)
	at org.springframework.security.web.ObservationFilterChainDecorator$VirtualFilterChain.doFilter(ObservationFilterChainDecorator.java:137)
	at org.springframework.security.web.authentication.AnonymousAuthenticationFilter.doFilter(AnonymousAuthenticationFilter.java:100)
	at org.springframework.security.web.ObservationFilterChainDecorator$ObservationFilter.wrapFilter(ObservationFilterChainDecorator.java:240)
	at org.springframework.security.web.ObservationFilterChainDecorator$ObservationFilter.doFilter(ObservationFilterChainDecorator.java:227)
	at org.springframework.security.web.ObservationFilterChainDecorator$VirtualFilterChain.doFilter(ObservationFilterChainDecorator.java:137)
	at org.springframework.security.web.servletapi.SecurityContextHolderAwareRequestFilter.doFilter(SecurityContextHolderAwareRequestFilter.java:179)
	at org.springframework.security.web.ObservationFilterChainDecorator$ObservationFilter.wrapFilter(ObservationFilterChainDecorator.java:240)
	at org.springframework.security.web.ObservationFilterChainDecorator$ObservationFilter.doFilter(ObservationFilterChainDecorator.java:227)
	at org.springframework.security.web.ObservationFilterChainDecorator$VirtualFilterChain.doFilter(ObservationFilterChainDecorator.java:137)
	at org.springframework.security.web.savedrequest.RequestCacheAwareFilter.doFilter(RequestCacheAwareFilter.java:63)
	at org.springframework.security.web.ObservationFilterChainDecorator$ObservationFilter.wrapFilter(ObservationFilterChainDecorator.java:240)
	at org.springframework.security.web.ObservationFilterChainDecorator$ObservationFilter.doFilter(ObservationFilterChainDecorator.java:227)
	at org.springframework.security.web.ObservationFilterChainDecorator$VirtualFilterChain.doFilter(ObservationFilterChainDecorator.java:137)
	at com.aiservice.aireviewassistant.security.JwtAuthenticationFilter.doFilterInternal(JwtAuthenticationFilter.java:54)
	at org.springframework.web.filter.OncePerRequestFilter.doFilter(OncePerRequestFilter.java:116)
	at org.springframework.security.web.ObservationFilterChainDecorator$ObservationFilter.wrapFilter(ObservationFilterChainDecorator.java:240)
	at org.springframework.security.web.ObservationFilterChainDecorator$ObservationFilter.doFilter(ObservationFilterChainDecorator.java:227)
	at org.springframework.security.web.ObservationFilterChainDecorator$VirtualFilterChain.doFilter(ObservationFilterChainDecorator.java:137)
	at org.springframework.security.web.authentication.logout.LogoutFilter.doFilter(LogoutFilter.java:107)
	at org.springframework.security.web.authentication.logout.LogoutFilter.doFilter(LogoutFilter.java:93)
	at org.springframework.security.web.ObservationFilterChainDecorator$ObservationFilter.wrapFilter(ObservationFilterChainDecorator.java:240)
	at org.springframework.security.web.ObservationFilterChainDecorator$ObservationFilter.doFilter(ObservationFilterChainDecorator.java:227)
	at org.springframework.security.web.ObservationFilterChainDecorator$VirtualFilterChain.doFilter(ObservationFilterChainDecorator.java:137)
	at org.springframework.security.web.header.HeaderWriterFilter.doHeadersAfter(HeaderWriterFilter.java:90)
	at org.springframework.security.web.header.HeaderWriterFilter.doFilterInternal(HeaderWriterFilter.java:75)
	at org.springframework.web.filter.OncePerRequestFilter.doFilter(OncePerRequestFilter.java:116)
	at org.springframework.security.web.ObservationFilterChainDecorator$ObservationFilter.wrapFilter(ObservationFilterChainDecorator.java:240)
	at org.springframework.security.web.ObservationFilterChainDecorator$ObservationFilter.doFilter(ObservationFilterChainDecorator.java:227)
	at org.springframework.security.web.ObservationFilterChainDecorator$VirtualFilterChain.doFilter(ObservationFilterChainDecorator.java:137)
	at org.springframework.security.web.context.SecurityContextHolderFilter.doFilter(SecurityContextHolderFilter.java:82)
	at org.springframework.security.web.context.SecurityContextHolderFilter.doFilter(SecurityContextHolderFilter.java:69)
	at org.springframework.security.web.ObservationFilterChainDecorator$ObservationFilter.wrapFilter(ObservationFilterChainDecorator.java:240)
	at org.springframework.security.web.ObservationFilterChainDecorator$ObservationFilter.doFilter(ObservationFilterChainDecorator.java:227)
	at org.springframework.security.web.ObservationFilterChainDecorator$VirtualFilterChain.doFilter(ObservationFilterChainDecorator.java:137)
	at org.springframework.security.web.context.request.async.WebAsyncManagerIntegrationFilter.doFilterInternal(WebAsyncManagerIntegrationFilter.java:62)
	at org.springframework.web.filter.OncePerRequestFilter.doFilter(OncePerRequestFilter.java:116)
	at org.springframework.security.web.ObservationFilterChainDecorator$ObservationFilter.wrapFilter(ObservationFilterChainDecorator.java:240)
	at org.springframework.security.web.ObservationFilterChainDecorator$ObservationFilter.doFilter(ObservationFilterChainDecorator.java:227)
	at org.springframework.security.web.ObservationFilterChainDecorator$VirtualFilterChain.doFilter(ObservationFilterChainDecorator.java:137)
	at org.springframework.security.web.session.DisableEncodeUrlFilter.doFilterInternal(DisableEncodeUrlFilter.java:42)
	at org.springframework.web.filter.OncePerRequestFilter.doFilter(OncePerRequestFilter.java:116)
	at org.springframework.security.web.ObservationFilterChainDecorator$ObservationFilter.wrapFilter(ObservationFilterChainDecorator.java:240)
	at org.springframework.security.web.ObservationFilterChainDecorator$AroundFilterObservation$SimpleAroundFilterObservation.lambda$wrap$0(ObservationFilterChainDecorator.java:323)
	at org.springframework.security.web.ObservationFilterChainDecorator$ObservationFilter.doFilter(ObservationFilterChainDecorator.java:224)
	at org.springframework.security.web.ObservationFilterChainDecorator$VirtualFilterChain.doFilter(ObservationFilterChainDecorator.java:137)
	at org.springframework.security.web.FilterChainProxy.doFilterInternal(FilterChainProxy.java:233)
	at org.springframework.security.web.FilterChainProxy.doFilter(FilterChainProxy.java:191)
	at org.springframework.web.filter.CompositeFilter$VirtualFilterChain.doFilter(CompositeFilter.java:113)
	at org.springframework.web.servlet.handler.HandlerMappingIntrospector.lambda$createCacheFilter$3(HandlerMappingIntrospector.java:195)
	at org.springframework.web.filter.CompositeFilter$VirtualFilterChain.doFilter(CompositeFilter.java:113)
	at org.springframework.web.filter.CompositeFilter.doFilter(CompositeFilter.java:74)
	at org.springframework.security.config.annotation.web.configuration.WebMvcSecurityConfiguration$CompositeFilterChainProxy.doFilter(WebMvcSecurityConfiguration.java:230)
	at org.springframework.web.filter.DelegatingFilterProxy.invokeDelegate(DelegatingFilterProxy.java:352)
	at org.springframework.web.filter.DelegatingFilterProxy.doFilter(DelegatingFilterProxy.java:268)
	at org.apache.catalina.core.ApplicationFilterChain.internalDoFilter(ApplicationFilterChain.java:164)
	at org.apache.catalina.core.ApplicationFilterChain.doFilter(ApplicationFilterChain.java:140)
	at org.springframework.web.filter.RequestContextFilter.doFilterInternal(RequestContextFilter.java:100)
	at org.springframework.web.filter.OncePerRequestFilter.doFilter(OncePerRequestFilter.java:116)
	at org.apache.catalina.core.ApplicationFilterChain.internalDoFilter(ApplicationFilterChain.java:164)
	at org.apache.catalina.core.ApplicationFilterChain.doFilter(ApplicationFilterChain.java:140)
	at org.springframework.web.filter.FormContentFilter.doFilterInternal(FormContentFilter.java:93)
	at org.springframework.web.filter.OncePerRequestFilter.doFilter(OncePerRequestFilter.java:116)
	at org.apache.catalina.core.ApplicationFilterChain.internalDoFilter(ApplicationFilterChain.java:164)
	at org.apache.catalina.core.ApplicationFilterChain.doFilter(ApplicationFilterChain.java:140)
	at org.springframework.web.filter.ServerHttpObservationFilter.doFilterInternal(ServerHttpObservationFilter.java:113)
	at org.springframework.web.filter.OncePerRequestFilter.doFilter(OncePerRequestFilter.java:116)
	at org.apache.catalina.core.ApplicationFilterChain.internalDoFilter(ApplicationFilterChain.java:164)
	at org.apache.catalina.core.ApplicationFilterChain.doFilter(ApplicationFilterChain.java:140)
	at org.springframework.web.filter.CharacterEncodingFilter.doFilterInternal(CharacterEncodingFilter.java:201)
	at org.springframework.web.filter.OncePerRequestFilter.doFilter(OncePerRequestFilter.java:116)
	at org.apache.catalina.core.ApplicationFilterChain.internalDoFilter(ApplicationFilterChain.java:164)
	at org.apache.catalina.core.ApplicationFilterChain.doFilter(ApplicationFilterChain.java:140)
	at org.apache.catalina.core.StandardWrapperValve.invoke(StandardWrapperValve.java:167)
	at org.apache.catalina.core.StandardContextValve.invoke(StandardContextValve.java:90)
	at org.apache.catalina.authenticator.AuthenticatorBase.invoke(AuthenticatorBase.java:483)
	at org.apache.catalina.core.StandardHostValve.invoke(StandardHostValve.java:115)
	at org.apache.catalina.valves.ErrorReportValve.invoke(ErrorReportValve.java:93)
	at org.apache.catalina.core.StandardEngineValve.invoke(StandardEngineValve.java:74)
	at org.apache.catalina.connector.CoyoteAdapter.service(CoyoteAdapter.java:344)
	at org.apache.coyote.http11.Http11Processor.service(Http11Processor.java:384)
	at org.apache.coyote.AbstractProcessorLight.process(AbstractProcessorLight.java:63)
	at org.apache.coyote.AbstractProtocol$ConnectionHandler.process(AbstractProtocol.java:905)
	at org.apache.tomcat.util.net.NioEndpoint$SocketProcessor.doRun(NioEndpoint.java:1741)
	at org.apache.tomcat.util.net.SocketProcessorBase.run(SocketProcessorBase.java:52)
	at org.apache.tomcat.util.threads.ThreadPoolExecutor.runWorker(ThreadPoolExecutor.java:1190)
	at org.apache.tomcat.util.threads.ThreadPoolExecutor$Worker.run(ThreadPoolExecutor.java:659)
	at org.apache.tomcat.util.threads.TaskThread$WrappingRunnable.run(TaskThread.java:63)
	at java.base/java.lang.Thread.run(Thread.java:1570)
Caused by: java.net.UnknownHostException: dashscope.aliyuncs.com
	at java.base/sun.nio.ch.NioSocketImpl.connect(NioSocketImpl.java:567)
	at java.base/java.net.SocksSocketImpl.connect(SocksSocketImpl.java:327)
	at java.base/java.net.Socket.connect(Socket.java:752)
	at java.base/sun.security.ssl.SSLSocketImpl.connect(SSLSocketImpl.java:304)
	at java.base/sun.net.NetworkClient.doConnect(NetworkClient.java:178)
	at java.base/sun.net.www.http.HttpClient.openServer(HttpClient.java:531)
	at java.base/sun.net.www.http.HttpClient.openServer(HttpClient.java:636)
	at java.base/sun.net.www.protocol.https.HttpsClient.<init>(HttpsClient.java:264)
	at java.base/sun.net.www.protocol.https.HttpsClient.New(HttpsClient.java:377)
	at java.base/sun.net.www.protocol.https.AbstractDelegateHttpsURLConnection.getNewHttpClient(AbstractDelegateHttpsURLConnection.java:193)
	at java.base/sun.net.www.protocol.http.HttpURLConnection.plainConnect0(HttpURLConnection.java:1243)
	at java.base/sun.net.www.protocol.http.HttpURLConnection.plainConnect(HttpURLConnection.java:1129)
	at java.base/sun.net.www.protocol.https.AbstractDelegateHttpsURLConnection.connect(AbstractDelegateHttpsURLConnection.java:179)
	at java.base/sun.net.www.protocol.https.HttpsURLConnectionImpl.connect(HttpsURLConnectionImpl.java:141)
	at org.springframework.http.client.SimpleClientHttpRequest.executeInternal(SimpleClientHttpRequest.java:79)
	at org.springframework.http.client.AbstractStreamingClientHttpRequest.executeInternal(AbstractStreamingClientHttpRequest.java:70)
	at org.springframework.http.client.AbstractClientHttpRequest.execute(AbstractClientHttpRequest.java:66)
	at org.springframework.web.client.DefaultRestClient$DefaultRequestBodyUriSpec.exchangeInternal(DefaultRestClient.java:492)
	... 172 common frames omitted
2026-09-12 15:45:08.162 [http-nio-8080-exec-9] WARN  o.s.a.r.a.SpringAiRetryAutoConfiguration - Retry error. Retry count: 4, Exception: I/O error on POST request for "https://dashscope.aliyuncs.com/api/v1/services/aigc/text-generation/generation": dashscope.aliyuncs.com
org.springframework.web.client.ResourceAccessException: I/O error on POST request for "https://dashscope.aliyuncs.com/api/v1/services/aigc/text-generation/generation": dashscope.aliyuncs.com
	at org.springframework.web.client.DefaultRestClient$DefaultRequestBodyUriSpec.createResourceAccessException(DefaultRestClient.java:584)
	at org.springframework.web.client.DefaultRestClient$DefaultRequestBodyUriSpec.exchangeInternal(DefaultRestClient.java:498)
	at org.springframework.web.client.DefaultRestClient$DefaultRequestBodyUriSpec.retrieve(DefaultRestClient.java:458)
	at com.alibaba.cloud.ai.dashscope.api.DashScopeApi.chatCompletionEntity(DashScopeApi.java:1382)
	at com.alibaba.cloud.ai.dashscope.chat.DashScopeChatModel.lambda$internalCall$1(DashScopeChatModel.java:183)
	at org.springframework.retry.support.RetryTemplate.doExecute(RetryTemplate.java:344)
	at org.springframework.retry.support.RetryTemplate.execute(RetryTemplate.java:217)
	at com.alibaba.cloud.ai.dashscope.chat.DashScopeChatModel.lambda$internalCall$2(DashScopeChatModel.java:183)
	at io.micrometer.observation.Observation.observe(Observation.java:565)
	at com.alibaba.cloud.ai.dashscope.chat.DashScopeChatModel.internalCall(DashScopeChatModel.java:180)
	at com.alibaba.cloud.ai.dashscope.chat.DashScopeChatModel.call(DashScopeChatModel.java:161)
	at org.springframework.ai.chat.client.advisor.ChatModelCallAdvisor.adviseCall(ChatModelCallAdvisor.java:54)
	at org.springframework.ai.chat.client.advisor.DefaultAroundAdvisorChain.lambda$nextCall$1(DefaultAroundAdvisorChain.java:110)
	at io.micrometer.observation.Observation.observe(Observation.java:565)
	at org.springframework.ai.chat.client.advisor.DefaultAroundAdvisorChain.nextCall(DefaultAroundAdvisorChain.java:110)
	at org.springframework.ai.chat.client.DefaultChatClient$DefaultCallResponseSpec.lambda$doGetObservableChatClientResponse$1(DefaultChatClient.java:469)
	at io.micrometer.observation.Observation.observe(Observation.java:565)
	at org.springframework.ai.chat.client.DefaultChatClient$DefaultCallResponseSpec.doGetObservableChatClientResponse(DefaultChatClient.java:467)
	at org.springframework.ai.chat.client.DefaultChatClient$DefaultCallResponseSpec.doGetObservableChatClientResponse(DefaultChatClient.java:446)
	at org.springframework.ai.chat.client.DefaultChatClient$DefaultCallResponseSpec.content(DefaultChatClient.java:441)
	at com.aiservice.aireviewassistant.service.impl.ReviewAssistantAgent.analyzeIntentWithLlm(ReviewAssistantAgent.java:312)
	at com.aiservice.aireviewassistant.service.impl.ReviewAssistantAgent.recognizeIntent(ReviewAssistantAgent.java:300)
	at com.aiservice.aireviewassistant.service.impl.ReviewAssistantAgent.chatStream(ReviewAssistantAgent.java:221)
	at com.aiservice.aireviewassistant.controller.AgentController.stream(AgentController.java:43)
	at java.base/jdk.internal.reflect.DirectMethodHandleAccessor.invoke(DirectMethodHandleAccessor.java:103)
	at java.base/java.lang.reflect.Method.invoke(Method.java:580)
	at org.springframework.aop.support.AopUtils.invokeJoinpointUsingReflection(AopUtils.java:355)
	at org.springframework.aop.framework.ReflectiveMethodInvocation.invokeJoinpoint(ReflectiveMethodInvocation.java:196)
	at org.springframework.aop.framework.ReflectiveMethodInvocation.proceed(ReflectiveMethodInvocation.java:163)
	at org.springframework.aop.framework.CglibAopProxy$CglibMethodInvocation.proceed(CglibAopProxy.java:768)
	at org.springframework.validation.beanvalidation.MethodValidationInterceptor.invoke(MethodValidationInterceptor.java:174)
	at org.springframework.aop.framework.ReflectiveMethodInvocation.proceed(ReflectiveMethodInvocation.java:184)
	at org.springframework.aop.framework.CglibAopProxy$CglibMethodInvocation.proceed(CglibAopProxy.java:768)
	at org.springframework.aop.aspectj.MethodInvocationProceedingJoinPoint.proceed(MethodInvocationProceedingJoinPoint.java:89)
	at com.aiservice.aireviewassistant.aspect.RateLimitAspect.around(RateLimitAspect.java:30)
	at java.base/jdk.internal.reflect.DirectMethodHandleAccessor.invoke(DirectMethodHandleAccessor.java:103)
	at java.base/java.lang.reflect.Method.invoke(Method.java:580)
	at org.springframework.aop.aspectj.AbstractAspectJAdvice.invokeAdviceMethodWithGivenArgs(AbstractAspectJAdvice.java:637)
	at org.springframework.aop.aspectj.AbstractAspectJAdvice.invokeAdviceMethod(AbstractAspectJAdvice.java:627)
	at org.springframework.aop.aspectj.AspectJAroundAdvice.invoke(AspectJAroundAdvice.java:71)
	at org.springframework.aop.framework.ReflectiveMethodInvocation.proceed(ReflectiveMethodInvocation.java:173)
	at org.springframework.aop.framework.CglibAopProxy$CglibMethodInvocation.proceed(CglibAopProxy.java:768)
	at org.springframework.aop.interceptor.ExposeInvocationInterceptor.invoke(ExposeInvocationInterceptor.java:97)
	at org.springframework.aop.framework.ReflectiveMethodInvocation.proceed(ReflectiveMethodInvocation.java:184)
	at org.springframework.aop.framework.CglibAopProxy$CglibMethodInvocation.proceed(CglibAopProxy.java:768)
	at org.springframework.aop.framework.CglibAopProxy$DynamicAdvisedInterceptor.intercept(CglibAopProxy.java:720)
	at com.aiservice.aireviewassistant.controller.AgentController$$SpringCGLIB$$0.stream(<generated>)
	at java.base/jdk.internal.reflect.DirectMethodHandleAccessor.invoke(DirectMethodHandleAccessor.java:103)
	at java.base/java.lang.reflect.Method.invoke(Method.java:580)
	at org.springframework.web.method.support.InvocableHandlerMethod.doInvoke(InvocableHandlerMethod.java:255)
	at org.springframework.web.method.support.InvocableHandlerMethod.invokeForRequest(InvocableHandlerMethod.java:188)
	at org.springframework.web.servlet.mvc.method.annotation.ServletInvocableHandlerMethod.invokeAndHandle(ServletInvocableHandlerMethod.java:118)
	at org.springframework.web.servlet.mvc.method.annotation.RequestMappingHandlerAdapter.invokeHandlerMethod(RequestMappingHandlerAdapter.java:926)
	at org.springframework.web.servlet.mvc.method.annotation.RequestMappingHandlerAdapter.handleInternal(RequestMappingHandlerAdapter.java:831)
	at org.springframework.web.servlet.mvc.method.AbstractHandlerMethodAdapter.handle(AbstractHandlerMethodAdapter.java:87)
	at org.springframework.web.servlet.DispatcherServlet.doDispatch(DispatcherServlet.java:1089)
	at org.springframework.web.servlet.DispatcherServlet.doService(DispatcherServlet.java:979)
	at org.springframework.web.servlet.FrameworkServlet.processRequest(FrameworkServlet.java:1014)
	at org.springframework.web.servlet.FrameworkServlet.doGet(FrameworkServlet.java:903)
	at jakarta.servlet.http.HttpServlet.service(HttpServlet.java:564)
	at org.springframework.web.servlet.FrameworkServlet.service(FrameworkServlet.java:885)
	at jakarta.servlet.http.HttpServlet.service(HttpServlet.java:658)
	at org.apache.catalina.core.ApplicationFilterChain.internalDoFilter(ApplicationFilterChain.java:195)
	at org.apache.catalina.core.ApplicationFilterChain.doFilter(ApplicationFilterChain.java:140)
	at org.apache.tomcat.websocket.server.WsFilter.doFilter(WsFilter.java:51)
	at org.apache.catalina.core.ApplicationFilterChain.internalDoFilter(ApplicationFilterChain.java:164)
	at org.apache.catalina.core.ApplicationFilterChain.doFilter(ApplicationFilterChain.java:140)
	at org.springframework.web.filter.CompositeFilter$VirtualFilterChain.doFilter(CompositeFilter.java:108)
	at org.springframework.security.web.FilterChainProxy.lambda$doFilterInternal$3(FilterChainProxy.java:231)
	at org.springframework.security.web.ObservationFilterChainDecorator$FilterObservation$SimpleFilterObservation.lambda$wrap$1(ObservationFilterChainDecorator.java:479)
	at org.springframework.security.web.ObservationFilterChainDecorator$AroundFilterObservation$SimpleAroundFilterObservation.lambda$wrap$1(ObservationFilterChainDecorator.java:340)
	at org.springframework.security.web.ObservationFilterChainDecorator.lambda$wrapSecured$0(ObservationFilterChainDecorator.java:82)
	at org.springframework.security.web.ObservationFilterChainDecorator$VirtualFilterChain.doFilter(ObservationFilterChainDecorator.java:128)
	at org.springframework.security.web.access.intercept.AuthorizationFilter.doFilter(AuthorizationFilter.java:100)
	at org.springframework.security.web.ObservationFilterChainDecorator$ObservationFilter.wrapFilter(ObservationFilterChainDecorator.java:240)
	at org.springframework.security.web.ObservationFilterChainDecorator$ObservationFilter.doFilter(ObservationFilterChainDecorator.java:227)
	at org.springframework.security.web.ObservationFilterChainDecorator$VirtualFilterChain.doFilter(ObservationFilterChainDecorator.java:137)
	at org.springframework.security.web.access.ExceptionTranslationFilter.doFilter(ExceptionTranslationFilter.java:126)
	at org.springframework.security.web.access.ExceptionTranslationFilter.doFilter(ExceptionTranslationFilter.java:120)
	at org.springframework.security.web.ObservationFilterChainDecorator$ObservationFilter.wrapFilter(ObservationFilterChainDecorator.java:240)
	at org.springframework.security.web.ObservationFilterChainDecorator$ObservationFilter.doFilter(ObservationFilterChainDecorator.java:227)
	at org.springframework.security.web.ObservationFilterChainDecorator$VirtualFilterChain.doFilter(ObservationFilterChainDecorator.java:137)
	at org.springframework.security.web.session.SessionManagementFilter.doFilter(SessionManagementFilter.java:131)
	at org.springframework.security.web.session.SessionManagementFilter.doFilter(SessionManagementFilter.java:85)
	at org.springframework.security.web.ObservationFilterChainDecorator$ObservationFilter.wrapFilter(ObservationFilterChainDecorator.java:240)
	at org.springframework.security.web.ObservationFilterChainDecorator$ObservationFilter.doFilter(ObservationFilterChainDecorator.java:227)
	at org.springframework.security.web.ObservationFilterChainDecorator$VirtualFilterChain.doFilter(ObservationFilterChainDecorator.java:137)
	at org.springframework.security.web.authentication.AnonymousAuthenticationFilter.doFilter(AnonymousAuthenticationFilter.java:100)
	at org.springframework.security.web.ObservationFilterChainDecorator$ObservationFilter.wrapFilter(ObservationFilterChainDecorator.java:240)
	at org.springframework.security.web.ObservationFilterChainDecorator$ObservationFilter.doFilter(ObservationFilterChainDecorator.java:227)
	at org.springframework.security.web.ObservationFilterChainDecorator$VirtualFilterChain.doFilter(ObservationFilterChainDecorator.java:137)
	at org.springframework.security.web.servletapi.SecurityContextHolderAwareRequestFilter.doFilter(SecurityContextHolderAwareRequestFilter.java:179)
	at org.springframework.security.web.ObservationFilterChainDecorator$ObservationFilter.wrapFilter(ObservationFilterChainDecorator.java:240)
	at org.springframework.security.web.ObservationFilterChainDecorator$ObservationFilter.doFilter(ObservationFilterChainDecorator.java:227)
	at org.springframework.security.web.ObservationFilterChainDecorator$VirtualFilterChain.doFilter(ObservationFilterChainDecorator.java:137)
	at org.springframework.security.web.savedrequest.RequestCacheAwareFilter.doFilter(RequestCacheAwareFilter.java:63)
	at org.springframework.security.web.ObservationFilterChainDecorator$ObservationFilter.wrapFilter(ObservationFilterChainDecorator.java:240)
	at org.springframework.security.web.ObservationFilterChainDecorator$ObservationFilter.doFilter(ObservationFilterChainDecorator.java:227)
	at org.springframework.security.web.ObservationFilterChainDecorator$VirtualFilterChain.doFilter(ObservationFilterChainDecorator.java:137)
	at com.aiservice.aireviewassistant.security.JwtAuthenticationFilter.doFilterInternal(JwtAuthenticationFilter.java:54)
	at org.springframework.web.filter.OncePerRequestFilter.doFilter(OncePerRequestFilter.java:116)
	at org.springframework.security.web.ObservationFilterChainDecorator$ObservationFilter.wrapFilter(ObservationFilterChainDecorator.java:240)
	at org.springframework.security.web.ObservationFilterChainDecorator$ObservationFilter.doFilter(ObservationFilterChainDecorator.java:227)
	at org.springframework.security.web.ObservationFilterChainDecorator$VirtualFilterChain.doFilter(ObservationFilterChainDecorator.java:137)
	at org.springframework.security.web.authentication.logout.LogoutFilter.doFilter(LogoutFilter.java:107)
	at org.springframework.security.web.authentication.logout.LogoutFilter.doFilter(LogoutFilter.java:93)
	at org.springframework.security.web.ObservationFilterChainDecorator$ObservationFilter.wrapFilter(ObservationFilterChainDecorator.java:240)
	at org.springframework.security.web.ObservationFilterChainDecorator$ObservationFilter.doFilter(ObservationFilterChainDecorator.java:227)
	at org.springframework.security.web.ObservationFilterChainDecorator$VirtualFilterChain.doFilter(ObservationFilterChainDecorator.java:137)
	at org.springframework.security.web.header.HeaderWriterFilter.doHeadersAfter(HeaderWriterFilter.java:90)
	at org.springframework.security.web.header.HeaderWriterFilter.doFilterInternal(HeaderWriterFilter.java:75)
	at org.springframework.web.filter.OncePerRequestFilter.doFilter(OncePerRequestFilter.java:116)
	at org.springframework.security.web.ObservationFilterChainDecorator$ObservationFilter.wrapFilter(ObservationFilterChainDecorator.java:240)
	at org.springframework.security.web.ObservationFilterChainDecorator$ObservationFilter.doFilter(ObservationFilterChainDecorator.java:227)
	at org.springframework.security.web.ObservationFilterChainDecorator$VirtualFilterChain.doFilter(ObservationFilterChainDecorator.java:137)
	at org.springframework.security.web.context.SecurityContextHolderFilter.doFilter(SecurityContextHolderFilter.java:82)
	at org.springframework.security.web.context.SecurityContextHolderFilter.doFilter(SecurityContextHolderFilter.java:69)
	at org.springframework.security.web.ObservationFilterChainDecorator$ObservationFilter.wrapFilter(ObservationFilterChainDecorator.java:240)
	at org.springframework.security.web.ObservationFilterChainDecorator$ObservationFilter.doFilter(ObservationFilterChainDecorator.java:227)
	at org.springframework.security.web.ObservationFilterChainDecorator$VirtualFilterChain.doFilter(ObservationFilterChainDecorator.java:137)
	at org.springframework.security.web.context.request.async.WebAsyncManagerIntegrationFilter.doFilterInternal(WebAsyncManagerIntegrationFilter.java:62)
	at org.springframework.web.filter.OncePerRequestFilter.doFilter(OncePerRequestFilter.java:116)
	at org.springframework.security.web.ObservationFilterChainDecorator$ObservationFilter.wrapFilter(ObservationFilterChainDecorator.java:240)
	at org.springframework.security.web.ObservationFilterChainDecorator$ObservationFilter.doFilter(ObservationFilterChainDecorator.java:227)
	at org.springframework.security.web.ObservationFilterChainDecorator$VirtualFilterChain.doFilter(ObservationFilterChainDecorator.java:137)
	at org.springframework.security.web.session.DisableEncodeUrlFilter.doFilterInternal(DisableEncodeUrlFilter.java:42)
	at org.springframework.web.filter.OncePerRequestFilter.doFilter(OncePerRequestFilter.java:116)
	at org.springframework.security.web.ObservationFilterChainDecorator$ObservationFilter.wrapFilter(ObservationFilterChainDecorator.java:240)
	at org.springframework.security.web.ObservationFilterChainDecorator$AroundFilterObservation$SimpleAroundFilterObservation.lambda$wrap$0(ObservationFilterChainDecorator.java:323)
	at org.springframework.security.web.ObservationFilterChainDecorator$ObservationFilter.doFilter(ObservationFilterChainDecorator.java:224)
	at org.springframework.security.web.ObservationFilterChainDecorator$VirtualFilterChain.doFilter(ObservationFilterChainDecorator.java:137)
	at org.springframework.security.web.FilterChainProxy.doFilterInternal(FilterChainProxy.java:233)
	at org.springframework.security.web.FilterChainProxy.doFilter(FilterChainProxy.java:191)
	at org.springframework.web.filter.CompositeFilter$VirtualFilterChain.doFilter(CompositeFilter.java:113)
	at org.springframework.web.servlet.handler.HandlerMappingIntrospector.lambda$createCacheFilter$3(HandlerMappingIntrospector.java:195)
	at org.springframework.web.filter.CompositeFilter$VirtualFilterChain.doFilter(CompositeFilter.java:113)
	at org.springframework.web.filter.CompositeFilter.doFilter(CompositeFilter.java:74)
	at org.springframework.security.config.annotation.web.configuration.WebMvcSecurityConfiguration$CompositeFilterChainProxy.doFilter(WebMvcSecurityConfiguration.java:230)
	at org.springframework.web.filter.DelegatingFilterProxy.invokeDelegate(DelegatingFilterProxy.java:352)
	at org.springframework.web.filter.DelegatingFilterProxy.doFilter(DelegatingFilterProxy.java:268)
	at org.apache.catalina.core.ApplicationFilterChain.internalDoFilter(ApplicationFilterChain.java:164)
	at org.apache.catalina.core.ApplicationFilterChain.doFilter(ApplicationFilterChain.java:140)
	at org.springframework.web.filter.RequestContextFilter.doFilterInternal(RequestContextFilter.java:100)
	at org.springframework.web.filter.OncePerRequestFilter.doFilter(OncePerRequestFilter.java:116)
	at org.apache.catalina.core.ApplicationFilterChain.internalDoFilter(ApplicationFilterChain.java:164)
	at org.apache.catalina.core.ApplicationFilterChain.doFilter(ApplicationFilterChain.java:140)
	at org.springframework.web.filter.FormContentFilter.doFilterInternal(FormContentFilter.java:93)
	at org.springframework.web.filter.OncePerRequestFilter.doFilter(OncePerRequestFilter.java:116)
	at org.apache.catalina.core.ApplicationFilterChain.internalDoFilter(ApplicationFilterChain.java:164)
	at org.apache.catalina.core.ApplicationFilterChain.doFilter(ApplicationFilterChain.java:140)
	at org.springframework.web.filter.ServerHttpObservationFilter.doFilterInternal(ServerHttpObservationFilter.java:113)
	at org.springframework.web.filter.OncePerRequestFilter.doFilter(OncePerRequestFilter.java:116)
	at org.apache.catalina.core.ApplicationFilterChain.internalDoFilter(ApplicationFilterChain.java:164)
	at org.apache.catalina.core.ApplicationFilterChain.doFilter(ApplicationFilterChain.java:140)
	at org.springframework.web.filter.CharacterEncodingFilter.doFilterInternal(CharacterEncodingFilter.java:201)
	at org.springframework.web.filter.OncePerRequestFilter.doFilter(OncePerRequestFilter.java:116)
	at org.apache.catalina.core.ApplicationFilterChain.internalDoFilter(ApplicationFilterChain.java:164)
	at org.apache.catalina.core.ApplicationFilterChain.doFilter(ApplicationFilterChain.java:140)
	at org.apache.catalina.core.StandardWrapperValve.invoke(StandardWrapperValve.java:167)
	at org.apache.catalina.core.StandardContextValve.invoke(StandardContextValve.java:90)
	at org.apache.catalina.authenticator.AuthenticatorBase.invoke(AuthenticatorBase.java:483)
	at org.apache.catalina.core.StandardHostValve.invoke(StandardHostValve.java:115)
	at org.apache.catalina.valves.ErrorReportValve.invoke(ErrorReportValve.java:93)
	at org.apache.catalina.core.StandardEngineValve.invoke(StandardEngineValve.java:74)
	at org.apache.catalina.connector.CoyoteAdapter.service(CoyoteAdapter.java:344)
	at org.apache.coyote.http11.Http11Processor.service(Http11Processor.java:384)
	at org.apache.coyote.AbstractProcessorLight.process(AbstractProcessorLight.java:63)
	at org.apache.coyote.AbstractProtocol$ConnectionHandler.process(AbstractProtocol.java:905)
	at org.apache.tomcat.util.net.NioEndpoint$SocketProcessor.doRun(NioEndpoint.java:1741)
	at org.apache.tomcat.util.net.SocketProcessorBase.run(SocketProcessorBase.java:52)
	at org.apache.tomcat.util.threads.ThreadPoolExecutor.runWorker(ThreadPoolExecutor.java:1190)
	at org.apache.tomcat.util.threads.ThreadPoolExecutor$Worker.run(ThreadPoolExecutor.java:659)
	at org.apache.tomcat.util.threads.TaskThread$WrappingRunnable.run(TaskThread.java:63)
	at java.base/java.lang.Thread.run(Thread.java:1570)
Caused by: java.net.UnknownHostException: dashscope.aliyuncs.com
	at java.base/sun.nio.ch.NioSocketImpl.connect(NioSocketImpl.java:567)
	at java.base/java.net.SocksSocketImpl.connect(SocksSocketImpl.java:327)
	at java.base/java.net.Socket.connect(Socket.java:752)
	at java.base/sun.security.ssl.SSLSocketImpl.connect(SSLSocketImpl.java:304)
	at java.base/sun.net.NetworkClient.doConnect(NetworkClient.java:178)
	at java.base/sun.net.www.http.HttpClient.openServer(HttpClient.java:531)
	at java.base/sun.net.www.http.HttpClient.openServer(HttpClient.java:636)
	at java.base/sun.net.www.protocol.https.HttpsClient.<init>(HttpsClient.java:264)
	at java.base/sun.net.www.protocol.https.HttpsClient.New(HttpsClient.java:377)
	at java.base/sun.net.www.protocol.https.AbstractDelegateHttpsURLConnection.getNewHttpClient(AbstractDelegateHttpsURLConnection.java:193)
	at java.base/sun.net.www.protocol.http.HttpURLConnection.plainConnect0(HttpURLConnection.java:1243)
	at java.base/sun.net.www.protocol.http.HttpURLConnection.plainConnect(HttpURLConnection.java:1129)
	at java.base/sun.net.www.protocol.https.AbstractDelegateHttpsURLConnection.connect(AbstractDelegateHttpsURLConnection.java:179)
	at java.base/sun.net.www.protocol.https.HttpsURLConnectionImpl.connect(HttpsURLConnectionImpl.java:141)
	at org.springframework.http.client.SimpleClientHttpRequest.executeInternal(SimpleClientHttpRequest.java:79)
	at org.springframework.http.client.AbstractStreamingClientHttpRequest.executeInternal(AbstractStreamingClientHttpRequest.java:70)
	at org.springframework.http.client.AbstractClientHttpRequest.execute(AbstractClientHttpRequest.java:66)
	at org.springframework.web.client.DefaultRestClient$DefaultRequestBodyUriSpec.exchangeInternal(DefaultRestClient.java:492)
	... 172 common frames omitted
2026-09-12 16:07:49.262 [HikariPool-1 housekeeper] WARN  com.zaxxer.hikari.pool.HikariPool - HikariPool-1 - Thread starvation or clock leap detected (housekeeper delta=1h28m27s679ms).
2026-09-12 16:24:44.564 [http-nio-8080-exec-9] WARN  o.s.a.r.a.SpringAiRetryAutoConfiguration - Retry error. Retry count: 5, Exception: I/O error on POST request for "https://dashscope.aliyuncs.com/api/v1/services/aigc/text-generation/generation": dashscope.aliyuncs.com
org.springframework.web.client.ResourceAccessException: I/O error on POST request for "https://dashscope.aliyuncs.com/api/v1/services/aigc/text-generation/generation": dashscope.aliyuncs.com
	at org.springframework.web.client.DefaultRestClient$DefaultRequestBodyUriSpec.createResourceAccessException(DefaultRestClient.java:584)
	at org.springframework.web.client.DefaultRestClient$DefaultRequestBodyUriSpec.exchangeInternal(DefaultRestClient.java:498)
	at org.springframework.web.client.DefaultRestClient$DefaultRequestBodyUriSpec.retrieve(DefaultRestClient.java:458)
	at com.alibaba.cloud.ai.dashscope.api.DashScopeApi.chatCompletionEntity(DashScopeApi.java:1382)
	at com.alibaba.cloud.ai.dashscope.chat.DashScopeChatModel.lambda$internalCall$1(DashScopeChatModel.java:183)
	at org.springframework.retry.support.RetryTemplate.doExecute(RetryTemplate.java:344)
	at org.springframework.retry.support.RetryTemplate.execute(RetryTemplate.java:217)
	at com.alibaba.cloud.ai.dashscope.chat.DashScopeChatModel.lambda$internalCall$2(DashScopeChatModel.java:183)
	at io.micrometer.observation.Observation.observe(Observation.java:565)
	at com.alibaba.cloud.ai.dashscope.chat.DashScopeChatModel.internalCall(DashScopeChatModel.java:180)
	at com.alibaba.cloud.ai.dashscope.chat.DashScopeChatModel.call(DashScopeChatModel.java:161)
	at org.springframework.ai.chat.client.advisor.ChatModelCallAdvisor.adviseCall(ChatModelCallAdvisor.java:54)
	at org.springframework.ai.chat.client.advisor.DefaultAroundAdvisorChain.lambda$nextCall$1(DefaultAroundAdvisorChain.java:110)
	at io.micrometer.observation.Observation.observe(Observation.java:565)
	at org.springframework.ai.chat.client.advisor.DefaultAroundAdvisorChain.nextCall(DefaultAroundAdvisorChain.java:110)
	at org.springframework.ai.chat.client.DefaultChatClient$DefaultCallResponseSpec.lambda$doGetObservableChatClientResponse$1(DefaultChatClient.java:469)
	at io.micrometer.observation.Observation.observe(Observation.java:565)
	at org.springframework.ai.chat.client.DefaultChatClient$DefaultCallResponseSpec.doGetObservableChatClientResponse(DefaultChatClient.java:467)
	at org.springframework.ai.chat.client.DefaultChatClient$DefaultCallResponseSpec.doGetObservableChatClientResponse(DefaultChatClient.java:446)
	at org.springframework.ai.chat.client.DefaultChatClient$DefaultCallResponseSpec.content(DefaultChatClient.java:441)
	at com.aiservice.aireviewassistant.service.impl.ReviewAssistantAgent.analyzeIntentWithLlm(ReviewAssistantAgent.java:312)
	at com.aiservice.aireviewassistant.service.impl.ReviewAssistantAgent.recognizeIntent(ReviewAssistantAgent.java:300)
	at com.aiservice.aireviewassistant.service.impl.ReviewAssistantAgent.chatStream(ReviewAssistantAgent.java:221)
	at com.aiservice.aireviewassistant.controller.AgentController.stream(AgentController.java:43)
	at java.base/jdk.internal.reflect.DirectMethodHandleAccessor.invoke(DirectMethodHandleAccessor.java:103)
	at java.base/java.lang.reflect.Method.invoke(Method.java:580)
	at org.springframework.aop.support.AopUtils.invokeJoinpointUsingReflection(AopUtils.java:355)
	at org.springframework.aop.framework.ReflectiveMethodInvocation.invokeJoinpoint(ReflectiveMethodInvocation.java:196)
	at org.springframework.aop.framework.ReflectiveMethodInvocation.proceed(ReflectiveMethodInvocation.java:163)
	at org.springframework.aop.framework.CglibAopProxy$CglibMethodInvocation.proceed(CglibAopProxy.java:768)
	at org.springframework.validation.beanvalidation.MethodValidationInterceptor.invoke(MethodValidationInterceptor.java:174)
	at org.springframework.aop.framework.ReflectiveMethodInvocation.proceed(ReflectiveMethodInvocation.java:184)
	at org.springframework.aop.framework.CglibAopProxy$CglibMethodInvocation.proceed(CglibAopProxy.java:768)
	at org.springframework.aop.aspectj.MethodInvocationProceedingJoinPoint.proceed(MethodInvocationProceedingJoinPoint.java:89)
	at com.aiservice.aireviewassistant.aspect.RateLimitAspect.around(RateLimitAspect.java:30)
	at java.base/jdk.internal.reflect.DirectMethodHandleAccessor.invoke(DirectMethodHandleAccessor.java:103)
	at java.base/java.lang.reflect.Method.invoke(Method.java:580)
	at org.springframework.aop.aspectj.AbstractAspectJAdvice.invokeAdviceMethodWithGivenArgs(AbstractAspectJAdvice.java:637)
	at org.springframework.aop.aspectj.AbstractAspectJAdvice.invokeAdviceMethod(AbstractAspectJAdvice.java:627)
	at org.springframework.aop.aspectj.AspectJAroundAdvice.invoke(AspectJAroundAdvice.java:71)
	at org.springframework.aop.framework.ReflectiveMethodInvocation.proceed(ReflectiveMethodInvocation.java:173)
	at org.springframework.aop.framework.CglibAopProxy$CglibMethodInvocation.proceed(CglibAopProxy.java:768)
	at org.springframework.aop.interceptor.ExposeInvocationInterceptor.invoke(ExposeInvocationInterceptor.java:97)
	at org.springframework.aop.framework.ReflectiveMethodInvocation.proceed(ReflectiveMethodInvocation.java:184)
	at org.springframework.aop.framework.CglibAopProxy$CglibMethodInvocation.proceed(CglibAopProxy.java:768)
	at org.springframework.aop.framework.CglibAopProxy$DynamicAdvisedInterceptor.intercept(CglibAopProxy.java:720)
	at com.aiservice.aireviewassistant.controller.AgentController$$SpringCGLIB$$0.stream(<generated>)
	at java.base/jdk.internal.reflect.DirectMethodHandleAccessor.invoke(DirectMethodHandleAccessor.java:103)
	at java.base/java.lang.reflect.Method.invoke(Method.java:580)
	at org.springframework.web.method.support.InvocableHandlerMethod.doInvoke(InvocableHandlerMethod.java:255)
	at org.springframework.web.method.support.InvocableHandlerMethod.invokeForRequest(InvocableHandlerMethod.java:188)
	at org.springframework.web.servlet.mvc.method.annotation.ServletInvocableHandlerMethod.invokeAndHandle(ServletInvocableHandlerMethod.java:118)
	at org.springframework.web.servlet.mvc.method.annotation.RequestMappingHandlerAdapter.invokeHandlerMethod(RequestMappingHandlerAdapter.java:926)
	at org.springframework.web.servlet.mvc.method.annotation.RequestMappingHandlerAdapter.handleInternal(RequestMappingHandlerAdapter.java:831)
	at org.springframework.web.servlet.mvc.method.AbstractHandlerMethodAdapter.handle(AbstractHandlerMethodAdapter.java:87)
	at org.springframework.web.servlet.DispatcherServlet.doDispatch(DispatcherServlet.java:1089)
	at org.springframework.web.servlet.DispatcherServlet.doService(DispatcherServlet.java:979)
	at org.springframework.web.servlet.FrameworkServlet.processRequest(FrameworkServlet.java:1014)
	at org.springframework.web.servlet.FrameworkServlet.doGet(FrameworkServlet.java:903)
	at jakarta.servlet.http.HttpServlet.service(HttpServlet.java:564)
	at org.springframework.web.servlet.FrameworkServlet.service(FrameworkServlet.java:885)
	at jakarta.servlet.http.HttpServlet.service(HttpServlet.java:658)
	at org.apache.catalina.core.ApplicationFilterChain.internalDoFilter(ApplicationFilterChain.java:195)
	at org.apache.catalina.core.ApplicationFilterChain.doFilter(ApplicationFilterChain.java:140)
	at org.apache.tomcat.websocket.server.WsFilter.doFilter(WsFilter.java:51)
	at org.apache.catalina.core.ApplicationFilterChain.internalDoFilter(ApplicationFilterChain.java:164)
	at org.apache.catalina.core.ApplicationFilterChain.doFilter(ApplicationFilterChain.java:140)
	at org.springframework.web.filter.CompositeFilter$VirtualFilterChain.doFilter(CompositeFilter.java:108)
	at org.springframework.security.web.FilterChainProxy.lambda$doFilterInternal$3(FilterChainProxy.java:231)
	at org.springframework.security.web.ObservationFilterChainDecorator$FilterObservation$SimpleFilterObservation.lambda$wrap$1(ObservationFilterChainDecorator.java:479)
	at org.springframework.security.web.ObservationFilterChainDecorator$AroundFilterObservation$SimpleAroundFilterObservation.lambda$wrap$1(ObservationFilterChainDecorator.java:340)
	at org.springframework.security.web.ObservationFilterChainDecorator.lambda$wrapSecured$0(ObservationFilterChainDecorator.java:82)
	at org.springframework.security.web.ObservationFilterChainDecorator$VirtualFilterChain.doFilter(ObservationFilterChainDecorator.java:128)
	at org.springframework.security.web.access.intercept.AuthorizationFilter.doFilter(AuthorizationFilter.java:100)
	at org.springframework.security.web.ObservationFilterChainDecorator$ObservationFilter.wrapFilter(ObservationFilterChainDecorator.java:240)
	at org.springframework.security.web.ObservationFilterChainDecorator$ObservationFilter.doFilter(ObservationFilterChainDecorator.java:227)
	at org.springframework.security.web.ObservationFilterChainDecorator$VirtualFilterChain.doFilter(ObservationFilterChainDecorator.java:137)
	at org.springframework.security.web.access.ExceptionTranslationFilter.doFilter(ExceptionTranslationFilter.java:126)
	at org.springframework.security.web.access.ExceptionTranslationFilter.doFilter(ExceptionTranslationFilter.java:120)
	at org.springframework.security.web.ObservationFilterChainDecorator$ObservationFilter.wrapFilter(ObservationFilterChainDecorator.java:240)
	at org.springframework.security.web.ObservationFilterChainDecorator$ObservationFilter.doFilter(ObservationFilterChainDecorator.java:227)
	at org.springframework.security.web.ObservationFilterChainDecorator$VirtualFilterChain.doFilter(ObservationFilterChainDecorator.java:137)
	at org.springframework.security.web.session.SessionManagementFilter.doFilter(SessionManagementFilter.java:131)
	at org.springframework.security.web.session.SessionManagementFilter.doFilter(SessionManagementFilter.java:85)
	at org.springframework.security.web.ObservationFilterChainDecorator$ObservationFilter.wrapFilter(ObservationFilterChainDecorator.java:240)
	at org.springframework.security.web.ObservationFilterChainDecorator$ObservationFilter.doFilter(ObservationFilterChainDecorator.java:227)
	at org.springframework.security.web.ObservationFilterChainDecorator$VirtualFilterChain.doFilter(ObservationFilterChainDecorator.java:137)
	at org.springframework.security.web.authentication.AnonymousAuthenticationFilter.doFilter(AnonymousAuthenticationFilter.java:100)
	at org.springframework.security.web.ObservationFilterChainDecorator$ObservationFilter.wrapFilter(ObservationFilterChainDecorator.java:240)
	at org.springframework.security.web.ObservationFilterChainDecorator$ObservationFilter.doFilter(ObservationFilterChainDecorator.java:227)
	at org.springframework.security.web.ObservationFilterChainDecorator$VirtualFilterChain.doFilter(ObservationFilterChainDecorator.java:137)
	at org.springframework.security.web.servletapi.SecurityContextHolderAwareRequestFilter.doFilter(SecurityContextHolderAwareRequestFilter.java:179)
	at org.springframework.security.web.ObservationFilterChainDecorator$ObservationFilter.wrapFilter(ObservationFilterChainDecorator.java:240)
	at org.springframework.security.web.ObservationFilterChainDecorator$ObservationFilter.doFilter(ObservationFilterChainDecorator.java:227)
	at org.springframework.security.web.ObservationFilterChainDecorator$VirtualFilterChain.doFilter(ObservationFilterChainDecorator.java:137)
	at org.springframework.security.web.savedrequest.RequestCacheAwareFilter.doFilter(RequestCacheAwareFilter.java:63)
	at org.springframework.security.web.ObservationFilterChainDecorator$ObservationFilter.wrapFilter(ObservationFilterChainDecorator.java:240)
	at org.springframework.security.web.ObservationFilterChainDecorator$ObservationFilter.doFilter(ObservationFilterChainDecorator.java:227)
	at org.springframework.security.web.ObservationFilterChainDecorator$VirtualFilterChain.doFilter(ObservationFilterChainDecorator.java:137)
	at com.aiservice.aireviewassistant.security.JwtAuthenticationFilter.doFilterInternal(JwtAuthenticationFilter.java:54)
	at org.springframework.web.filter.OncePerRequestFilter.doFilter(OncePerRequestFilter.java:116)
	at org.springframework.security.web.ObservationFilterChainDecorator$ObservationFilter.wrapFilter(ObservationFilterChainDecorator.java:240)
	at org.springframework.security.web.ObservationFilterChainDecorator$ObservationFilter.doFilter(ObservationFilterChainDecorator.java:227)
	at org.springframework.security.web.ObservationFilterChainDecorator$VirtualFilterChain.doFilter(ObservationFilterChainDecorator.java:137)
	at org.springframework.security.web.authentication.logout.LogoutFilter.doFilter(LogoutFilter.java:107)
	at org.springframework.security.web.authentication.logout.LogoutFilter.doFilter(LogoutFilter.java:93)
	at org.springframework.security.web.ObservationFilterChainDecorator$ObservationFilter.wrapFilter(ObservationFilterChainDecorator.java:240)
	at org.springframework.security.web.ObservationFilterChainDecorator$ObservationFilter.doFilter(ObservationFilterChainDecorator.java:227)
	at org.springframework.security.web.ObservationFilterChainDecorator$VirtualFilterChain.doFilter(ObservationFilterChainDecorator.java:137)
	at org.springframework.security.web.header.HeaderWriterFilter.doHeadersAfter(HeaderWriterFilter.java:90)
	at org.springframework.security.web.header.HeaderWriterFilter.doFilterInternal(HeaderWriterFilter.java:75)
	at org.springframework.web.filter.OncePerRequestFilter.doFilter(OncePerRequestFilter.java:116)
	at org.springframework.security.web.ObservationFilterChainDecorator$ObservationFilter.wrapFilter(ObservationFilterChainDecorator.java:240)
	at org.springframework.security.web.ObservationFilterChainDecorator$ObservationFilter.doFilter(ObservationFilterChainDecorator.java:227)
	at org.springframework.security.web.ObservationFilterChainDecorator$VirtualFilterChain.doFilter(ObservationFilterChainDecorator.java:137)
	at org.springframework.security.web.context.SecurityContextHolderFilter.doFilter(SecurityContextHolderFilter.java:82)
	at org.springframework.security.web.context.SecurityContextHolderFilter.doFilter(SecurityContextHolderFilter.java:69)
	at org.springframework.security.web.ObservationFilterChainDecorator$ObservationFilter.wrapFilter(ObservationFilterChainDecorator.java:240)
	at org.springframework.security.web.ObservationFilterChainDecorator$ObservationFilter.doFilter(ObservationFilterChainDecorator.java:227)
	at org.springframework.security.web.ObservationFilterChainDecorator$VirtualFilterChain.doFilter(ObservationFilterChainDecorator.java:137)
	at org.springframework.security.web.context.request.async.WebAsyncManagerIntegrationFilter.doFilterInternal(WebAsyncManagerIntegrationFilter.java:62)
	at org.springframework.web.filter.OncePerRequestFilter.doFilter(OncePerRequestFilter.java:116)
	at org.springframework.security.web.ObservationFilterChainDecorator$ObservationFilter.wrapFilter(ObservationFilterChainDecorator.java:240)
	at org.springframework.security.web.ObservationFilterChainDecorator$ObservationFilter.doFilter(ObservationFilterChainDecorator.java:227)
	at org.springframework.security.web.ObservationFilterChainDecorator$VirtualFilterChain.doFilter(ObservationFilterChainDecorator.java:137)
	at org.springframework.security.web.session.DisableEncodeUrlFilter.doFilterInternal(DisableEncodeUrlFilter.java:42)
	at org.springframework.web.filter.OncePerRequestFilter.doFilter(OncePerRequestFilter.java:116)
	at org.springframework.security.web.ObservationFilterChainDecorator$ObservationFilter.wrapFilter(ObservationFilterChainDecorator.java:240)
	at org.springframework.security.web.ObservationFilterChainDecorator$AroundFilterObservation$SimpleAroundFilterObservation.lambda$wrap$0(ObservationFilterChainDecorator.java:323)
	at org.springframework.security.web.ObservationFilterChainDecorator$ObservationFilter.doFilter(ObservationFilterChainDecorator.java:224)
	at org.springframework.security.web.ObservationFilterChainDecorator$VirtualFilterChain.doFilter(ObservationFilterChainDecorator.java:137)
	at org.springframework.security.web.FilterChainProxy.doFilterInternal(FilterChainProxy.java:233)
	at org.springframework.security.web.FilterChainProxy.doFilter(FilterChainProxy.java:191)
	at org.springframework.web.filter.CompositeFilter$VirtualFilterChain.doFilter(CompositeFilter.java:113)
	at org.springframework.web.servlet.handler.HandlerMappingIntrospector.lambda$createCacheFilter$3(HandlerMappingIntrospector.java:195)
	at org.springframework.web.filter.CompositeFilter$VirtualFilterChain.doFilter(CompositeFilter.java:113)
	at org.springframework.web.filter.CompositeFilter.doFilter(CompositeFilter.java:74)
	at org.springframework.security.config.annotation.web.configuration.WebMvcSecurityConfiguration$CompositeFilterChainProxy.doFilter(WebMvcSecurityConfiguration.java:230)
	at org.springframework.web.filter.DelegatingFilterProxy.invokeDelegate(DelegatingFilterProxy.java:352)
	at org.springframework.web.filter.DelegatingFilterProxy.doFilter(DelegatingFilterProxy.java:268)
	at org.apache.catalina.core.ApplicationFilterChain.internalDoFilter(ApplicationFilterChain.java:164)
	at org.apache.catalina.core.ApplicationFilterChain.doFilter(ApplicationFilterChain.java:140)
	at org.springframework.web.filter.RequestContextFilter.doFilterInternal(RequestContextFilter.java:100)
	at org.springframework.web.filter.OncePerRequestFilter.doFilter(OncePerRequestFilter.java:116)
	at org.apache.catalina.core.ApplicationFilterChain.internalDoFilter(ApplicationFilterChain.java:164)
	at org.apache.catalina.core.ApplicationFilterChain.doFilter(ApplicationFilterChain.java:140)
	at org.springframework.web.filter.FormContentFilter.doFilterInternal(FormContentFilter.java:93)
	at org.springframework.web.filter.OncePerRequestFilter.doFilter(OncePerRequestFilter.java:116)
	at org.apache.catalina.core.ApplicationFilterChain.internalDoFilter(ApplicationFilterChain.java:164)
	at org.apache.catalina.core.ApplicationFilterChain.doFilter(ApplicationFilterChain.java:140)
	at org.springframework.web.filter.ServerHttpObservationFilter.doFilterInternal(ServerHttpObservationFilter.java:113)
	at org.springframework.web.filter.OncePerRequestFilter.doFilter(OncePerRequestFilter.java:116)
	at org.apache.catalina.core.ApplicationFilterChain.internalDoFilter(ApplicationFilterChain.java:164)
	at org.apache.catalina.core.ApplicationFilterChain.doFilter(ApplicationFilterChain.java:140)
	at org.springframework.web.filter.CharacterEncodingFilter.doFilterInternal(CharacterEncodingFilter.java:201)
	at org.springframework.web.filter.OncePerRequestFilter.doFilter(OncePerRequestFilter.java:116)
	at org.apache.catalina.core.ApplicationFilterChain.internalDoFilter(ApplicationFilterChain.java:164)
	at org.apache.catalina.core.ApplicationFilterChain.doFilter(ApplicationFilterChain.java:140)
	at org.apache.catalina.core.StandardWrapperValve.invoke(StandardWrapperValve.java:167)
	at org.apache.catalina.core.StandardContextValve.invoke(StandardContextValve.java:90)
	at org.apache.catalina.authenticator.AuthenticatorBase.invoke(AuthenticatorBase.java:483)
	at org.apache.catalina.core.StandardHostValve.invoke(StandardHostValve.java:115)
	at org.apache.catalina.valves.ErrorReportValve.invoke(ErrorReportValve.java:93)
	at org.apache.catalina.core.StandardEngineValve.invoke(StandardEngineValve.java:74)
	at org.apache.catalina.connector.CoyoteAdapter.service(CoyoteAdapter.java:344)
	at org.apache.coyote.http11.Http11Processor.service(Http11Processor.java:384)
	at org.apache.coyote.AbstractProcessorLight.process(AbstractProcessorLight.java:63)
	at org.apache.coyote.AbstractProtocol$ConnectionHandler.process(AbstractProtocol.java:905)
	at org.apache.tomcat.util.net.NioEndpoint$SocketProcessor.doRun(NioEndpoint.java:1741)
	at org.apache.tomcat.util.net.SocketProcessorBase.run(SocketProcessorBase.java:52)
	at org.apache.tomcat.util.threads.ThreadPoolExecutor.runWorker(ThreadPoolExecutor.java:1190)
	at org.apache.tomcat.util.threads.ThreadPoolExecutor$Worker.run(ThreadPoolExecutor.java:659)
	at org.apache.tomcat.util.threads.TaskThread$WrappingRunnable.run(TaskThread.java:63)
	at java.base/java.lang.Thread.run(Thread.java:1570)
Caused by: java.net.UnknownHostException: dashscope.aliyuncs.com
	at java.base/sun.nio.ch.NioSocketImpl.connect(NioSocketImpl.java:567)
	at java.base/java.net.SocksSocketImpl.connect(SocksSocketImpl.java:327)
	at java.base/java.net.Socket.connect(Socket.java:752)
	at java.base/sun.security.ssl.SSLSocketImpl.connect(SSLSocketImpl.java:304)
	at java.base/sun.net.NetworkClient.doConnect(NetworkClient.java:178)
	at java.base/sun.net.www.http.HttpClient.openServer(HttpClient.java:531)
	at java.base/sun.net.www.http.HttpClient.openServer(HttpClient.java:636)
	at java.base/sun.net.www.protocol.https.HttpsClient.<init>(HttpsClient.java:264)
	at java.base/sun.net.www.protocol.https.HttpsClient.New(HttpsClient.java:377)
	at java.base/sun.net.www.protocol.https.AbstractDelegateHttpsURLConnection.getNewHttpClient(AbstractDelegateHttpsURLConnection.java:193)
	at java.base/sun.net.www.protocol.http.HttpURLConnection.plainConnect0(HttpURLConnection.java:1243)
	at java.base/sun.net.www.protocol.http.HttpURLConnection.plainConnect(HttpURLConnection.java:1129)
	at java.base/sun.net.www.protocol.https.AbstractDelegateHttpsURLConnection.connect(AbstractDelegateHttpsURLConnection.java:179)
	at java.base/sun.net.www.protocol.https.HttpsURLConnectionImpl.connect(HttpsURLConnectionImpl.java:141)
	at org.springframework.http.client.SimpleClientHttpRequest.executeInternal(SimpleClientHttpRequest.java:79)
	at org.springframework.http.client.AbstractStreamingClientHttpRequest.executeInternal(AbstractStreamingClientHttpRequest.java:70)
	at org.springframework.http.client.AbstractClientHttpRequest.execute(AbstractClientHttpRequest.java:66)
	at org.springframework.web.client.DefaultRestClient$DefaultRequestBodyUriSpec.exchangeInternal(DefaultRestClient.java:492)
	... 172 common frames omitted
2026-09-12 17:00:33.465 [http-nio-8080-exec-9] WARN  o.s.a.r.a.SpringAiRetryAutoConfiguration - Retry error. Retry count: 6, Exception: I/O error on POST request for "https://dashscope.aliyuncs.com/api/v1/services/aigc/text-generation/generation": dashscope.aliyuncs.com
org.springframework.web.client.ResourceAccessException: I/O error on POST request for "https://dashscope.aliyuncs.com/api/v1/services/aigc/text-generation/generation": dashscope.aliyuncs.com
	at org.springframework.web.client.DefaultRestClient$DefaultRequestBodyUriSpec.createResourceAccessException(DefaultRestClient.java:584)
	at org.springframework.web.client.DefaultRestClient$DefaultRequestBodyUriSpec.exchangeInternal(DefaultRestClient.java:498)
	at org.springframework.web.client.DefaultRestClient$DefaultRequestBodyUriSpec.retrieve(DefaultRestClient.java:458)
	at com.alibaba.cloud.ai.dashscope.api.DashScopeApi.chatCompletionEntity(DashScopeApi.java:1382)
	at com.alibaba.cloud.ai.dashscope.chat.DashScopeChatModel.lambda$internalCall$1(DashScopeChatModel.java:183)
	at org.springframework.retry.support.RetryTemplate.doExecute(RetryTemplate.java:344)
	at org.springframework.retry.support.RetryTemplate.execute(RetryTemplate.java:217)
	at com.alibaba.cloud.ai.dashscope.chat.DashScopeChatModel.lambda$internalCall$2(DashScopeChatModel.java:183)
	at io.micrometer.observation.Observation.observe(Observation.java:565)
	at com.alibaba.cloud.ai.dashscope.chat.DashScopeChatModel.internalCall(DashScopeChatModel.java:180)
	at com.alibaba.cloud.ai.dashscope.chat.DashScopeChatModel.call(DashScopeChatModel.java:161)
	at org.springframework.ai.chat.client.advisor.ChatModelCallAdvisor.adviseCall(ChatModelCallAdvisor.java:54)
	at org.springframework.ai.chat.client.advisor.DefaultAroundAdvisorChain.lambda$nextCall$1(DefaultAroundAdvisorChain.java:110)
	at io.micrometer.observation.Observation.observe(Observation.java:565)
	at org.springframework.ai.chat.client.advisor.DefaultAroundAdvisorChain.nextCall(DefaultAroundAdvisorChain.java:110)
	at org.springframework.ai.chat.client.DefaultChatClient$DefaultCallResponseSpec.lambda$doGetObservableChatClientResponse$1(DefaultChatClient.java:469)
	at io.micrometer.observation.Observation.observe(Observation.java:565)
	at org.springframework.ai.chat.client.DefaultChatClient$DefaultCallResponseSpec.doGetObservableChatClientResponse(DefaultChatClient.java:467)
	at org.springframework.ai.chat.client.DefaultChatClient$DefaultCallResponseSpec.doGetObservableChatClientResponse(DefaultChatClient.java:446)
	at org.springframework.ai.chat.client.DefaultChatClient$DefaultCallResponseSpec.content(DefaultChatClient.java:441)
	at com.aiservice.aireviewassistant.service.impl.ReviewAssistantAgent.analyzeIntentWithLlm(ReviewAssistantAgent.java:312)
	at com.aiservice.aireviewassistant.service.impl.ReviewAssistantAgent.recognizeIntent(ReviewAssistantAgent.java:300)
	at com.aiservice.aireviewassistant.service.impl.ReviewAssistantAgent.chatStream(ReviewAssistantAgent.java:221)
	at com.aiservice.aireviewassistant.controller.AgentController.stream(AgentController.java:43)
	at java.base/jdk.internal.reflect.DirectMethodHandleAccessor.invoke(DirectMethodHandleAccessor.java:103)
	at java.base/java.lang.reflect.Method.invoke(Method.java:580)
	at org.springframework.aop.support.AopUtils.invokeJoinpointUsingReflection(AopUtils.java:355)
	at org.springframework.aop.framework.ReflectiveMethodInvocation.invokeJoinpoint(ReflectiveMethodInvocation.java:196)
	at org.springframework.aop.framework.ReflectiveMethodInvocation.proceed(ReflectiveMethodInvocation.java:163)
	at org.springframework.aop.framework.CglibAopProxy$CglibMethodInvocation.proceed(CglibAopProxy.java:768)
	at org.springframework.validation.beanvalidation.MethodValidationInterceptor.invoke(MethodValidationInterceptor.java:174)
	at org.springframework.aop.framework.ReflectiveMethodInvocation.proceed(ReflectiveMethodInvocation.java:184)
	at org.springframework.aop.framework.CglibAopProxy$CglibMethodInvocation.proceed(CglibAopProxy.java:768)
	at org.springframework.aop.aspectj.MethodInvocationProceedingJoinPoint.proceed(MethodInvocationProceedingJoinPoint.java:89)
	at com.aiservice.aireviewassistant.aspect.RateLimitAspect.around(RateLimitAspect.java:30)
	at java.base/jdk.internal.reflect.DirectMethodHandleAccessor.invoke(DirectMethodHandleAccessor.java:103)
	at java.base/java.lang.reflect.Method.invoke(Method.java:580)
	at org.springframework.aop.aspectj.AbstractAspectJAdvice.invokeAdviceMethodWithGivenArgs(AbstractAspectJAdvice.java:637)
	at org.springframework.aop.aspectj.AbstractAspectJAdvice.invokeAdviceMethod(AbstractAspectJAdvice.java:627)
	at org.springframework.aop.aspectj.AspectJAroundAdvice.invoke(AspectJAroundAdvice.java:71)
	at org.springframework.aop.framework.ReflectiveMethodInvocation.proceed(ReflectiveMethodInvocation.java:173)
	at org.springframework.aop.framework.CglibAopProxy$CglibMethodInvocation.proceed(CglibAopProxy.java:768)
	at org.springframework.aop.interceptor.ExposeInvocationInterceptor.invoke(ExposeInvocationInterceptor.java:97)
	at org.springframework.aop.framework.ReflectiveMethodInvocation.proceed(ReflectiveMethodInvocation.java:184)
	at org.springframework.aop.framework.CglibAopProxy$CglibMethodInvocation.proceed(CglibAopProxy.java:768)
	at org.springframework.aop.framework.CglibAopProxy$DynamicAdvisedInterceptor.intercept(CglibAopProxy.java:720)
	at com.aiservice.aireviewassistant.controller.AgentController$$SpringCGLIB$$0.stream(<generated>)
	at java.base/jdk.internal.reflect.DirectMethodHandleAccessor.invoke(DirectMethodHandleAccessor.java:103)
	at java.base/java.lang.reflect.Method.invoke(Method.java:580)
	at org.springframework.web.method.support.InvocableHandlerMethod.doInvoke(InvocableHandlerMethod.java:255)
	at org.springframework.web.method.support.InvocableHandlerMethod.invokeForRequest(InvocableHandlerMethod.java:188)
	at org.springframework.web.servlet.mvc.method.annotation.ServletInvocableHandlerMethod.invokeAndHandle(ServletInvocableHandlerMethod.java:118)
	at org.springframework.web.servlet.mvc.method.annotation.RequestMappingHandlerAdapter.invokeHandlerMethod(RequestMappingHandlerAdapter.java:926)
	at org.springframework.web.servlet.mvc.method.annotation.RequestMappingHandlerAdapter.handleInternal(RequestMappingHandlerAdapter.java:831)
	at org.springframework.web.servlet.mvc.method.AbstractHandlerMethodAdapter.handle(AbstractHandlerMethodAdapter.java:87)
	at org.springframework.web.servlet.DispatcherServlet.doDispatch(DispatcherServlet.java:1089)
	at org.springframework.web.servlet.DispatcherServlet.doService(DispatcherServlet.java:979)
	at org.springframework.web.servlet.FrameworkServlet.processRequest(FrameworkServlet.java:1014)
	at org.springframework.web.servlet.FrameworkServlet.doGet(FrameworkServlet.java:903)
	at jakarta.servlet.http.HttpServlet.service(HttpServlet.java:564)
	at org.springframework.web.servlet.FrameworkServlet.service(FrameworkServlet.java:885)
	at jakarta.servlet.http.HttpServlet.service(HttpServlet.java:658)
	at org.apache.catalina.core.ApplicationFilterChain.internalDoFilter(ApplicationFilterChain.java:195)
	at org.apache.catalina.core.ApplicationFilterChain.doFilter(ApplicationFilterChain.java:140)
	at org.apache.tomcat.websocket.server.WsFilter.doFilter(WsFilter.java:51)
	at org.apache.catalina.core.ApplicationFilterChain.internalDoFilter(ApplicationFilterChain.java:164)
	at org.apache.catalina.core.ApplicationFilterChain.doFilter(ApplicationFilterChain.java:140)
	at org.springframework.web.filter.CompositeFilter$VirtualFilterChain.doFilter(CompositeFilter.java:108)
	at org.springframework.security.web.FilterChainProxy.lambda$doFilterInternal$3(FilterChainProxy.java:231)
	at org.springframework.security.web.ObservationFilterChainDecorator$FilterObservation$SimpleFilterObservation.lambda$wrap$1(ObservationFilterChainDecorator.java:479)
	at org.springframework.security.web.ObservationFilterChainDecorator$AroundFilterObservation$SimpleAroundFilterObservation.lambda$wrap$1(ObservationFilterChainDecorator.java:340)
	at org.springframework.security.web.ObservationFilterChainDecorator.lambda$wrapSecured$0(ObservationFilterChainDecorator.java:82)
	at org.springframework.security.web.ObservationFilterChainDecorator$VirtualFilterChain.doFilter(ObservationFilterChainDecorator.java:128)
	at org.springframework.security.web.access.intercept.AuthorizationFilter.doFilter(AuthorizationFilter.java:100)
	at org.springframework.security.web.ObservationFilterChainDecorator$ObservationFilter.wrapFilter(ObservationFilterChainDecorator.java:240)
	at org.springframework.security.web.ObservationFilterChainDecorator$ObservationFilter.doFilter(ObservationFilterChainDecorator.java:227)
	at org.springframework.security.web.ObservationFilterChainDecorator$VirtualFilterChain.doFilter(ObservationFilterChainDecorator.java:137)
	at org.springframework.security.web.access.ExceptionTranslationFilter.doFilter(ExceptionTranslationFilter.java:126)
	at org.springframework.security.web.access.ExceptionTranslationFilter.doFilter(ExceptionTranslationFilter.java:120)
	at org.springframework.security.web.ObservationFilterChainDecorator$ObservationFilter.wrapFilter(ObservationFilterChainDecorator.java:240)
	at org.springframework.security.web.ObservationFilterChainDecorator$ObservationFilter.doFilter(ObservationFilterChainDecorator.java:227)
	at org.springframework.security.web.ObservationFilterChainDecorator$VirtualFilterChain.doFilter(ObservationFilterChainDecorator.java:137)
	at org.springframework.security.web.session.SessionManagementFilter.doFilter(SessionManagementFilter.java:131)
	at org.springframework.security.web.session.SessionManagementFilter.doFilter(SessionManagementFilter.java:85)
	at org.springframework.security.web.ObservationFilterChainDecorator$ObservationFilter.wrapFilter(ObservationFilterChainDecorator.java:240)
	at org.springframework.security.web.ObservationFilterChainDecorator$ObservationFilter.doFilter(ObservationFilterChainDecorator.java:227)
	at org.springframework.security.web.ObservationFilterChainDecorator$VirtualFilterChain.doFilter(ObservationFilterChainDecorator.java:137)
	at org.springframework.security.web.authentication.AnonymousAuthenticationFilter.doFilter(AnonymousAuthenticationFilter.java:100)
	at org.springframework.security.web.ObservationFilterChainDecorator$ObservationFilter.wrapFilter(ObservationFilterChainDecorator.java:240)
	at org.springframework.security.web.ObservationFilterChainDecorator$ObservationFilter.doFilter(ObservationFilterChainDecorator.java:227)
	at org.springframework.security.web.ObservationFilterChainDecorator$VirtualFilterChain.doFilter(ObservationFilterChainDecorator.java:137)
	at org.springframework.security.web.servletapi.SecurityContextHolderAwareRequestFilter.doFilter(SecurityContextHolderAwareRequestFilter.java:179)
	at org.springframework.security.web.ObservationFilterChainDecorator$ObservationFilter.wrapFilter(ObservationFilterChainDecorator.java:240)
	at org.springframework.security.web.ObservationFilterChainDecorator$ObservationFilter.doFilter(ObservationFilterChainDecorator.java:227)
	at org.springframework.security.web.ObservationFilterChainDecorator$VirtualFilterChain.doFilter(ObservationFilterChainDecorator.java:137)
	at org.springframework.security.web.savedrequest.RequestCacheAwareFilter.doFilter(RequestCacheAwareFilter.java:63)
	at org.springframework.security.web.ObservationFilterChainDecorator$ObservationFilter.wrapFilter(ObservationFilterChainDecorator.java:240)
	at org.springframework.security.web.ObservationFilterChainDecorator$ObservationFilter.doFilter(ObservationFilterChainDecorator.java:227)
	at org.springframework.security.web.ObservationFilterChainDecorator$VirtualFilterChain.doFilter(ObservationFilterChainDecorator.java:137)
	at com.aiservice.aireviewassistant.security.JwtAuthenticationFilter.doFilterInternal(JwtAuthenticationFilter.java:54)
	at org.springframework.web.filter.OncePerRequestFilter.doFilter(OncePerRequestFilter.java:116)
	at org.springframework.security.web.ObservationFilterChainDecorator$ObservationFilter.wrapFilter(ObservationFilterChainDecorator.java:240)
	at org.springframework.security.web.ObservationFilterChainDecorator$ObservationFilter.doFilter(ObservationFilterChainDecorator.java:227)
	at org.springframework.security.web.ObservationFilterChainDecorator$VirtualFilterChain.doFilter(ObservationFilterChainDecorator.java:137)
	at org.springframework.security.web.authentication.logout.LogoutFilter.doFilter(LogoutFilter.java:107)
	at org.springframework.security.web.authentication.logout.LogoutFilter.doFilter(LogoutFilter.java:93)
	at org.springframework.security.web.ObservationFilterChainDecorator$ObservationFilter.wrapFilter(ObservationFilterChainDecorator.java:240)
	at org.springframework.security.web.ObservationFilterChainDecorator$ObservationFilter.doFilter(ObservationFilterChainDecorator.java:227)
	at org.springframework.security.web.ObservationFilterChainDecorator$VirtualFilterChain.doFilter(ObservationFilterChainDecorator.java:137)
	at org.springframework.security.web.header.HeaderWriterFilter.doHeadersAfter(HeaderWriterFilter.java:90)
	at org.springframework.security.web.header.HeaderWriterFilter.doFilterInternal(HeaderWriterFilter.java:75)
	at org.springframework.web.filter.OncePerRequestFilter.doFilter(OncePerRequestFilter.java:116)
	at org.springframework.security.web.ObservationFilterChainDecorator$ObservationFilter.wrapFilter(ObservationFilterChainDecorator.java:240)
	at org.springframework.security.web.ObservationFilterChainDecorator$ObservationFilter.doFilter(ObservationFilterChainDecorator.java:227)
	at org.springframework.security.web.ObservationFilterChainDecorator$VirtualFilterChain.doFilter(ObservationFilterChainDecorator.java:137)
	at org.springframework.security.web.context.SecurityContextHolderFilter.doFilter(SecurityContextHolderFilter.java:82)
	at org.springframework.security.web.context.SecurityContextHolderFilter.doFilter(SecurityContextHolderFilter.java:69)
	at org.springframework.security.web.ObservationFilterChainDecorator$ObservationFilter.wrapFilter(ObservationFilterChainDecorator.java:240)
	at org.springframework.security.web.ObservationFilterChainDecorator$ObservationFilter.doFilter(ObservationFilterChainDecorator.java:227)
	at org.springframework.security.web.ObservationFilterChainDecorator$VirtualFilterChain.doFilter(ObservationFilterChainDecorator.java:137)
	at org.springframework.security.web.context.request.async.WebAsyncManagerIntegrationFilter.doFilterInternal(WebAsyncManagerIntegrationFilter.java:62)
	at org.springframework.web.filter.OncePerRequestFilter.doFilter(OncePerRequestFilter.java:116)
	at org.springframework.security.web.ObservationFilterChainDecorator$ObservationFilter.wrapFilter(ObservationFilterChainDecorator.java:240)
	at org.springframework.security.web.ObservationFilterChainDecorator$ObservationFilter.doFilter(ObservationFilterChainDecorator.java:227)
	at org.springframework.security.web.ObservationFilterChainDecorator$VirtualFilterChain.doFilter(ObservationFilterChainDecorator.java:137)
	at org.springframework.security.web.session.DisableEncodeUrlFilter.doFilterInternal(DisableEncodeUrlFilter.java:42)
	at org.springframework.web.filter.OncePerRequestFilter.doFilter(OncePerRequestFilter.java:116)
	at org.springframework.security.web.ObservationFilterChainDecorator$ObservationFilter.wrapFilter(ObservationFilterChainDecorator.java:240)
	at org.springframework.security.web.ObservationFilterChainDecorator$AroundFilterObservation$SimpleAroundFilterObservation.lambda$wrap$0(ObservationFilterChainDecorator.java:323)
	at org.springframework.security.web.ObservationFilterChainDecorator$ObservationFilter.doFilter(ObservationFilterChainDecorator.java:224)
	at org.springframework.security.web.ObservationFilterChainDecorator$VirtualFilterChain.doFilter(ObservationFilterChainDecorator.java:137)
	at org.springframework.security.web.FilterChainProxy.doFilterInternal(FilterChainProxy.java:233)
	at org.springframework.security.web.FilterChainProxy.doFilter(FilterChainProxy.java:191)
	at org.springframework.web.filter.CompositeFilter$VirtualFilterChain.doFilter(CompositeFilter.java:113)
	at org.springframework.web.servlet.handler.HandlerMappingIntrospector.lambda$createCacheFilter$3(HandlerMappingIntrospector.java:195)
	at org.springframework.web.filter.CompositeFilter$VirtualFilterChain.doFilter(CompositeFilter.java:113)
	at org.springframework.web.filter.CompositeFilter.doFilter(CompositeFilter.java:74)
	at org.springframework.security.config.annotation.web.configuration.WebMvcSecurityConfiguration$CompositeFilterChainProxy.doFilter(WebMvcSecurityConfiguration.java:230)
	at org.springframework.web.filter.DelegatingFilterProxy.invokeDelegate(DelegatingFilterProxy.java:352)
	at org.springframework.web.filter.DelegatingFilterProxy.doFilter(DelegatingFilterProxy.java:268)
	at org.apache.catalina.core.ApplicationFilterChain.internalDoFilter(ApplicationFilterChain.java:164)
	at org.apache.catalina.core.ApplicationFilterChain.doFilter(ApplicationFilterChain.java:140)
	at org.springframework.web.filter.RequestContextFilter.doFilterInternal(RequestContextFilter.java:100)
	at org.springframework.web.filter.OncePerRequestFilter.doFilter(OncePerRequestFilter.java:116)
	at org.apache.catalina.core.ApplicationFilterChain.internalDoFilter(ApplicationFilterChain.java:164)
	at org.apache.catalina.core.ApplicationFilterChain.doFilter(ApplicationFilterChain.java:140)
	at org.springframework.web.filter.FormContentFilter.doFilterInternal(FormContentFilter.java:93)
	at org.springframework.web.filter.OncePerRequestFilter.doFilter(OncePerRequestFilter.java:116)
	at org.apache.catalina.core.ApplicationFilterChain.internalDoFilter(ApplicationFilterChain.java:164)
	at org.apache.catalina.core.ApplicationFilterChain.doFilter(ApplicationFilterChain.java:140)
	at org.springframework.web.filter.ServerHttpObservationFilter.doFilterInternal(ServerHttpObservationFilter.java:113)
	at org.springframework.web.filter.OncePerRequestFilter.doFilter(OncePerRequestFilter.java:116)
	at org.apache.catalina.core.ApplicationFilterChain.internalDoFilter(ApplicationFilterChain.java:164)
	at org.apache.catalina.core.ApplicationFilterChain.doFilter(ApplicationFilterChain.java:140)
	at org.springframework.web.filter.CharacterEncodingFilter.doFilterInternal(CharacterEncodingFilter.java:201)
	at org.springframework.web.filter.OncePerRequestFilter.doFilter(OncePerRequestFilter.java:116)
	at org.apache.catalina.core.ApplicationFilterChain.internalDoFilter(ApplicationFilterChain.java:164)
	at org.apache.catalina.core.ApplicationFilterChain.doFilter(ApplicationFilterChain.java:140)
	at org.apache.catalina.core.StandardWrapperValve.invoke(StandardWrapperValve.java:167)
	at org.apache.catalina.core.StandardContextValve.invoke(StandardContextValve.java:90)
	at org.apache.catalina.authenticator.AuthenticatorBase.invoke(AuthenticatorBase.java:483)
	at org.apache.catalina.core.StandardHostValve.invoke(StandardHostValve.java:115)
	at org.apache.catalina.valves.ErrorReportValve.invoke(ErrorReportValve.java:93)
	at org.apache.catalina.core.StandardEngineValve.invoke(StandardEngineValve.java:74)
	at org.apache.catalina.connector.CoyoteAdapter.service(CoyoteAdapter.java:344)
	at org.apache.coyote.http11.Http11Processor.service(Http11Processor.java:384)
	at org.apache.coyote.AbstractProcessorLight.process(AbstractProcessorLight.java:63)
	at org.apache.coyote.AbstractProtocol$ConnectionHandler.process(AbstractProtocol.java:905)
	at org.apache.tomcat.util.net.NioEndpoint$SocketProcessor.doRun(NioEndpoint.java:1741)
	at org.apache.tomcat.util.net.SocketProcessorBase.run(SocketProcessorBase.java:52)
	at org.apache.tomcat.util.threads.ThreadPoolExecutor.runWorker(ThreadPoolExecutor.java:1190)
	at org.apache.tomcat.util.threads.ThreadPoolExecutor$Worker.run(ThreadPoolExecutor.java:659)
	at org.apache.tomcat.util.threads.TaskThread$WrappingRunnable.run(TaskThread.java:63)
	at java.base/java.lang.Thread.run(Thread.java:1570)
Caused by: java.net.UnknownHostException: dashscope.aliyuncs.com
	at java.base/sun.nio.ch.NioSocketImpl.connect(NioSocketImpl.java:567)
	at java.base/java.net.SocksSocketImpl.connect(SocksSocketImpl.java:327)
	at java.base/java.net.Socket.connect(Socket.java:752)
	at java.base/sun.security.ssl.SSLSocketImpl.connect(SSLSocketImpl.java:304)
	at java.base/sun.net.NetworkClient.doConnect(NetworkClient.java:178)
	at java.base/sun.net.www.http.HttpClient.openServer(HttpClient.java:531)
	at java.base/sun.net.www.http.HttpClient.openServer(HttpClient.java:636)
	at java.base/sun.net.www.protocol.https.HttpsClient.<init>(HttpsClient.java:264)
	at java.base/sun.net.www.protocol.https.HttpsClient.New(HttpsClient.java:377)
	at java.base/sun.net.www.protocol.https.AbstractDelegateHttpsURLConnection.getNewHttpClient(AbstractDelegateHttpsURLConnection.java:193)
	at java.base/sun.net.www.protocol.http.HttpURLConnection.plainConnect0(HttpURLConnection.java:1243)
	at java.base/sun.net.www.protocol.http.HttpURLConnection.plainConnect(HttpURLConnection.java:1129)
	at java.base/sun.net.www.protocol.https.AbstractDelegateHttpsURLConnection.connect(AbstractDelegateHttpsURLConnection.java:179)
	at java.base/sun.net.www.protocol.https.HttpsURLConnectionImpl.connect(HttpsURLConnectionImpl.java:141)
	at org.springframework.http.client.SimpleClientHttpRequest.executeInternal(SimpleClientHttpRequest.java:79)
	at org.springframework.http.client.AbstractStreamingClientHttpRequest.executeInternal(AbstractStreamingClientHttpRequest.java:70)
	at org.springframework.http.client.AbstractClientHttpRequest.execute(AbstractClientHttpRequest.java:66)
	at org.springframework.web.client.DefaultRestClient$DefaultRequestBodyUriSpec.exchangeInternal(DefaultRestClient.java:492)
	... 172 common frames omitted
2026-09-12 17:08:49.362 [HikariPool-1 housekeeper] WARN  com.zaxxer.hikari.pool.HikariPool - HikariPool-1 - Thread starvation or clock leap detected (housekeeper delta=1h1m101ms).
2026-09-12 17:25:07.865 [http-nio-8080-exec-9] WARN  o.s.a.r.a.SpringAiRetryAutoConfiguration - Retry error. Retry count: 7, Exception: I/O error on POST request for "https://dashscope.aliyuncs.com/api/v1/services/aigc/text-generation/generation": dashscope.aliyuncs.com
org.springframework.web.client.ResourceAccessException: I/O error on POST request for "https://dashscope.aliyuncs.com/api/v1/services/aigc/text-generation/generation": dashscope.aliyuncs.com
	at org.springframework.web.client.DefaultRestClient$DefaultRequestBodyUriSpec.createResourceAccessException(DefaultRestClient.java:584)
	at org.springframework.web.client.DefaultRestClient$DefaultRequestBodyUriSpec.exchangeInternal(DefaultRestClient.java:498)
	at org.springframework.web.client.DefaultRestClient$DefaultRequestBodyUriSpec.retrieve(DefaultRestClient.java:458)
	at com.alibaba.cloud.ai.dashscope.api.DashScopeApi.chatCompletionEntity(DashScopeApi.java:1382)
	at com.alibaba.cloud.ai.dashscope.chat.DashScopeChatModel.lambda$internalCall$1(DashScopeChatModel.java:183)
	at org.springframework.retry.support.RetryTemplate.doExecute(RetryTemplate.java:344)
	at org.springframework.retry.support.RetryTemplate.execute(RetryTemplate.java:217)
	at com.alibaba.cloud.ai.dashscope.chat.DashScopeChatModel.lambda$internalCall$2(DashScopeChatModel.java:183)
	at io.micrometer.observation.Observation.observe(Observation.java:565)
	at com.alibaba.cloud.ai.dashscope.chat.DashScopeChatModel.internalCall(DashScopeChatModel.java:180)
	at com.alibaba.cloud.ai.dashscope.chat.DashScopeChatModel.call(DashScopeChatModel.java:161)
	at org.springframework.ai.chat.client.advisor.ChatModelCallAdvisor.adviseCall(ChatModelCallAdvisor.java:54)
	at org.springframework.ai.chat.client.advisor.DefaultAroundAdvisorChain.lambda$nextCall$1(DefaultAroundAdvisorChain.java:110)
	at io.micrometer.observation.Observation.observe(Observation.java:565)
	at org.springframework.ai.chat.client.advisor.DefaultAroundAdvisorChain.nextCall(DefaultAroundAdvisorChain.java:110)
	at org.springframework.ai.chat.client.DefaultChatClient$DefaultCallResponseSpec.lambda$doGetObservableChatClientResponse$1(DefaultChatClient.java:469)
	at io.micrometer.observation.Observation.observe(Observation.java:565)
	at org.springframework.ai.chat.client.DefaultChatClient$DefaultCallResponseSpec.doGetObservableChatClientResponse(DefaultChatClient.java:467)
	at org.springframework.ai.chat.client.DefaultChatClient$DefaultCallResponseSpec.doGetObservableChatClientResponse(DefaultChatClient.java:446)
	at org.springframework.ai.chat.client.DefaultChatClient$DefaultCallResponseSpec.content(DefaultChatClient.java:441)
	at com.aiservice.aireviewassistant.service.impl.ReviewAssistantAgent.analyzeIntentWithLlm(ReviewAssistantAgent.java:312)
	at com.aiservice.aireviewassistant.service.impl.ReviewAssistantAgent.recognizeIntent(ReviewAssistantAgent.java:300)
	at com.aiservice.aireviewassistant.service.impl.ReviewAssistantAgent.chatStream(ReviewAssistantAgent.java:221)
	at com.aiservice.aireviewassistant.controller.AgentController.stream(AgentController.java:43)
	at java.base/jdk.internal.reflect.DirectMethodHandleAccessor.invoke(DirectMethodHandleAccessor.java:103)
	at java.base/java.lang.reflect.Method.invoke(Method.java:580)
	at org.springframework.aop.support.AopUtils.invokeJoinpointUsingReflection(AopUtils.java:355)
	at org.springframework.aop.framework.ReflectiveMethodInvocation.invokeJoinpoint(ReflectiveMethodInvocation.java:196)
	at org.springframework.aop.framework.ReflectiveMethodInvocation.proceed(ReflectiveMethodInvocation.java:163)
	at org.springframework.aop.framework.CglibAopProxy$CglibMethodInvocation.proceed(CglibAopProxy.java:768)
	at org.springframework.validation.beanvalidation.MethodValidationInterceptor.invoke(MethodValidationInterceptor.java:174)
	at org.springframework.aop.framework.ReflectiveMethodInvocation.proceed(ReflectiveMethodInvocation.java:184)
	at org.springframework.aop.framework.CglibAopProxy$CglibMethodInvocation.proceed(CglibAopProxy.java:768)
	at org.springframework.aop.aspectj.MethodInvocationProceedingJoinPoint.proceed(MethodInvocationProceedingJoinPoint.java:89)
	at com.aiservice.aireviewassistant.aspect.RateLimitAspect.around(RateLimitAspect.java:30)
	at java.base/jdk.internal.reflect.DirectMethodHandleAccessor.invoke(DirectMethodHandleAccessor.java:103)
	at java.base/java.lang.reflect.Method.invoke(Method.java:580)
	at org.springframework.aop.aspectj.AbstractAspectJAdvice.invokeAdviceMethodWithGivenArgs(AbstractAspectJAdvice.java:637)
	at org.springframework.aop.aspectj.AbstractAspectJAdvice.invokeAdviceMethod(AbstractAspectJAdvice.java:627)
	at org.springframework.aop.aspectj.AspectJAroundAdvice.invoke(AspectJAroundAdvice.java:71)
	at org.springframework.aop.framework.ReflectiveMethodInvocation.proceed(ReflectiveMethodInvocation.java:173)
	at org.springframework.aop.framework.CglibAopProxy$CglibMethodInvocation.proceed(CglibAopProxy.java:768)
	at org.springframework.aop.interceptor.ExposeInvocationInterceptor.invoke(ExposeInvocationInterceptor.java:97)
	at org.springframework.aop.framework.ReflectiveMethodInvocation.proceed(ReflectiveMethodInvocation.java:184)
	at org.springframework.aop.framework.CglibAopProxy$CglibMethodInvocation.proceed(CglibAopProxy.java:768)
	at org.springframework.aop.framework.CglibAopProxy$DynamicAdvisedInterceptor.intercept(CglibAopProxy.java:720)
	at com.aiservice.aireviewassistant.controller.AgentController$$SpringCGLIB$$0.stream(<generated>)
	at java.base/jdk.internal.reflect.DirectMethodHandleAccessor.invoke(DirectMethodHandleAccessor.java:103)
	at java.base/java.lang.reflect.Method.invoke(Method.java:580)
	at org.springframework.web.method.support.InvocableHandlerMethod.doInvoke(InvocableHandlerMethod.java:255)
	at org.springframework.web.method.support.InvocableHandlerMethod.invokeForRequest(InvocableHandlerMethod.java:188)
	at org.springframework.web.servlet.mvc.method.annotation.ServletInvocableHandlerMethod.invokeAndHandle(ServletInvocableHandlerMethod.java:118)
	at org.springframework.web.servlet.mvc.method.annotation.RequestMappingHandlerAdapter.invokeHandlerMethod(RequestMappingHandlerAdapter.java:926)
	at org.springframework.web.servlet.mvc.method.annotation.RequestMappingHandlerAdapter.handleInternal(RequestMappingHandlerAdapter.java:831)
	at org.springframework.web.servlet.mvc.method.AbstractHandlerMethodAdapter.handle(AbstractHandlerMethodAdapter.java:87)
	at org.springframework.web.servlet.DispatcherServlet.doDispatch(DispatcherServlet.java:1089)
	at org.springframework.web.servlet.DispatcherServlet.doService(DispatcherServlet.java:979)
	at org.springframework.web.servlet.FrameworkServlet.processRequest(FrameworkServlet.java:1014)
	at org.springframework.web.servlet.FrameworkServlet.doGet(FrameworkServlet.java:903)
	at jakarta.servlet.http.HttpServlet.service(HttpServlet.java:564)
	at org.springframework.web.servlet.FrameworkServlet.service(FrameworkServlet.java:885)
	at jakarta.servlet.http.HttpServlet.service(HttpServlet.java:658)
	at org.apache.catalina.core.ApplicationFilterChain.internalDoFilter(ApplicationFilterChain.java:195)
	at org.apache.catalina.core.ApplicationFilterChain.doFilter(ApplicationFilterChain.java:140)
	at org.apache.tomcat.websocket.server.WsFilter.doFilter(WsFilter.java:51)
	at org.apache.catalina.core.ApplicationFilterChain.internalDoFilter(ApplicationFilterChain.java:164)
	at org.apache.catalina.core.ApplicationFilterChain.doFilter(ApplicationFilterChain.java:140)
	at org.springframework.web.filter.CompositeFilter$VirtualFilterChain.doFilter(CompositeFilter.java:108)
	at org.springframework.security.web.FilterChainProxy.lambda$doFilterInternal$3(FilterChainProxy.java:231)
	at org.springframework.security.web.ObservationFilterChainDecorator$FilterObservation$SimpleFilterObservation.lambda$wrap$1(ObservationFilterChainDecorator.java:479)
	at org.springframework.security.web.ObservationFilterChainDecorator$AroundFilterObservation$SimpleAroundFilterObservation.lambda$wrap$1(ObservationFilterChainDecorator.java:340)
	at org.springframework.security.web.ObservationFilterChainDecorator.lambda$wrapSecured$0(ObservationFilterChainDecorator.java:82)
	at org.springframework.security.web.ObservationFilterChainDecorator$VirtualFilterChain.doFilter(ObservationFilterChainDecorator.java:128)
	at org.springframework.security.web.access.intercept.AuthorizationFilter.doFilter(AuthorizationFilter.java:100)
	at org.springframework.security.web.ObservationFilterChainDecorator$ObservationFilter.wrapFilter(ObservationFilterChainDecorator.java:240)
	at org.springframework.security.web.ObservationFilterChainDecorator$ObservationFilter.doFilter(ObservationFilterChainDecorator.java:227)
	at org.springframework.security.web.ObservationFilterChainDecorator$VirtualFilterChain.doFilter(ObservationFilterChainDecorator.java:137)
	at org.springframework.security.web.access.ExceptionTranslationFilter.doFilter(ExceptionTranslationFilter.java:126)
	at org.springframework.security.web.access.ExceptionTranslationFilter.doFilter(ExceptionTranslationFilter.java:120)
	at org.springframework.security.web.ObservationFilterChainDecorator$ObservationFilter.wrapFilter(ObservationFilterChainDecorator.java:240)
	at org.springframework.security.web.ObservationFilterChainDecorator$ObservationFilter.doFilter(ObservationFilterChainDecorator.java:227)
	at org.springframework.security.web.ObservationFilterChainDecorator$VirtualFilterChain.doFilter(ObservationFilterChainDecorator.java:137)
	at org.springframework.security.web.session.SessionManagementFilter.doFilter(SessionManagementFilter.java:131)
	at org.springframework.security.web.session.SessionManagementFilter.doFilter(SessionManagementFilter.java:85)
	at org.springframework.security.web.ObservationFilterChainDecorator$ObservationFilter.wrapFilter(ObservationFilterChainDecorator.java:240)
	at org.springframework.security.web.ObservationFilterChainDecorator$ObservationFilter.doFilter(ObservationFilterChainDecorator.java:227)
	at org.springframework.security.web.ObservationFilterChainDecorator$VirtualFilterChain.doFilter(ObservationFilterChainDecorator.java:137)
	at org.springframework.security.web.authentication.AnonymousAuthenticationFilter.doFilter(AnonymousAuthenticationFilter.java:100)
	at org.springframework.security.web.ObservationFilterChainDecorator$ObservationFilter.wrapFilter(ObservationFilterChainDecorator.java:240)
	at org.springframework.security.web.ObservationFilterChainDecorator$ObservationFilter.doFilter(ObservationFilterChainDecorator.java:227)
	at org.springframework.security.web.ObservationFilterChainDecorator$VirtualFilterChain.doFilter(ObservationFilterChainDecorator.java:137)
	at org.springframework.security.web.servletapi.SecurityContextHolderAwareRequestFilter.doFilter(SecurityContextHolderAwareRequestFilter.java:179)
	at org.springframework.security.web.ObservationFilterChainDecorator$ObservationFilter.wrapFilter(ObservationFilterChainDecorator.java:240)
	at org.springframework.security.web.ObservationFilterChainDecorator$ObservationFilter.doFilter(ObservationFilterChainDecorator.java:227)
	at org.springframework.security.web.ObservationFilterChainDecorator$VirtualFilterChain.doFilter(ObservationFilterChainDecorator.java:137)
	at org.springframework.security.web.savedrequest.RequestCacheAwareFilter.doFilter(RequestCacheAwareFilter.java:63)
	at org.springframework.security.web.ObservationFilterChainDecorator$ObservationFilter.wrapFilter(ObservationFilterChainDecorator.java:240)
	at org.springframework.security.web.ObservationFilterChainDecorator$ObservationFilter.doFilter(ObservationFilterChainDecorator.java:227)
	at org.springframework.security.web.ObservationFilterChainDecorator$VirtualFilterChain.doFilter(ObservationFilterChainDecorator.java:137)
	at com.aiservice.aireviewassistant.security.JwtAuthenticationFilter.doFilterInternal(JwtAuthenticationFilter.java:54)
	at org.springframework.web.filter.OncePerRequestFilter.doFilter(OncePerRequestFilter.java:116)
	at org.springframework.security.web.ObservationFilterChainDecorator$ObservationFilter.wrapFilter(ObservationFilterChainDecorator.java:240)
	at org.springframework.security.web.ObservationFilterChainDecorator$ObservationFilter.doFilter(ObservationFilterChainDecorator.java:227)
	at org.springframework.security.web.ObservationFilterChainDecorator$VirtualFilterChain.doFilter(ObservationFilterChainDecorator.java:137)
	at org.springframework.security.web.authentication.logout.LogoutFilter.doFilter(LogoutFilter.java:107)
	at org.springframework.security.web.authentication.logout.LogoutFilter.doFilter(LogoutFilter.java:93)
	at org.springframework.security.web.ObservationFilterChainDecorator$ObservationFilter.wrapFilter(ObservationFilterChainDecorator.java:240)
	at org.springframework.security.web.ObservationFilterChainDecorator$ObservationFilter.doFilter(ObservationFilterChainDecorator.java:227)
	at org.springframework.security.web.ObservationFilterChainDecorator$VirtualFilterChain.doFilter(ObservationFilterChainDecorator.java:137)
	at org.springframework.security.web.header.HeaderWriterFilter.doHeadersAfter(HeaderWriterFilter.java:90)
	at org.springframework.security.web.header.HeaderWriterFilter.doFilterInternal(HeaderWriterFilter.java:75)
	at org.springframework.web.filter.OncePerRequestFilter.doFilter(OncePerRequestFilter.java:116)
	at org.springframework.security.web.ObservationFilterChainDecorator$ObservationFilter.wrapFilter(ObservationFilterChainDecorator.java:240)
	at org.springframework.security.web.ObservationFilterChainDecorator$ObservationFilter.doFilter(ObservationFilterChainDecorator.java:227)
	at org.springframework.security.web.ObservationFilterChainDecorator$VirtualFilterChain.doFilter(ObservationFilterChainDecorator.java:137)
	at org.springframework.security.web.context.SecurityContextHolderFilter.doFilter(SecurityContextHolderFilter.java:82)
	at org.springframework.security.web.context.SecurityContextHolderFilter.doFilter(SecurityContextHolderFilter.java:69)
	at org.springframework.security.web.ObservationFilterChainDecorator$ObservationFilter.wrapFilter(ObservationFilterChainDecorator.java:240)
	at org.springframework.security.web.ObservationFilterChainDecorator$ObservationFilter.doFilter(ObservationFilterChainDecorator.java:227)
	at org.springframework.security.web.ObservationFilterChainDecorator$VirtualFilterChain.doFilter(ObservationFilterChainDecorator.java:137)
	at org.springframework.security.web.context.request.async.WebAsyncManagerIntegrationFilter.doFilterInternal(WebAsyncManagerIntegrationFilter.java:62)
	at org.springframework.web.filter.OncePerRequestFilter.doFilter(OncePerRequestFilter.java:116)
	at org.springframework.security.web.ObservationFilterChainDecorator$ObservationFilter.wrapFilter(ObservationFilterChainDecorator.java:240)
	at org.springframework.security.web.ObservationFilterChainDecorator$ObservationFilter.doFilter(ObservationFilterChainDecorator.java:227)
	at org.springframework.security.web.ObservationFilterChainDecorator$VirtualFilterChain.doFilter(ObservationFilterChainDecorator.java:137)
	at org.springframework.security.web.session.DisableEncodeUrlFilter.doFilterInternal(DisableEncodeUrlFilter.java:42)
	at org.springframework.web.filter.OncePerRequestFilter.doFilter(OncePerRequestFilter.java:116)
	at org.springframework.security.web.ObservationFilterChainDecorator$ObservationFilter.wrapFilter(ObservationFilterChainDecorator.java:240)
	at org.springframework.security.web.ObservationFilterChainDecorator$AroundFilterObservation$SimpleAroundFilterObservation.lambda$wrap$0(ObservationFilterChainDecorator.java:323)
	at org.springframework.security.web.ObservationFilterChainDecorator$ObservationFilter.doFilter(ObservationFilterChainDecorator.java:224)
	at org.springframework.security.web.ObservationFilterChainDecorator$VirtualFilterChain.doFilter(ObservationFilterChainDecorator.java:137)
	at org.springframework.security.web.FilterChainProxy.doFilterInternal(FilterChainProxy.java:233)
	at org.springframework.security.web.FilterChainProxy.doFilter(FilterChainProxy.java:191)
	at org.springframework.web.filter.CompositeFilter$VirtualFilterChain.doFilter(CompositeFilter.java:113)
	at org.springframework.web.servlet.handler.HandlerMappingIntrospector.lambda$createCacheFilter$3(HandlerMappingIntrospector.java:195)
	at org.springframework.web.filter.CompositeFilter$VirtualFilterChain.doFilter(CompositeFilter.java:113)
	at org.springframework.web.filter.CompositeFilter.doFilter(CompositeFilter.java:74)
	at org.springframework.security.config.annotation.web.configuration.WebMvcSecurityConfiguration$CompositeFilterChainProxy.doFilter(WebMvcSecurityConfiguration.java:230)
	at org.springframework.web.filter.DelegatingFilterProxy.invokeDelegate(DelegatingFilterProxy.java:352)
	at org.springframework.web.filter.DelegatingFilterProxy.doFilter(DelegatingFilterProxy.java:268)
	at org.apache.catalina.core.ApplicationFilterChain.internalDoFilter(ApplicationFilterChain.java:164)
	at org.apache.catalina.core.ApplicationFilterChain.doFilter(ApplicationFilterChain.java:140)
	at org.springframework.web.filter.RequestContextFilter.doFilterInternal(RequestContextFilter.java:100)
	at org.springframework.web.filter.OncePerRequestFilter.doFilter(OncePerRequestFilter.java:116)
	at org.apache.catalina.core.ApplicationFilterChain.internalDoFilter(ApplicationFilterChain.java:164)
	at org.apache.catalina.core.ApplicationFilterChain.doFilter(ApplicationFilterChain.java:140)
	at org.springframework.web.filter.FormContentFilter.doFilterInternal(FormContentFilter.java:93)
	at org.springframework.web.filter.OncePerRequestFilter.doFilter(OncePerRequestFilter.java:116)
	at org.apache.catalina.core.ApplicationFilterChain.internalDoFilter(ApplicationFilterChain.java:164)
	at org.apache.catalina.core.ApplicationFilterChain.doFilter(ApplicationFilterChain.java:140)
	at org.springframework.web.filter.ServerHttpObservationFilter.doFilterInternal(ServerHttpObservationFilter.java:113)
	at org.springframework.web.filter.OncePerRequestFilter.doFilter(OncePerRequestFilter.java:116)
	at org.apache.catalina.core.ApplicationFilterChain.internalDoFilter(ApplicationFilterChain.java:164)
	at org.apache.catalina.core.ApplicationFilterChain.doFilter(ApplicationFilterChain.java:140)
	at org.springframework.web.filter.CharacterEncodingFilter.doFilterInternal(CharacterEncodingFilter.java:201)
	at org.springframework.web.filter.OncePerRequestFilter.doFilter(OncePerRequestFilter.java:116)
	at org.apache.catalina.core.ApplicationFilterChain.internalDoFilter(ApplicationFilterChain.java:164)
	at org.apache.catalina.core.ApplicationFilterChain.doFilter(ApplicationFilterChain.java:140)
	at org.apache.catalina.core.StandardWrapperValve.invoke(StandardWrapperValve.java:167)
	at org.apache.catalina.core.StandardContextValve.invoke(StandardContextValve.java:90)
	at org.apache.catalina.authenticator.AuthenticatorBase.invoke(AuthenticatorBase.java:483)
	at org.apache.catalina.core.StandardHostValve.invoke(StandardHostValve.java:115)
	at org.apache.catalina.valves.ErrorReportValve.invoke(ErrorReportValve.java:93)
	at org.apache.catalina.core.StandardEngineValve.invoke(StandardEngineValve.java:74)
	at org.apache.catalina.connector.CoyoteAdapter.service(CoyoteAdapter.java:344)
	at org.apache.coyote.http11.Http11Processor.service(Http11Processor.java:384)
	at org.apache.coyote.AbstractProcessorLight.process(AbstractProcessorLight.java:63)
	at org.apache.coyote.AbstractProtocol$ConnectionHandler.process(AbstractProtocol.java:905)
	at org.apache.tomcat.util.net.NioEndpoint$SocketProcessor.doRun(NioEndpoint.java:1741)
	at org.apache.tomcat.util.net.SocketProcessorBase.run(SocketProcessorBase.java:52)
	at org.apache.tomcat.util.threads.ThreadPoolExecutor.runWorker(ThreadPoolExecutor.java:1190)
	at org.apache.tomcat.util.threads.ThreadPoolExecutor$Worker.run(ThreadPoolExecutor.java:659)
	at org.apache.tomcat.util.threads.TaskThread$WrappingRunnable.run(TaskThread.java:63)
	at java.base/java.lang.Thread.run(Thread.java:1570)
Caused by: java.net.UnknownHostException: dashscope.aliyuncs.com
	at java.base/sun.nio.ch.NioSocketImpl.connect(NioSocketImpl.java:567)
	at java.base/java.net.SocksSocketImpl.connect(SocksSocketImpl.java:327)
	at java.base/java.net.Socket.connect(Socket.java:752)
	at java.base/sun.security.ssl.SSLSocketImpl.connect(SSLSocketImpl.java:304)
	at java.base/sun.net.NetworkClient.doConnect(NetworkClient.java:178)
	at java.base/sun.net.www.http.HttpClient.openServer(HttpClient.java:531)
	at java.base/sun.net.www.http.HttpClient.openServer(HttpClient.java:636)
	at java.base/sun.net.www.protocol.https.HttpsClient.<init>(HttpsClient.java:264)
	at java.base/sun.net.www.protocol.https.HttpsClient.New(HttpsClient.java:377)
	at java.base/sun.net.www.protocol.https.AbstractDelegateHttpsURLConnection.getNewHttpClient(AbstractDelegateHttpsURLConnection.java:193)
	at java.base/sun.net.www.protocol.http.HttpURLConnection.plainConnect0(HttpURLConnection.java:1243)
	at java.base/sun.net.www.protocol.http.HttpURLConnection.plainConnect(HttpURLConnection.java:1129)
	at java.base/sun.net.www.protocol.https.AbstractDelegateHttpsURLConnection.connect(AbstractDelegateHttpsURLConnection.java:179)
	at java.base/sun.net.www.protocol.https.HttpsURLConnectionImpl.connect(HttpsURLConnectionImpl.java:141)
	at org.springframework.http.client.SimpleClientHttpRequest.executeInternal(SimpleClientHttpRequest.java:79)
	at org.springframework.http.client.AbstractStreamingClientHttpRequest.executeInternal(AbstractStreamingClientHttpRequest.java:70)
	at org.springframework.http.client.AbstractClientHttpRequest.execute(AbstractClientHttpRequest.java:66)
	at org.springframework.web.client.DefaultRestClient$DefaultRequestBodyUriSpec.exchangeInternal(DefaultRestClient.java:492)
	... 172 common frames omitted
2026-09-12 18:09:45.256 [http-nio-8080-exec-9] WARN  o.s.a.r.a.SpringAiRetryAutoConfiguration - Retry error. Retry count: 8, Exception: I/O error on POST request for "https://dashscope.aliyuncs.com/api/v1/services/aigc/text-generation/generation": dashscope.aliyuncs.com
org.springframework.web.client.ResourceAccessException: I/O error on POST request for "https://dashscope.aliyuncs.com/api/v1/services/aigc/text-generation/generation": dashscope.aliyuncs.com
	at org.springframework.web.client.DefaultRestClient$DefaultRequestBodyUriSpec.createResourceAccessException(DefaultRestClient.java:584)
	at org.springframework.web.client.DefaultRestClient$DefaultRequestBodyUriSpec.exchangeInternal(DefaultRestClient.java:498)
	at org.springframework.web.client.DefaultRestClient$DefaultRequestBodyUriSpec.retrieve(DefaultRestClient.java:458)
	at com.alibaba.cloud.ai.dashscope.api.DashScopeApi.chatCompletionEntity(DashScopeApi.java:1382)
	at com.alibaba.cloud.ai.dashscope.chat.DashScopeChatModel.lambda$internalCall$1(DashScopeChatModel.java:183)
	at org.springframework.retry.support.RetryTemplate.doExecute(RetryTemplate.java:344)
	at org.springframework.retry.support.RetryTemplate.execute(RetryTemplate.java:217)
	at com.alibaba.cloud.ai.dashscope.chat.DashScopeChatModel.lambda$internalCall$2(DashScopeChatModel.java:183)
	at io.micrometer.observation.Observation.observe(Observation.java:565)
	at com.alibaba.cloud.ai.dashscope.chat.DashScopeChatModel.internalCall(DashScopeChatModel.java:180)
	at com.alibaba.cloud.ai.dashscope.chat.DashScopeChatModel.call(DashScopeChatModel.java:161)
	at org.springframework.ai.chat.client.advisor.ChatModelCallAdvisor.adviseCall(ChatModelCallAdvisor.java:54)
	at org.springframework.ai.chat.client.advisor.DefaultAroundAdvisorChain.lambda$nextCall$1(DefaultAroundAdvisorChain.java:110)
	at io.micrometer.observation.Observation.observe(Observation.java:565)
	at org.springframework.ai.chat.client.advisor.DefaultAroundAdvisorChain.nextCall(DefaultAroundAdvisorChain.java:110)
	at org.springframework.ai.chat.client.DefaultChatClient$DefaultCallResponseSpec.lambda$doGetObservableChatClientResponse$1(DefaultChatClient.java:469)
	at io.micrometer.observation.Observation.observe(Observation.java:565)
	at org.springframework.ai.chat.client.DefaultChatClient$DefaultCallResponseSpec.doGetObservableChatClientResponse(DefaultChatClient.java:467)
	at org.springframework.ai.chat.client.DefaultChatClient$DefaultCallResponseSpec.doGetObservableChatClientResponse(DefaultChatClient.java:446)
	at org.springframework.ai.chat.client.DefaultChatClient$DefaultCallResponseSpec.content(DefaultChatClient.java:441)
	at com.aiservice.aireviewassistant.service.impl.ReviewAssistantAgent.analyzeIntentWithLlm(ReviewAssistantAgent.java:312)
	at com.aiservice.aireviewassistant.service.impl.ReviewAssistantAgent.recognizeIntent(ReviewAssistantAgent.java:300)
	at com.aiservice.aireviewassistant.service.impl.ReviewAssistantAgent.chatStream(ReviewAssistantAgent.java:221)
	at com.aiservice.aireviewassistant.controller.AgentController.stream(AgentController.java:43)
	at java.base/jdk.internal.reflect.DirectMethodHandleAccessor.invoke(DirectMethodHandleAccessor.java:103)
	at java.base/java.lang.reflect.Method.invoke(Method.java:580)
	at org.springframework.aop.support.AopUtils.invokeJoinpointUsingReflection(AopUtils.java:355)
	at org.springframework.aop.framework.ReflectiveMethodInvocation.invokeJoinpoint(ReflectiveMethodInvocation.java:196)
	at org.springframework.aop.framework.ReflectiveMethodInvocation.proceed(ReflectiveMethodInvocation.java:163)
	at org.springframework.aop.framework.CglibAopProxy$CglibMethodInvocation.proceed(CglibAopProxy.java:768)
	at org.springframework.validation.beanvalidation.MethodValidationInterceptor.invoke(MethodValidationInterceptor.java:174)
	at org.springframework.aop.framework.ReflectiveMethodInvocation.proceed(ReflectiveMethodInvocation.java:184)
	at org.springframework.aop.framework.CglibAopProxy$CglibMethodInvocation.proceed(CglibAopProxy.java:768)
	at org.springframework.aop.aspectj.MethodInvocationProceedingJoinPoint.proceed(MethodInvocationProceedingJoinPoint.java:89)
	at com.aiservice.aireviewassistant.aspect.RateLimitAspect.around(RateLimitAspect.java:30)
	at java.base/jdk.internal.reflect.DirectMethodHandleAccessor.invoke(DirectMethodHandleAccessor.java:103)
	at java.base/java.lang.reflect.Method.invoke(Method.java:580)
	at org.springframework.aop.aspectj.AbstractAspectJAdvice.invokeAdviceMethodWithGivenArgs(AbstractAspectJAdvice.java:637)
	at org.springframework.aop.aspectj.AbstractAspectJAdvice.invokeAdviceMethod(AbstractAspectJAdvice.java:627)
	at org.springframework.aop.aspectj.AspectJAroundAdvice.invoke(AspectJAroundAdvice.java:71)
	at org.springframework.aop.framework.ReflectiveMethodInvocation.proceed(ReflectiveMethodInvocation.java:173)
	at org.springframework.aop.framework.CglibAopProxy$CglibMethodInvocation.proceed(CglibAopProxy.java:768)
	at org.springframework.aop.interceptor.ExposeInvocationInterceptor.invoke(ExposeInvocationInterceptor.java:97)
	at org.springframework.aop.framework.ReflectiveMethodInvocation.proceed(ReflectiveMethodInvocation.java:184)
	at org.springframework.aop.framework.CglibAopProxy$CglibMethodInvocation.proceed(CglibAopProxy.java:768)
	at org.springframework.aop.framework.CglibAopProxy$DynamicAdvisedInterceptor.intercept(CglibAopProxy.java:720)
	at com.aiservice.aireviewassistant.controller.AgentController$$SpringCGLIB$$0.stream(<generated>)
	at java.base/jdk.internal.reflect.DirectMethodHandleAccessor.invoke(DirectMethodHandleAccessor.java:103)
	at java.base/java.lang.reflect.Method.invoke(Method.java:580)
	at org.springframework.web.method.support.InvocableHandlerMethod.doInvoke(InvocableHandlerMethod.java:255)
	at org.springframework.web.method.support.InvocableHandlerMethod.invokeForRequest(InvocableHandlerMethod.java:188)
	at org.springframework.web.servlet.mvc.method.annotation.ServletInvocableHandlerMethod.invokeAndHandle(ServletInvocableHandlerMethod.java:118)
	at org.springframework.web.servlet.mvc.method.annotation.RequestMappingHandlerAdapter.invokeHandlerMethod(RequestMappingHandlerAdapter.java:926)
	at org.springframework.web.servlet.mvc.method.annotation.RequestMappingHandlerAdapter.handleInternal(RequestMappingHandlerAdapter.java:831)
	at org.springframework.web.servlet.mvc.method.AbstractHandlerMethodAdapter.handle(AbstractHandlerMethodAdapter.java:87)
	at org.springframework.web.servlet.DispatcherServlet.doDispatch(DispatcherServlet.java:1089)
	at org.springframework.web.servlet.DispatcherServlet.doService(DispatcherServlet.java:979)
	at org.springframework.web.servlet.FrameworkServlet.processRequest(FrameworkServlet.java:1014)
	at org.springframework.web.servlet.FrameworkServlet.doGet(FrameworkServlet.java:903)
	at jakarta.servlet.http.HttpServlet.service(HttpServlet.java:564)
	at org.springframework.web.servlet.FrameworkServlet.service(FrameworkServlet.java:885)
	at jakarta.servlet.http.HttpServlet.service(HttpServlet.java:658)
	at org.apache.catalina.core.ApplicationFilterChain.internalDoFilter(ApplicationFilterChain.java:195)
	at org.apache.catalina.core.ApplicationFilterChain.doFilter(ApplicationFilterChain.java:140)
	at org.apache.tomcat.websocket.server.WsFilter.doFilter(WsFilter.java:51)
	at org.apache.catalina.core.ApplicationFilterChain.internalDoFilter(ApplicationFilterChain.java:164)
	at org.apache.catalina.core.ApplicationFilterChain.doFilter(ApplicationFilterChain.java:140)
	at org.springframework.web.filter.CompositeFilter$VirtualFilterChain.doFilter(CompositeFilter.java:108)
	at org.springframework.security.web.FilterChainProxy.lambda$doFilterInternal$3(FilterChainProxy.java:231)
	at org.springframework.security.web.ObservationFilterChainDecorator$FilterObservation$SimpleFilterObservation.lambda$wrap$1(ObservationFilterChainDecorator.java:479)
	at org.springframework.security.web.ObservationFilterChainDecorator$AroundFilterObservation$SimpleAroundFilterObservation.lambda$wrap$1(ObservationFilterChainDecorator.java:340)
	at org.springframework.security.web.ObservationFilterChainDecorator.lambda$wrapSecured$0(ObservationFilterChainDecorator.java:82)
	at org.springframework.security.web.ObservationFilterChainDecorator$VirtualFilterChain.doFilter(ObservationFilterChainDecorator.java:128)
	at org.springframework.security.web.access.intercept.AuthorizationFilter.doFilter(AuthorizationFilter.java:100)
	at org.springframework.security.web.ObservationFilterChainDecorator$ObservationFilter.wrapFilter(ObservationFilterChainDecorator.java:240)
	at org.springframework.security.web.ObservationFilterChainDecorator$ObservationFilter.doFilter(ObservationFilterChainDecorator.java:227)
	at org.springframework.security.web.ObservationFilterChainDecorator$VirtualFilterChain.doFilter(ObservationFilterChainDecorator.java:137)
	at org.springframework.security.web.access.ExceptionTranslationFilter.doFilter(ExceptionTranslationFilter.java:126)
	at org.springframework.security.web.access.ExceptionTranslationFilter.doFilter(ExceptionTranslationFilter.java:120)
	at org.springframework.security.web.ObservationFilterChainDecorator$ObservationFilter.wrapFilter(ObservationFilterChainDecorator.java:240)
	at org.springframework.security.web.ObservationFilterChainDecorator$ObservationFilter.doFilter(ObservationFilterChainDecorator.java:227)
	at org.springframework.security.web.ObservationFilterChainDecorator$VirtualFilterChain.doFilter(ObservationFilterChainDecorator.java:137)
	at org.springframework.security.web.session.SessionManagementFilter.doFilter(SessionManagementFilter.java:131)
	at org.springframework.security.web.session.SessionManagementFilter.doFilter(SessionManagementFilter.java:85)
	at org.springframework.security.web.ObservationFilterChainDecorator$ObservationFilter.wrapFilter(ObservationFilterChainDecorator.java:240)
	at org.springframework.security.web.ObservationFilterChainDecorator$ObservationFilter.doFilter(ObservationFilterChainDecorator.java:227)
	at org.springframework.security.web.ObservationFilterChainDecorator$VirtualFilterChain.doFilter(ObservationFilterChainDecorator.java:137)
	at org.springframework.security.web.authentication.AnonymousAuthenticationFilter.doFilter(AnonymousAuthenticationFilter.java:100)
	at org.springframework.security.web.ObservationFilterChainDecorator$ObservationFilter.wrapFilter(ObservationFilterChainDecorator.java:240)
	at org.springframework.security.web.ObservationFilterChainDecorator$ObservationFilter.doFilter(ObservationFilterChainDecorator.java:227)
	at org.springframework.security.web.ObservationFilterChainDecorator$VirtualFilterChain.doFilter(ObservationFilterChainDecorator.java:137)
	at org.springframework.security.web.servletapi.SecurityContextHolderAwareRequestFilter.doFilter(SecurityContextHolderAwareRequestFilter.java:179)
	at org.springframework.security.web.ObservationFilterChainDecorator$ObservationFilter.wrapFilter(ObservationFilterChainDecorator.java:240)
	at org.springframework.security.web.ObservationFilterChainDecorator$ObservationFilter.doFilter(ObservationFilterChainDecorator.java:227)
	at org.springframework.security.web.ObservationFilterChainDecorator$VirtualFilterChain.doFilter(ObservationFilterChainDecorator.java:137)
	at org.springframework.security.web.savedrequest.RequestCacheAwareFilter.doFilter(RequestCacheAwareFilter.java:63)
	at org.springframework.security.web.ObservationFilterChainDecorator$ObservationFilter.wrapFilter(ObservationFilterChainDecorator.java:240)
	at org.springframework.security.web.ObservationFilterChainDecorator$ObservationFilter.doFilter(ObservationFilterChainDecorator.java:227)
	at org.springframework.security.web.ObservationFilterChainDecorator$VirtualFilterChain.doFilter(ObservationFilterChainDecorator.java:137)
	at com.aiservice.aireviewassistant.security.JwtAuthenticationFilter.doFilterInternal(JwtAuthenticationFilter.java:54)
	at org.springframework.web.filter.OncePerRequestFilter.doFilter(OncePerRequestFilter.java:116)
	at org.springframework.security.web.ObservationFilterChainDecorator$ObservationFilter.wrapFilter(ObservationFilterChainDecorator.java:240)
	at org.springframework.security.web.ObservationFilterChainDecorator$ObservationFilter.doFilter(ObservationFilterChainDecorator.java:227)
	at org.springframework.security.web.ObservationFilterChainDecorator$VirtualFilterChain.doFilter(ObservationFilterChainDecorator.java:137)
	at org.springframework.security.web.authentication.logout.LogoutFilter.doFilter(LogoutFilter.java:107)
	at org.springframework.security.web.authentication.logout.LogoutFilter.doFilter(LogoutFilter.java:93)
	at org.springframework.security.web.ObservationFilterChainDecorator$ObservationFilter.wrapFilter(ObservationFilterChainDecorator.java:240)
	at org.springframework.security.web.ObservationFilterChainDecorator$ObservationFilter.doFilter(ObservationFilterChainDecorator.java:227)
	at org.springframework.security.web.ObservationFilterChainDecorator$VirtualFilterChain.doFilter(ObservationFilterChainDecorator.java:137)
	at org.springframework.security.web.header.HeaderWriterFilter.doHeadersAfter(HeaderWriterFilter.java:90)
	at org.springframework.security.web.header.HeaderWriterFilter.doFilterInternal(HeaderWriterFilter.java:75)
	at org.springframework.web.filter.OncePerRequestFilter.doFilter(OncePerRequestFilter.java:116)
	at org.springframework.security.web.ObservationFilterChainDecorator$ObservationFilter.wrapFilter(ObservationFilterChainDecorator.java:240)
	at org.springframework.security.web.ObservationFilterChainDecorator$ObservationFilter.doFilter(ObservationFilterChainDecorator.java:227)
	at org.springframework.security.web.ObservationFilterChainDecorator$VirtualFilterChain.doFilter(ObservationFilterChainDecorator.java:137)
	at org.springframework.security.web.context.SecurityContextHolderFilter.doFilter(SecurityContextHolderFilter.java:82)
	at org.springframework.security.web.context.SecurityContextHolderFilter.doFilter(SecurityContextHolderFilter.java:69)
	at org.springframework.security.web.ObservationFilterChainDecorator$ObservationFilter.wrapFilter(ObservationFilterChainDecorator.java:240)
	at org.springframework.security.web.ObservationFilterChainDecorator$ObservationFilter.doFilter(ObservationFilterChainDecorator.java:227)
	at org.springframework.security.web.ObservationFilterChainDecorator$VirtualFilterChain.doFilter(ObservationFilterChainDecorator.java:137)
	at org.springframework.security.web.context.request.async.WebAsyncManagerIntegrationFilter.doFilterInternal(WebAsyncManagerIntegrationFilter.java:62)
	at org.springframework.web.filter.OncePerRequestFilter.doFilter(OncePerRequestFilter.java:116)
	at org.springframework.security.web.ObservationFilterChainDecorator$ObservationFilter.wrapFilter(ObservationFilterChainDecorator.java:240)
	at org.springframework.security.web.ObservationFilterChainDecorator$ObservationFilter.doFilter(ObservationFilterChainDecorator.java:227)
	at org.springframework.security.web.ObservationFilterChainDecorator$VirtualFilterChain.doFilter(ObservationFilterChainDecorator.java:137)
	at org.springframework.security.web.session.DisableEncodeUrlFilter.doFilterInternal(DisableEncodeUrlFilter.java:42)
	at org.springframework.web.filter.OncePerRequestFilter.doFilter(OncePerRequestFilter.java:116)
	at org.springframework.security.web.ObservationFilterChainDecorator$ObservationFilter.wrapFilter(ObservationFilterChainDecorator.java:240)
	at org.springframework.security.web.ObservationFilterChainDecorator$AroundFilterObservation$SimpleAroundFilterObservation.lambda$wrap$0(ObservationFilterChainDecorator.java:323)
	at org.springframework.security.web.ObservationFilterChainDecorator$ObservationFilter.doFilter(ObservationFilterChainDecorator.java:224)
	at org.springframework.security.web.ObservationFilterChainDecorator$VirtualFilterChain.doFilter(ObservationFilterChainDecorator.java:137)
	at org.springframework.security.web.FilterChainProxy.doFilterInternal(FilterChainProxy.java:233)
	at org.springframework.security.web.FilterChainProxy.doFilter(FilterChainProxy.java:191)
	at org.springframework.web.filter.CompositeFilter$VirtualFilterChain.doFilter(CompositeFilter.java:113)
	at org.springframework.web.servlet.handler.HandlerMappingIntrospector.lambda$createCacheFilter$3(HandlerMappingIntrospector.java:195)
	at org.springframework.web.filter.CompositeFilter$VirtualFilterChain.doFilter(CompositeFilter.java:113)
	at org.springframework.web.filter.CompositeFilter.doFilter(CompositeFilter.java:74)
	at org.springframework.security.config.annotation.web.configuration.WebMvcSecurityConfiguration$CompositeFilterChainProxy.doFilter(WebMvcSecurityConfiguration.java:230)
	at org.springframework.web.filter.DelegatingFilterProxy.invokeDelegate(DelegatingFilterProxy.java:352)
	at org.springframework.web.filter.DelegatingFilterProxy.doFilter(DelegatingFilterProxy.java:268)
	at org.apache.catalina.core.ApplicationFilterChain.internalDoFilter(ApplicationFilterChain.java:164)
	at org.apache.catalina.core.ApplicationFilterChain.doFilter(ApplicationFilterChain.java:140)
	at org.springframework.web.filter.RequestContextFilter.doFilterInternal(RequestContextFilter.java:100)
	at org.springframework.web.filter.OncePerRequestFilter.doFilter(OncePerRequestFilter.java:116)
	at org.apache.catalina.core.ApplicationFilterChain.internalDoFilter(ApplicationFilterChain.java:164)
	at org.apache.catalina.core.ApplicationFilterChain.doFilter(ApplicationFilterChain.java:140)
	at org.springframework.web.filter.FormContentFilter.doFilterInternal(FormContentFilter.java:93)
	at org.springframework.web.filter.OncePerRequestFilter.doFilter(OncePerRequestFilter.java:116)
	at org.apache.catalina.core.ApplicationFilterChain.internalDoFilter(ApplicationFilterChain.java:164)
	at org.apache.catalina.core.ApplicationFilterChain.doFilter(ApplicationFilterChain.java:140)
	at org.springframework.web.filter.ServerHttpObservationFilter.doFilterInternal(ServerHttpObservationFilter.java:113)
	at org.springframework.web.filter.OncePerRequestFilter.doFilter(OncePerRequestFilter.java:116)
	at org.apache.catalina.core.ApplicationFilterChain.internalDoFilter(ApplicationFilterChain.java:164)
	at org.apache.catalina.core.ApplicationFilterChain.doFilter(ApplicationFilterChain.java:140)
	at org.springframework.web.filter.CharacterEncodingFilter.doFilterInternal(CharacterEncodingFilter.java:201)
	at org.springframework.web.filter.OncePerRequestFilter.doFilter(OncePerRequestFilter.java:116)
	at org.apache.catalina.core.ApplicationFilterChain.internalDoFilter(ApplicationFilterChain.java:164)
	at org.apache.catalina.core.ApplicationFilterChain.doFilter(ApplicationFilterChain.java:140)
	at org.apache.catalina.core.StandardWrapperValve.invoke(StandardWrapperValve.java:167)
	at org.apache.catalina.core.StandardContextValve.invoke(StandardContextValve.java:90)
	at org.apache.catalina.authenticator.AuthenticatorBase.invoke(AuthenticatorBase.java:483)
	at org.apache.catalina.core.StandardHostValve.invoke(StandardHostValve.java:115)
	at org.apache.catalina.valves.ErrorReportValve.invoke(ErrorReportValve.java:93)
	at org.apache.catalina.core.StandardEngineValve.invoke(StandardEngineValve.java:74)
	at org.apache.catalina.connector.CoyoteAdapter.service(CoyoteAdapter.java:344)
	at org.apache.coyote.http11.Http11Processor.service(Http11Processor.java:384)
	at org.apache.coyote.AbstractProcessorLight.process(AbstractProcessorLight.java:63)
	at org.apache.coyote.AbstractProtocol$ConnectionHandler.process(AbstractProtocol.java:905)
	at org.apache.tomcat.util.net.NioEndpoint$SocketProcessor.doRun(NioEndpoint.java:1741)
	at org.apache.tomcat.util.net.SocketProcessorBase.run(SocketProcessorBase.java:52)
	at org.apache.tomcat.util.threads.ThreadPoolExecutor.runWorker(ThreadPoolExecutor.java:1190)
	at org.apache.tomcat.util.threads.ThreadPoolExecutor$Worker.run(ThreadPoolExecutor.java:659)
	at org.apache.tomcat.util.threads.TaskThread$WrappingRunnable.run(TaskThread.java:63)
	at java.base/java.lang.Thread.run(Thread.java:1570)
Caused by: java.net.UnknownHostException: dashscope.aliyuncs.com
	at java.base/sun.nio.ch.NioSocketImpl.connect(NioSocketImpl.java:567)
	at java.base/java.net.SocksSocketImpl.connect(SocksSocketImpl.java:327)
	at java.base/java.net.Socket.connect(Socket.java:752)
	at java.base/sun.security.ssl.SSLSocketImpl.connect(SSLSocketImpl.java:304)
	at java.base/sun.net.NetworkClient.doConnect(NetworkClient.java:178)
	at java.base/sun.net.www.http.HttpClient.openServer(HttpClient.java:531)
	at java.base/sun.net.www.http.HttpClient.openServer(HttpClient.java:636)
	at java.base/sun.net.www.protocol.https.HttpsClient.<init>(HttpsClient.java:264)
	at java.base/sun.net.www.protocol.https.HttpsClient.New(HttpsClient.java:377)
	at java.base/sun.net.www.protocol.https.AbstractDelegateHttpsURLConnection.getNewHttpClient(AbstractDelegateHttpsURLConnection.java:193)
	at java.base/sun.net.www.protocol.http.HttpURLConnection.plainConnect0(HttpURLConnection.java:1243)
	at java.base/sun.net.www.protocol.http.HttpURLConnection.plainConnect(HttpURLConnection.java:1129)
	at java.base/sun.net.www.protocol.https.AbstractDelegateHttpsURLConnection.connect(AbstractDelegateHttpsURLConnection.java:179)
	at java.base/sun.net.www.protocol.https.HttpsURLConnectionImpl.connect(HttpsURLConnectionImpl.java:141)
	at org.springframework.http.client.SimpleClientHttpRequest.executeInternal(SimpleClientHttpRequest.java:79)
	at org.springframework.http.client.AbstractStreamingClientHttpRequest.executeInternal(AbstractStreamingClientHttpRequest.java:70)
	at org.springframework.http.client.AbstractClientHttpRequest.execute(AbstractClientHttpRequest.java:66)
	at org.springframework.web.client.DefaultRestClient$DefaultRequestBodyUriSpec.exchangeInternal(DefaultRestClient.java:492)
	... 172 common frames omitted
2026-09-12 18:25:02.232 [HikariPool-1 housekeeper] WARN  com.zaxxer.hikari.pool.HikariPool - HikariPool-1 - Thread starvation or clock leap detected (housekeeper delta=1h16m12s870ms).
2026-09-12 18:40:42.706 [http-nio-8080-exec-9] WARN  o.s.a.r.a.SpringAiRetryAutoConfiguration - Retry error. Retry count: 9, Exception: I/O error on POST request for "https://dashscope.aliyuncs.com/api/v1/services/aigc/text-generation/generation": dashscope.aliyuncs.com
org.springframework.web.client.ResourceAccessException: I/O error on POST request for "https://dashscope.aliyuncs.com/api/v1/services/aigc/text-generation/generation": dashscope.aliyuncs.com
	at org.springframework.web.client.DefaultRestClient$DefaultRequestBodyUriSpec.createResourceAccessException(DefaultRestClient.java:584)
	at org.springframework.web.client.DefaultRestClient$DefaultRequestBodyUriSpec.exchangeInternal(DefaultRestClient.java:498)
	at org.springframework.web.client.DefaultRestClient$DefaultRequestBodyUriSpec.retrieve(DefaultRestClient.java:458)
	at com.alibaba.cloud.ai.dashscope.api.DashScopeApi.chatCompletionEntity(DashScopeApi.java:1382)
	at com.alibaba.cloud.ai.dashscope.chat.DashScopeChatModel.lambda$internalCall$1(DashScopeChatModel.java:183)
	at org.springframework.retry.support.RetryTemplate.doExecute(RetryTemplate.java:344)
	at org.springframework.retry.support.RetryTemplate.execute(RetryTemplate.java:217)
	at com.alibaba.cloud.ai.dashscope.chat.DashScopeChatModel.lambda$internalCall$2(DashScopeChatModel.java:183)
	at io.micrometer.observation.Observation.observe(Observation.java:565)
	at com.alibaba.cloud.ai.dashscope.chat.DashScopeChatModel.internalCall(DashScopeChatModel.java:180)
	at com.alibaba.cloud.ai.dashscope.chat.DashScopeChatModel.call(DashScopeChatModel.java:161)
	at org.springframework.ai.chat.client.advisor.ChatModelCallAdvisor.adviseCall(ChatModelCallAdvisor.java:54)
	at org.springframework.ai.chat.client.advisor.DefaultAroundAdvisorChain.lambda$nextCall$1(DefaultAroundAdvisorChain.java:110)
	at io.micrometer.observation.Observation.observe(Observation.java:565)
	at org.springframework.ai.chat.client.advisor.DefaultAroundAdvisorChain.nextCall(DefaultAroundAdvisorChain.java:110)
	at org.springframework.ai.chat.client.DefaultChatClient$DefaultCallResponseSpec.lambda$doGetObservableChatClientResponse$1(DefaultChatClient.java:469)
	at io.micrometer.observation.Observation.observe(Observation.java:565)
	at org.springframework.ai.chat.client.DefaultChatClient$DefaultCallResponseSpec.doGetObservableChatClientResponse(DefaultChatClient.java:467)
	at org.springframework.ai.chat.client.DefaultChatClient$DefaultCallResponseSpec.doGetObservableChatClientResponse(DefaultChatClient.java:446)
	at org.springframework.ai.chat.client.DefaultChatClient$DefaultCallResponseSpec.content(DefaultChatClient.java:441)
	at com.aiservice.aireviewassistant.service.impl.ReviewAssistantAgent.analyzeIntentWithLlm(ReviewAssistantAgent.java:312)
	at com.aiservice.aireviewassistant.service.impl.ReviewAssistantAgent.recognizeIntent(ReviewAssistantAgent.java:300)
	at com.aiservice.aireviewassistant.service.impl.ReviewAssistantAgent.chatStream(ReviewAssistantAgent.java:221)
	at com.aiservice.aireviewassistant.controller.AgentController.stream(AgentController.java:43)
	at java.base/jdk.internal.reflect.DirectMethodHandleAccessor.invoke(DirectMethodHandleAccessor.java:103)
	at java.base/java.lang.reflect.Method.invoke(Method.java:580)
	at org.springframework.aop.support.AopUtils.invokeJoinpointUsingReflection(AopUtils.java:355)
	at org.springframework.aop.framework.ReflectiveMethodInvocation.invokeJoinpoint(ReflectiveMethodInvocation.java:196)
	at org.springframework.aop.framework.ReflectiveMethodInvocation.proceed(ReflectiveMethodInvocation.java:163)
	at org.springframework.aop.framework.CglibAopProxy$CglibMethodInvocation.proceed(CglibAopProxy.java:768)
	at org.springframework.validation.beanvalidation.MethodValidationInterceptor.invoke(MethodValidationInterceptor.java:174)
	at org.springframework.aop.framework.ReflectiveMethodInvocation.proceed(ReflectiveMethodInvocation.java:184)
	at org.springframework.aop.framework.CglibAopProxy$CglibMethodInvocation.proceed(CglibAopProxy.java:768)
	at org.springframework.aop.aspectj.MethodInvocationProceedingJoinPoint.proceed(MethodInvocationProceedingJoinPoint.java:89)
	at com.aiservice.aireviewassistant.aspect.RateLimitAspect.around(RateLimitAspect.java:30)
	at java.base/jdk.internal.reflect.DirectMethodHandleAccessor.invoke(DirectMethodHandleAccessor.java:103)
	at java.base/java.lang.reflect.Method.invoke(Method.java:580)
	at org.springframework.aop.aspectj.AbstractAspectJAdvice.invokeAdviceMethodWithGivenArgs(AbstractAspectJAdvice.java:637)
	at org.springframework.aop.aspectj.AbstractAspectJAdvice.invokeAdviceMethod(AbstractAspectJAdvice.java:627)
	at org.springframework.aop.aspectj.AspectJAroundAdvice.invoke(AspectJAroundAdvice.java:71)
	at org.springframework.aop.framework.ReflectiveMethodInvocation.proceed(ReflectiveMethodInvocation.java:173)
	at org.springframework.aop.framework.CglibAopProxy$CglibMethodInvocation.proceed(CglibAopProxy.java:768)
	at org.springframework.aop.interceptor.ExposeInvocationInterceptor.invoke(ExposeInvocationInterceptor.java:97)
	at org.springframework.aop.framework.ReflectiveMethodInvocation.proceed(ReflectiveMethodInvocation.java:184)
	at org.springframework.aop.framework.CglibAopProxy$CglibMethodInvocation.proceed(CglibAopProxy.java:768)
	at org.springframework.aop.framework.CglibAopProxy$DynamicAdvisedInterceptor.intercept(CglibAopProxy.java:720)
	at com.aiservice.aireviewassistant.controller.AgentController$$SpringCGLIB$$0.stream(<generated>)
	at java.base/jdk.internal.reflect.DirectMethodHandleAccessor.invoke(DirectMethodHandleAccessor.java:103)
	at java.base/java.lang.reflect.Method.invoke(Method.java:580)
	at org.springframework.web.method.support.InvocableHandlerMethod.doInvoke(InvocableHandlerMethod.java:255)
	at org.springframework.web.method.support.InvocableHandlerMethod.invokeForRequest(InvocableHandlerMethod.java:188)
	at org.springframework.web.servlet.mvc.method.annotation.ServletInvocableHandlerMethod.invokeAndHandle(ServletInvocableHandlerMethod.java:118)
	at org.springframework.web.servlet.mvc.method.annotation.RequestMappingHandlerAdapter.invokeHandlerMethod(RequestMappingHandlerAdapter.java:926)
	at org.springframework.web.servlet.mvc.method.annotation.RequestMappingHandlerAdapter.handleInternal(RequestMappingHandlerAdapter.java:831)
	at org.springframework.web.servlet.mvc.method.AbstractHandlerMethodAdapter.handle(AbstractHandlerMethodAdapter.java:87)
	at org.springframework.web.servlet.DispatcherServlet.doDispatch(DispatcherServlet.java:1089)
	at org.springframework.web.servlet.DispatcherServlet.doService(DispatcherServlet.java:979)
	at org.springframework.web.servlet.FrameworkServlet.processRequest(FrameworkServlet.java:1014)
	at org.springframework.web.servlet.FrameworkServlet.doGet(FrameworkServlet.java:903)
	at jakarta.servlet.http.HttpServlet.service(HttpServlet.java:564)
	at org.springframework.web.servlet.FrameworkServlet.service(FrameworkServlet.java:885)
	at jakarta.servlet.http.HttpServlet.service(HttpServlet.java:658)
	at org.apache.catalina.core.ApplicationFilterChain.internalDoFilter(ApplicationFilterChain.java:195)
	at org.apache.catalina.core.ApplicationFilterChain.doFilter(ApplicationFilterChain.java:140)
	at org.apache.tomcat.websocket.server.WsFilter.doFilter(WsFilter.java:51)
	at org.apache.catalina.core.ApplicationFilterChain.internalDoFilter(ApplicationFilterChain.java:164)
	at org.apache.catalina.core.ApplicationFilterChain.doFilter(ApplicationFilterChain.java:140)
	at org.springframework.web.filter.CompositeFilter$VirtualFilterChain.doFilter(CompositeFilter.java:108)
	at org.springframework.security.web.FilterChainProxy.lambda$doFilterInternal$3(FilterChainProxy.java:231)
	at org.springframework.security.web.ObservationFilterChainDecorator$FilterObservation$SimpleFilterObservation.lambda$wrap$1(ObservationFilterChainDecorator.java:479)
	at org.springframework.security.web.ObservationFilterChainDecorator$AroundFilterObservation$SimpleAroundFilterObservation.lambda$wrap$1(ObservationFilterChainDecorator.java:340)
	at org.springframework.security.web.ObservationFilterChainDecorator.lambda$wrapSecured$0(ObservationFilterChainDecorator.java:82)
	at org.springframework.security.web.ObservationFilterChainDecorator$VirtualFilterChain.doFilter(ObservationFilterChainDecorator.java:128)
	at org.springframework.security.web.access.intercept.AuthorizationFilter.doFilter(AuthorizationFilter.java:100)
	at org.springframework.security.web.ObservationFilterChainDecorator$ObservationFilter.wrapFilter(ObservationFilterChainDecorator.java:240)
	at org.springframework.security.web.ObservationFilterChainDecorator$ObservationFilter.doFilter(ObservationFilterChainDecorator.java:227)
	at org.springframework.security.web.ObservationFilterChainDecorator$VirtualFilterChain.doFilter(ObservationFilterChainDecorator.java:137)
	at org.springframework.security.web.access.ExceptionTranslationFilter.doFilter(ExceptionTranslationFilter.java:126)
	at org.springframework.security.web.access.ExceptionTranslationFilter.doFilter(ExceptionTranslationFilter.java:120)
	at org.springframework.security.web.ObservationFilterChainDecorator$ObservationFilter.wrapFilter(ObservationFilterChainDecorator.java:240)
	at org.springframework.security.web.ObservationFilterChainDecorator$ObservationFilter.doFilter(ObservationFilterChainDecorator.java:227)
	at org.springframework.security.web.ObservationFilterChainDecorator$VirtualFilterChain.doFilter(ObservationFilterChainDecorator.java:137)
	at org.springframework.security.web.session.SessionManagementFilter.doFilter(SessionManagementFilter.java:131)
	at org.springframework.security.web.session.SessionManagementFilter.doFilter(SessionManagementFilter.java:85)
	at org.springframework.security.web.ObservationFilterChainDecorator$ObservationFilter.wrapFilter(ObservationFilterChainDecorator.java:240)
	at org.springframework.security.web.ObservationFilterChainDecorator$ObservationFilter.doFilter(ObservationFilterChainDecorator.java:227)
	at org.springframework.security.web.ObservationFilterChainDecorator$VirtualFilterChain.doFilter(ObservationFilterChainDecorator.java:137)
	at org.springframework.security.web.authentication.AnonymousAuthenticationFilter.doFilter(AnonymousAuthenticationFilter.java:100)
	at org.springframework.security.web.ObservationFilterChainDecorator$ObservationFilter.wrapFilter(ObservationFilterChainDecorator.java:240)
	at org.springframework.security.web.ObservationFilterChainDecorator$ObservationFilter.doFilter(ObservationFilterChainDecorator.java:227)
	at org.springframework.security.web.ObservationFilterChainDecorator$VirtualFilterChain.doFilter(ObservationFilterChainDecorator.java:137)
	at org.springframework.security.web.servletapi.SecurityContextHolderAwareRequestFilter.doFilter(SecurityContextHolderAwareRequestFilter.java:179)
	at org.springframework.security.web.ObservationFilterChainDecorator$ObservationFilter.wrapFilter(ObservationFilterChainDecorator.java:240)
	at org.springframework.security.web.ObservationFilterChainDecorator$ObservationFilter.doFilter(ObservationFilterChainDecorator.java:227)
	at org.springframework.security.web.ObservationFilterChainDecorator$VirtualFilterChain.doFilter(ObservationFilterChainDecorator.java:137)
	at org.springframework.security.web.savedrequest.RequestCacheAwareFilter.doFilter(RequestCacheAwareFilter.java:63)
	at org.springframework.security.web.ObservationFilterChainDecorator$ObservationFilter.wrapFilter(ObservationFilterChainDecorator.java:240)
	at org.springframework.security.web.ObservationFilterChainDecorator$ObservationFilter.doFilter(ObservationFilterChainDecorator.java:227)
	at org.springframework.security.web.ObservationFilterChainDecorator$VirtualFilterChain.doFilter(ObservationFilterChainDecorator.java:137)
	at com.aiservice.aireviewassistant.security.JwtAuthenticationFilter.doFilterInternal(JwtAuthenticationFilter.java:54)
	at org.springframework.web.filter.OncePerRequestFilter.doFilter(OncePerRequestFilter.java:116)
	at org.springframework.security.web.ObservationFilterChainDecorator$ObservationFilter.wrapFilter(ObservationFilterChainDecorator.java:240)
	at org.springframework.security.web.ObservationFilterChainDecorator$ObservationFilter.doFilter(ObservationFilterChainDecorator.java:227)
	at org.springframework.security.web.ObservationFilterChainDecorator$VirtualFilterChain.doFilter(ObservationFilterChainDecorator.java:137)
	at org.springframework.security.web.authentication.logout.LogoutFilter.doFilter(LogoutFilter.java:107)
	at org.springframework.security.web.authentication.logout.LogoutFilter.doFilter(LogoutFilter.java:93)
	at org.springframework.security.web.ObservationFilterChainDecorator$ObservationFilter.wrapFilter(ObservationFilterChainDecorator.java:240)
	at org.springframework.security.web.ObservationFilterChainDecorator$ObservationFilter.doFilter(ObservationFilterChainDecorator.java:227)
	at org.springframework.security.web.ObservationFilterChainDecorator$VirtualFilterChain.doFilter(ObservationFilterChainDecorator.java:137)
	at org.springframework.security.web.header.HeaderWriterFilter.doHeadersAfter(HeaderWriterFilter.java:90)
	at org.springframework.security.web.header.HeaderWriterFilter.doFilterInternal(HeaderWriterFilter.java:75)
	at org.springframework.web.filter.OncePerRequestFilter.doFilter(OncePerRequestFilter.java:116)
	at org.springframework.security.web.ObservationFilterChainDecorator$ObservationFilter.wrapFilter(ObservationFilterChainDecorator.java:240)
	at org.springframework.security.web.ObservationFilterChainDecorator$ObservationFilter.doFilter(ObservationFilterChainDecorator.java:227)
	at org.springframework.security.web.ObservationFilterChainDecorator$VirtualFilterChain.doFilter(ObservationFilterChainDecorator.java:137)
	at org.springframework.security.web.context.SecurityContextHolderFilter.doFilter(SecurityContextHolderFilter.java:82)
	at org.springframework.security.web.context.SecurityContextHolderFilter.doFilter(SecurityContextHolderFilter.java:69)
	at org.springframework.security.web.ObservationFilterChainDecorator$ObservationFilter.wrapFilter(ObservationFilterChainDecorator.java:240)
	at org.springframework.security.web.ObservationFilterChainDecorator$ObservationFilter.doFilter(ObservationFilterChainDecorator.java:227)
	at org.springframework.security.web.ObservationFilterChainDecorator$VirtualFilterChain.doFilter(ObservationFilterChainDecorator.java:137)
	at org.springframework.security.web.context.request.async.WebAsyncManagerIntegrationFilter.doFilterInternal(WebAsyncManagerIntegrationFilter.java:62)
	at org.springframework.web.filter.OncePerRequestFilter.doFilter(OncePerRequestFilter.java:116)
	at org.springframework.security.web.ObservationFilterChainDecorator$ObservationFilter.wrapFilter(ObservationFilterChainDecorator.java:240)
	at org.springframework.security.web.ObservationFilterChainDecorator$ObservationFilter.doFilter(ObservationFilterChainDecorator.java:227)
	at org.springframework.security.web.ObservationFilterChainDecorator$VirtualFilterChain.doFilter(ObservationFilterChainDecorator.java:137)
	at org.springframework.security.web.session.DisableEncodeUrlFilter.doFilterInternal(DisableEncodeUrlFilter.java:42)
	at org.springframework.web.filter.OncePerRequestFilter.doFilter(OncePerRequestFilter.java:116)
	at org.springframework.security.web.ObservationFilterChainDecorator$ObservationFilter.wrapFilter(ObservationFilterChainDecorator.java:240)
	at org.springframework.security.web.ObservationFilterChainDecorator$AroundFilterObservation$SimpleAroundFilterObservation.lambda$wrap$0(ObservationFilterChainDecorator.java:323)
	at org.springframework.security.web.ObservationFilterChainDecorator$ObservationFilter.doFilter(ObservationFilterChainDecorator.java:224)
	at org.springframework.security.web.ObservationFilterChainDecorator$VirtualFilterChain.doFilter(ObservationFilterChainDecorator.java:137)
	at org.springframework.security.web.FilterChainProxy.doFilterInternal(FilterChainProxy.java:233)
	at org.springframework.security.web.FilterChainProxy.doFilter(FilterChainProxy.java:191)
	at org.springframework.web.filter.CompositeFilter$VirtualFilterChain.doFilter(CompositeFilter.java:113)
	at org.springframework.web.servlet.handler.HandlerMappingIntrospector.lambda$createCacheFilter$3(HandlerMappingIntrospector.java:195)
	at org.springframework.web.filter.CompositeFilter$VirtualFilterChain.doFilter(CompositeFilter.java:113)
	at org.springframework.web.filter.CompositeFilter.doFilter(CompositeFilter.java:74)
	at org.springframework.security.config.annotation.web.configuration.WebMvcSecurityConfiguration$CompositeFilterChainProxy.doFilter(WebMvcSecurityConfiguration.java:230)
	at org.springframework.web.filter.DelegatingFilterProxy.invokeDelegate(DelegatingFilterProxy.java:352)
	at org.springframework.web.filter.DelegatingFilterProxy.doFilter(DelegatingFilterProxy.java:268)
	at org.apache.catalina.core.ApplicationFilterChain.internalDoFilter(ApplicationFilterChain.java:164)
	at org.apache.catalina.core.ApplicationFilterChain.doFilter(ApplicationFilterChain.java:140)
	at org.springframework.web.filter.RequestContextFilter.doFilterInternal(RequestContextFilter.java:100)
	at org.springframework.web.filter.OncePerRequestFilter.doFilter(OncePerRequestFilter.java:116)
	at org.apache.catalina.core.ApplicationFilterChain.internalDoFilter(ApplicationFilterChain.java:164)
	at org.apache.catalina.core.ApplicationFilterChain.doFilter(ApplicationFilterChain.java:140)
	at org.springframework.web.filter.FormContentFilter.doFilterInternal(FormContentFilter.java:93)
	at org.springframework.web.filter.OncePerRequestFilter.doFilter(OncePerRequestFilter.java:116)
	at org.apache.catalina.core.ApplicationFilterChain.internalDoFilter(ApplicationFilterChain.java:164)
	at org.apache.catalina.core.ApplicationFilterChain.doFilter(ApplicationFilterChain.java:140)
	at org.springframework.web.filter.ServerHttpObservationFilter.doFilterInternal(ServerHttpObservationFilter.java:113)
	at org.springframework.web.filter.OncePerRequestFilter.doFilter(OncePerRequestFilter.java:116)
	at org.apache.catalina.core.ApplicationFilterChain.internalDoFilter(ApplicationFilterChain.java:164)
	at org.apache.catalina.core.ApplicationFilterChain.doFilter(ApplicationFilterChain.java:140)
	at org.springframework.web.filter.CharacterEncodingFilter.doFilterInternal(CharacterEncodingFilter.java:201)
	at org.springframework.web.filter.OncePerRequestFilter.doFilter(OncePerRequestFilter.java:116)
	at org.apache.catalina.core.ApplicationFilterChain.internalDoFilter(ApplicationFilterChain.java:164)
	at org.apache.catalina.core.ApplicationFilterChain.doFilter(ApplicationFilterChain.java:140)
	at org.apache.catalina.core.StandardWrapperValve.invoke(StandardWrapperValve.java:167)
	at org.apache.catalina.core.StandardContextValve.invoke(StandardContextValve.java:90)
	at org.apache.catalina.authenticator.AuthenticatorBase.invoke(AuthenticatorBase.java:483)
	at org.apache.catalina.core.StandardHostValve.invoke(StandardHostValve.java:115)
	at org.apache.catalina.valves.ErrorReportValve.invoke(ErrorReportValve.java:93)
	at org.apache.catalina.core.StandardEngineValve.invoke(StandardEngineValve.java:74)
	at org.apache.catalina.connector.CoyoteAdapter.service(CoyoteAdapter.java:344)
	at org.apache.coyote.http11.Http11Processor.service(Http11Processor.java:384)
	at org.apache.coyote.AbstractProcessorLight.process(AbstractProcessorLight.java:63)
	at org.apache.coyote.AbstractProtocol$ConnectionHandler.process(AbstractProtocol.java:905)
	at org.apache.tomcat.util.net.NioEndpoint$SocketProcessor.doRun(NioEndpoint.java:1741)
	at org.apache.tomcat.util.net.SocketProcessorBase.run(SocketProcessorBase.java:52)
	at org.apache.tomcat.util.threads.ThreadPoolExecutor.runWorker(ThreadPoolExecutor.java:1190)
	at org.apache.tomcat.util.threads.ThreadPoolExecutor$Worker.run(ThreadPoolExecutor.java:659)
	at org.apache.tomcat.util.threads.TaskThread$WrappingRunnable.run(TaskThread.java:63)
	at java.base/java.lang.Thread.run(Thread.java:1570)
Caused by: java.net.UnknownHostException: dashscope.aliyuncs.com
	at java.base/sun.nio.ch.NioSocketImpl.connect(NioSocketImpl.java:567)
	at java.base/java.net.SocksSocketImpl.connect(SocksSocketImpl.java:327)
	at java.base/java.net.Socket.connect(Socket.java:752)
	at java.base/sun.security.ssl.SSLSocketImpl.connect(SSLSocketImpl.java:304)
	at java.base/sun.net.NetworkClient.doConnect(NetworkClient.java:178)
	at java.base/sun.net.www.http.HttpClient.openServer(HttpClient.java:531)
	at java.base/sun.net.www.http.HttpClient.openServer(HttpClient.java:636)
	at java.base/sun.net.www.protocol.https.HttpsClient.<init>(HttpsClient.java:264)
	at java.base/sun.net.www.protocol.https.HttpsClient.New(HttpsClient.java:377)
	at java.base/sun.net.www.protocol.https.AbstractDelegateHttpsURLConnection.getNewHttpClient(AbstractDelegateHttpsURLConnection.java:193)
	at java.base/sun.net.www.protocol.http.HttpURLConnection.plainConnect0(HttpURLConnection.java:1243)
	at java.base/sun.net.www.protocol.http.HttpURLConnection.plainConnect(HttpURLConnection.java:1129)
	at java.base/sun.net.www.protocol.https.AbstractDelegateHttpsURLConnection.connect(AbstractDelegateHttpsURLConnection.java:179)
	at java.base/sun.net.www.protocol.https.HttpsURLConnectionImpl.connect(HttpsURLConnectionImpl.java:141)
	at org.springframework.http.client.SimpleClientHttpRequest.executeInternal(SimpleClientHttpRequest.java:79)
	at org.springframework.http.client.AbstractStreamingClientHttpRequest.executeInternal(AbstractStreamingClientHttpRequest.java:70)
	at org.springframework.http.client.AbstractClientHttpRequest.execute(AbstractClientHttpRequest.java:66)
	at org.springframework.web.client.DefaultRestClient$DefaultRequestBodyUriSpec.exchangeInternal(DefaultRestClient.java:492)
	... 172 common frames omitted
2026-09-12 19:28:45.948 [http-nio-8080-exec-9] WARN  o.s.a.r.a.SpringAiRetryAutoConfiguration - Retry error. Retry count: 10, Exception: I/O error on POST request for "https://dashscope.aliyuncs.com/api/v1/services/aigc/text-generation/generation": dashscope.aliyuncs.com
org.springframework.web.client.ResourceAccessException: I/O error on POST request for "https://dashscope.aliyuncs.com/api/v1/services/aigc/text-generation/generation": dashscope.aliyuncs.com
	at org.springframework.web.client.DefaultRestClient$DefaultRequestBodyUriSpec.createResourceAccessException(DefaultRestClient.java:584)
	at org.springframework.web.client.DefaultRestClient$DefaultRequestBodyUriSpec.exchangeInternal(DefaultRestClient.java:498)
	at org.springframework.web.client.DefaultRestClient$DefaultRequestBodyUriSpec.retrieve(DefaultRestClient.java:458)
	at com.alibaba.cloud.ai.dashscope.api.DashScopeApi.chatCompletionEntity(DashScopeApi.java:1382)
	at com.alibaba.cloud.ai.dashscope.chat.DashScopeChatModel.lambda$internalCall$1(DashScopeChatModel.java:183)
	at org.springframework.retry.support.RetryTemplate.doExecute(RetryTemplate.java:344)
	at org.springframework.retry.support.RetryTemplate.execute(RetryTemplate.java:217)
	at com.alibaba.cloud.ai.dashscope.chat.DashScopeChatModel.lambda$internalCall$2(DashScopeChatModel.java:183)
	at io.micrometer.observation.Observation.observe(Observation.java:565)
	at com.alibaba.cloud.ai.dashscope.chat.DashScopeChatModel.internalCall(DashScopeChatModel.java:180)
	at com.alibaba.cloud.ai.dashscope.chat.DashScopeChatModel.call(DashScopeChatModel.java:161)
	at org.springframework.ai.chat.client.advisor.ChatModelCallAdvisor.adviseCall(ChatModelCallAdvisor.java:54)
	at org.springframework.ai.chat.client.advisor.DefaultAroundAdvisorChain.lambda$nextCall$1(DefaultAroundAdvisorChain.java:110)
	at io.micrometer.observation.Observation.observe(Observation.java:565)
	at org.springframework.ai.chat.client.advisor.DefaultAroundAdvisorChain.nextCall(DefaultAroundAdvisorChain.java:110)
	at org.springframework.ai.chat.client.DefaultChatClient$DefaultCallResponseSpec.lambda$doGetObservableChatClientResponse$1(DefaultChatClient.java:469)
	at io.micrometer.observation.Observation.observe(Observation.java:565)
	at org.springframework.ai.chat.client.DefaultChatClient$DefaultCallResponseSpec.doGetObservableChatClientResponse(DefaultChatClient.java:467)
	at org.springframework.ai.chat.client.DefaultChatClient$DefaultCallResponseSpec.doGetObservableChatClientResponse(DefaultChatClient.java:446)
	at org.springframework.ai.chat.client.DefaultChatClient$DefaultCallResponseSpec.content(DefaultChatClient.java:441)
	at com.aiservice.aireviewassistant.service.impl.ReviewAssistantAgent.analyzeIntentWithLlm(ReviewAssistantAgent.java:312)
	at com.aiservice.aireviewassistant.service.impl.ReviewAssistantAgent.recognizeIntent(ReviewAssistantAgent.java:300)
	at com.aiservice.aireviewassistant.service.impl.ReviewAssistantAgent.chatStream(ReviewAssistantAgent.java:221)
	at com.aiservice.aireviewassistant.controller.AgentController.stream(AgentController.java:43)
	at java.base/jdk.internal.reflect.DirectMethodHandleAccessor.invoke(DirectMethodHandleAccessor.java:103)
	at java.base/java.lang.reflect.Method.invoke(Method.java:580)
	at org.springframework.aop.support.AopUtils.invokeJoinpointUsingReflection(AopUtils.java:355)
	at org.springframework.aop.framework.ReflectiveMethodInvocation.invokeJoinpoint(ReflectiveMethodInvocation.java:196)
	at org.springframework.aop.framework.ReflectiveMethodInvocation.proceed(ReflectiveMethodInvocation.java:163)
	at org.springframework.aop.framework.CglibAopProxy$CglibMethodInvocation.proceed(CglibAopProxy.java:768)
	at org.springframework.validation.beanvalidation.MethodValidationInterceptor.invoke(MethodValidationInterceptor.java:174)
	at org.springframework.aop.framework.ReflectiveMethodInvocation.proceed(ReflectiveMethodInvocation.java:184)
	at org.springframework.aop.framework.CglibAopProxy$CglibMethodInvocation.proceed(CglibAopProxy.java:768)
	at org.springframework.aop.aspectj.MethodInvocationProceedingJoinPoint.proceed(MethodInvocationProceedingJoinPoint.java:89)
	at com.aiservice.aireviewassistant.aspect.RateLimitAspect.around(RateLimitAspect.java:30)
	at java.base/jdk.internal.reflect.DirectMethodHandleAccessor.invoke(DirectMethodHandleAccessor.java:103)
	at java.base/java.lang.reflect.Method.invoke(Method.java:580)
	at org.springframework.aop.aspectj.AbstractAspectJAdvice.invokeAdviceMethodWithGivenArgs(AbstractAspectJAdvice.java:637)
	at org.springframework.aop.aspectj.AbstractAspectJAdvice.invokeAdviceMethod(AbstractAspectJAdvice.java:627)
	at org.springframework.aop.aspectj.AspectJAroundAdvice.invoke(AspectJAroundAdvice.java:71)
	at org.springframework.aop.framework.ReflectiveMethodInvocation.proceed(ReflectiveMethodInvocation.java:173)
	at org.springframework.aop.framework.CglibAopProxy$CglibMethodInvocation.proceed(CglibAopProxy.java:768)
	at org.springframework.aop.interceptor.ExposeInvocationInterceptor.invoke(ExposeInvocationInterceptor.java:97)
	at org.springframework.aop.framework.ReflectiveMethodInvocation.proceed(ReflectiveMethodInvocation.java:184)
	at org.springframework.aop.framework.CglibAopProxy$CglibMethodInvocation.proceed(CglibAopProxy.java:768)
	at org.springframework.aop.framework.CglibAopProxy$DynamicAdvisedInterceptor.intercept(CglibAopProxy.java:720)
	at com.aiservice.aireviewassistant.controller.AgentController$$SpringCGLIB$$0.stream(<generated>)
	at java.base/jdk.internal.reflect.DirectMethodHandleAccessor.invoke(DirectMethodHandleAccessor.java:103)
	at java.base/java.lang.reflect.Method.invoke(Method.java:580)
	at org.springframework.web.method.support.InvocableHandlerMethod.doInvoke(InvocableHandlerMethod.java:255)
	at org.springframework.web.method.support.InvocableHandlerMethod.invokeForRequest(InvocableHandlerMethod.java:188)
	at org.springframework.web.servlet.mvc.method.annotation.ServletInvocableHandlerMethod.invokeAndHandle(ServletInvocableHandlerMethod.java:118)
	at org.springframework.web.servlet.mvc.method.annotation.RequestMappingHandlerAdapter.invokeHandlerMethod(RequestMappingHandlerAdapter.java:926)
	at org.springframework.web.servlet.mvc.method.annotation.RequestMappingHandlerAdapter.handleInternal(RequestMappingHandlerAdapter.java:831)
	at org.springframework.web.servlet.mvc.method.AbstractHandlerMethodAdapter.handle(AbstractHandlerMethodAdapter.java:87)
	at org.springframework.web.servlet.DispatcherServlet.doDispatch(DispatcherServlet.java:1089)
	at org.springframework.web.servlet.DispatcherServlet.doService(DispatcherServlet.java:979)
	at org.springframework.web.servlet.FrameworkServlet.processRequest(FrameworkServlet.java:1014)
	at org.springframework.web.servlet.FrameworkServlet.doGet(FrameworkServlet.java:903)
	at jakarta.servlet.http.HttpServlet.service(HttpServlet.java:564)
	at org.springframework.web.servlet.FrameworkServlet.service(FrameworkServlet.java:885)
	at jakarta.servlet.http.HttpServlet.service(HttpServlet.java:658)
	at org.apache.catalina.core.ApplicationFilterChain.internalDoFilter(ApplicationFilterChain.java:195)
	at org.apache.catalina.core.ApplicationFilterChain.doFilter(ApplicationFilterChain.java:140)
	at org.apache.tomcat.websocket.server.WsFilter.doFilter(WsFilter.java:51)
	at org.apache.catalina.core.ApplicationFilterChain.internalDoFilter(ApplicationFilterChain.java:164)
	at org.apache.catalina.core.ApplicationFilterChain.doFilter(ApplicationFilterChain.java:140)
	at org.springframework.web.filter.CompositeFilter$VirtualFilterChain.doFilter(CompositeFilter.java:108)
	at org.springframework.security.web.FilterChainProxy.lambda$doFilterInternal$3(FilterChainProxy.java:231)
	at org.springframework.security.web.ObservationFilterChainDecorator$FilterObservation$SimpleFilterObservation.lambda$wrap$1(ObservationFilterChainDecorator.java:479)
	at org.springframework.security.web.ObservationFilterChainDecorator$AroundFilterObservation$SimpleAroundFilterObservation.lambda$wrap$1(ObservationFilterChainDecorator.java:340)
	at org.springframework.security.web.ObservationFilterChainDecorator.lambda$wrapSecured$0(ObservationFilterChainDecorator.java:82)
	at org.springframework.security.web.ObservationFilterChainDecorator$VirtualFilterChain.doFilter(ObservationFilterChainDecorator.java:128)
	at org.springframework.security.web.access.intercept.AuthorizationFilter.doFilter(AuthorizationFilter.java:100)
	at org.springframework.security.web.ObservationFilterChainDecorator$ObservationFilter.wrapFilter(ObservationFilterChainDecorator.java:240)
	at org.springframework.security.web.ObservationFilterChainDecorator$ObservationFilter.doFilter(ObservationFilterChainDecorator.java:227)
	at org.springframework.security.web.ObservationFilterChainDecorator$VirtualFilterChain.doFilter(ObservationFilterChainDecorator.java:137)
	at org.springframework.security.web.access.ExceptionTranslationFilter.doFilter(ExceptionTranslationFilter.java:126)
	at org.springframework.security.web.access.ExceptionTranslationFilter.doFilter(ExceptionTranslationFilter.java:120)
	at org.springframework.security.web.ObservationFilterChainDecorator$ObservationFilter.wrapFilter(ObservationFilterChainDecorator.java:240)
	at org.springframework.security.web.ObservationFilterChainDecorator$ObservationFilter.doFilter(ObservationFilterChainDecorator.java:227)
	at org.springframework.security.web.ObservationFilterChainDecorator$VirtualFilterChain.doFilter(ObservationFilterChainDecorator.java:137)
	at org.springframework.security.web.session.SessionManagementFilter.doFilter(SessionManagementFilter.java:131)
	at org.springframework.security.web.session.SessionManagementFilter.doFilter(SessionManagementFilter.java:85)
	at org.springframework.security.web.ObservationFilterChainDecorator$ObservationFilter.wrapFilter(ObservationFilterChainDecorator.java:240)
	at org.springframework.security.web.ObservationFilterChainDecorator$ObservationFilter.doFilter(ObservationFilterChainDecorator.java:227)
	at org.springframework.security.web.ObservationFilterChainDecorator$VirtualFilterChain.doFilter(ObservationFilterChainDecorator.java:137)
	at org.springframework.security.web.authentication.AnonymousAuthenticationFilter.doFilter(AnonymousAuthenticationFilter.java:100)
	at org.springframework.security.web.ObservationFilterChainDecorator$ObservationFilter.wrapFilter(ObservationFilterChainDecorator.java:240)
	at org.springframework.security.web.ObservationFilterChainDecorator$ObservationFilter.doFilter(ObservationFilterChainDecorator.java:227)
	at org.springframework.security.web.ObservationFilterChainDecorator$VirtualFilterChain.doFilter(ObservationFilterChainDecorator.java:137)
	at org.springframework.security.web.servletapi.SecurityContextHolderAwareRequestFilter.doFilter(SecurityContextHolderAwareRequestFilter.java:179)
	at org.springframework.security.web.ObservationFilterChainDecorator$ObservationFilter.wrapFilter(ObservationFilterChainDecorator.java:240)
	at org.springframework.security.web.ObservationFilterChainDecorator$ObservationFilter.doFilter(ObservationFilterChainDecorator.java:227)
	at org.springframework.security.web.ObservationFilterChainDecorator$VirtualFilterChain.doFilter(ObservationFilterChainDecorator.java:137)
	at org.springframework.security.web.savedrequest.RequestCacheAwareFilter.doFilter(RequestCacheAwareFilter.java:63)
	at org.springframework.security.web.ObservationFilterChainDecorator$ObservationFilter.wrapFilter(ObservationFilterChainDecorator.java:240)
	at org.springframework.security.web.ObservationFilterChainDecorator$ObservationFilter.doFilter(ObservationFilterChainDecorator.java:227)
	at org.springframework.security.web.ObservationFilterChainDecorator$VirtualFilterChain.doFilter(ObservationFilterChainDecorator.java:137)
	at com.aiservice.aireviewassistant.security.JwtAuthenticationFilter.doFilterInternal(JwtAuthenticationFilter.java:54)
	at org.springframework.web.filter.OncePerRequestFilter.doFilter(OncePerRequestFilter.java:116)
	at org.springframework.security.web.ObservationFilterChainDecorator$ObservationFilter.wrapFilter(ObservationFilterChainDecorator.java:240)
	at org.springframework.security.web.ObservationFilterChainDecorator$ObservationFilter.doFilter(ObservationFilterChainDecorator.java:227)
	at org.springframework.security.web.ObservationFilterChainDecorator$VirtualFilterChain.doFilter(ObservationFilterChainDecorator.java:137)
	at org.springframework.security.web.authentication.logout.LogoutFilter.doFilter(LogoutFilter.java:107)
	at org.springframework.security.web.authentication.logout.LogoutFilter.doFilter(LogoutFilter.java:93)
	at org.springframework.security.web.ObservationFilterChainDecorator$ObservationFilter.wrapFilter(ObservationFilterChainDecorator.java:240)
	at org.springframework.security.web.ObservationFilterChainDecorator$ObservationFilter.doFilter(ObservationFilterChainDecorator.java:227)
	at org.springframework.security.web.ObservationFilterChainDecorator$VirtualFilterChain.doFilter(ObservationFilterChainDecorator.java:137)
	at org.springframework.security.web.header.HeaderWriterFilter.doHeadersAfter(HeaderWriterFilter.java:90)
	at org.springframework.security.web.header.HeaderWriterFilter.doFilterInternal(HeaderWriterFilter.java:75)
	at org.springframework.web.filter.OncePerRequestFilter.doFilter(OncePerRequestFilter.java:116)
	at org.springframework.security.web.ObservationFilterChainDecorator$ObservationFilter.wrapFilter(ObservationFilterChainDecorator.java:240)
	at org.springframework.security.web.ObservationFilterChainDecorator$ObservationFilter.doFilter(ObservationFilterChainDecorator.java:227)
	at org.springframework.security.web.ObservationFilterChainDecorator$VirtualFilterChain.doFilter(ObservationFilterChainDecorator.java:137)
	at org.springframework.security.web.context.SecurityContextHolderFilter.doFilter(SecurityContextHolderFilter.java:82)
	at org.springframework.security.web.context.SecurityContextHolderFilter.doFilter(SecurityContextHolderFilter.java:69)
	at org.springframework.security.web.ObservationFilterChainDecorator$ObservationFilter.wrapFilter(ObservationFilterChainDecorator.java:240)
	at org.springframework.security.web.ObservationFilterChainDecorator$ObservationFilter.doFilter(ObservationFilterChainDecorator.java:227)
	at org.springframework.security.web.ObservationFilterChainDecorator$VirtualFilterChain.doFilter(ObservationFilterChainDecorator.java:137)
	at org.springframework.security.web.context.request.async.WebAsyncManagerIntegrationFilter.doFilterInternal(WebAsyncManagerIntegrationFilter.java:62)
	at org.springframework.web.filter.OncePerRequestFilter.doFilter(OncePerRequestFilter.java:116)
	at org.springframework.security.web.ObservationFilterChainDecorator$ObservationFilter.wrapFilter(ObservationFilterChainDecorator.java:240)
	at org.springframework.security.web.ObservationFilterChainDecorator$ObservationFilter.doFilter(ObservationFilterChainDecorator.java:227)
	at org.springframework.security.web.ObservationFilterChainDecorator$VirtualFilterChain.doFilter(ObservationFilterChainDecorator.java:137)
	at org.springframework.security.web.session.DisableEncodeUrlFilter.doFilterInternal(DisableEncodeUrlFilter.java:42)
	at org.springframework.web.filter.OncePerRequestFilter.doFilter(OncePerRequestFilter.java:116)
	at org.springframework.security.web.ObservationFilterChainDecorator$ObservationFilter.wrapFilter(ObservationFilterChainDecorator.java:240)
	at org.springframework.security.web.ObservationFilterChainDecorator$AroundFilterObservation$SimpleAroundFilterObservation.lambda$wrap$0(ObservationFilterChainDecorator.java:323)
	at org.springframework.security.web.ObservationFilterChainDecorator$ObservationFilter.doFilter(ObservationFilterChainDecorator.java:224)
	at org.springframework.security.web.ObservationFilterChainDecorator$VirtualFilterChain.doFilter(ObservationFilterChainDecorator.java:137)
	at org.springframework.security.web.FilterChainProxy.doFilterInternal(FilterChainProxy.java:233)
	at org.springframework.security.web.FilterChainProxy.doFilter(FilterChainProxy.java:191)
	at org.springframework.web.filter.CompositeFilter$VirtualFilterChain.doFilter(CompositeFilter.java:113)
	at org.springframework.web.servlet.handler.HandlerMappingIntrospector.lambda$createCacheFilter$3(HandlerMappingIntrospector.java:195)
	at org.springframework.web.filter.CompositeFilter$VirtualFilterChain.doFilter(CompositeFilter.java:113)
	at org.springframework.web.filter.CompositeFilter.doFilter(CompositeFilter.java:74)
	at org.springframework.security.config.annotation.web.configuration.WebMvcSecurityConfiguration$CompositeFilterChainProxy.doFilter(WebMvcSecurityConfiguration.java:230)
	at org.springframework.web.filter.DelegatingFilterProxy.invokeDelegate(DelegatingFilterProxy.java:352)
	at org.springframework.web.filter.DelegatingFilterProxy.doFilter(DelegatingFilterProxy.java:268)
	at org.apache.catalina.core.ApplicationFilterChain.internalDoFilter(ApplicationFilterChain.java:164)
	at org.apache.catalina.core.ApplicationFilterChain.doFilter(ApplicationFilterChain.java:140)
	at org.springframework.web.filter.RequestContextFilter.doFilterInternal(RequestContextFilter.java:100)
	at org.springframework.web.filter.OncePerRequestFilter.doFilter(OncePerRequestFilter.java:116)
	at org.apache.catalina.core.ApplicationFilterChain.internalDoFilter(ApplicationFilterChain.java:164)
	at org.apache.catalina.core.ApplicationFilterChain.doFilter(ApplicationFilterChain.java:140)
	at org.springframework.web.filter.FormContentFilter.doFilterInternal(FormContentFilter.java:93)
	at org.springframework.web.filter.OncePerRequestFilter.doFilter(OncePerRequestFilter.java:116)
	at org.apache.catalina.core.ApplicationFilterChain.internalDoFilter(ApplicationFilterChain.java:164)
	at org.apache.catalina.core.ApplicationFilterChain.doFilter(ApplicationFilterChain.java:140)
	at org.springframework.web.filter.ServerHttpObservationFilter.doFilterInternal(ServerHttpObservationFilter.java:113)
	at org.springframework.web.filter.OncePerRequestFilter.doFilter(OncePerRequestFilter.java:116)
	at org.apache.catalina.core.ApplicationFilterChain.internalDoFilter(ApplicationFilterChain.java:164)
	at org.apache.catalina.core.ApplicationFilterChain.doFilter(ApplicationFilterChain.java:140)
	at org.springframework.web.filter.CharacterEncodingFilter.doFilterInternal(CharacterEncodingFilter.java:201)
	at org.springframework.web.filter.OncePerRequestFilter.doFilter(OncePerRequestFilter.java:116)
	at org.apache.catalina.core.ApplicationFilterChain.internalDoFilter(ApplicationFilterChain.java:164)
	at org.apache.catalina.core.ApplicationFilterChain.doFilter(ApplicationFilterChain.java:140)
	at org.apache.catalina.core.StandardWrapperValve.invoke(StandardWrapperValve.java:167)
	at org.apache.catalina.core.StandardContextValve.invoke(StandardContextValve.java:90)
	at org.apache.catalina.authenticator.AuthenticatorBase.invoke(AuthenticatorBase.java:483)
	at org.apache.catalina.core.StandardHostValve.invoke(StandardHostValve.java:115)
	at org.apache.catalina.valves.ErrorReportValve.invoke(ErrorReportValve.java:93)
	at org.apache.catalina.core.StandardEngineValve.invoke(StandardEngineValve.java:74)
	at org.apache.catalina.connector.CoyoteAdapter.service(CoyoteAdapter.java:344)
	at org.apache.coyote.http11.Http11Processor.service(Http11Processor.java:384)
	at org.apache.coyote.AbstractProcessorLight.process(AbstractProcessorLight.java:63)
	at org.apache.coyote.AbstractProtocol$ConnectionHandler.process(AbstractProtocol.java:905)
	at org.apache.tomcat.util.net.NioEndpoint$SocketProcessor.doRun(NioEndpoint.java:1741)
	at org.apache.tomcat.util.net.SocketProcessorBase.run(SocketProcessorBase.java:52)
	at org.apache.tomcat.util.threads.ThreadPoolExecutor.runWorker(ThreadPoolExecutor.java:1190)
	at org.apache.tomcat.util.threads.ThreadPoolExecutor$Worker.run(ThreadPoolExecutor.java:659)
	at org.apache.tomcat.util.threads.TaskThread$WrappingRunnable.run(TaskThread.java:63)
	at java.base/java.lang.Thread.run(Thread.java:1570)
Caused by: java.net.UnknownHostException: dashscope.aliyuncs.com
	at java.base/sun.nio.ch.NioSocketImpl.connect(NioSocketImpl.java:567)
	at java.base/java.net.SocksSocketImpl.connect(SocksSocketImpl.java:327)
	at java.base/java.net.Socket.connect(Socket.java:752)
	at java.base/sun.security.ssl.SSLSocketImpl.connect(SSLSocketImpl.java:304)
	at java.base/sun.net.NetworkClient.doConnect(NetworkClient.java:178)
	at java.base/sun.net.www.http.HttpClient.openServer(HttpClient.java:531)
	at java.base/sun.net.www.http.HttpClient.openServer(HttpClient.java:636)
	at java.base/sun.net.www.protocol.https.HttpsClient.<init>(HttpsClient.java:264)
	at java.base/sun.net.www.protocol.https.HttpsClient.New(HttpsClient.java:377)
	at java.base/sun.net.www.protocol.https.AbstractDelegateHttpsURLConnection.getNewHttpClient(AbstractDelegateHttpsURLConnection.java:193)
	at java.base/sun.net.www.protocol.http.HttpURLConnection.plainConnect0(HttpURLConnection.java:1243)
	at java.base/sun.net.www.protocol.http.HttpURLConnection.plainConnect(HttpURLConnection.java:1129)
	at java.base/sun.net.www.protocol.https.AbstractDelegateHttpsURLConnection.connect(AbstractDelegateHttpsURLConnection.java:179)
	at java.base/sun.net.www.protocol.https.HttpsURLConnectionImpl.connect(HttpsURLConnectionImpl.java:141)
	at org.springframework.http.client.SimpleClientHttpRequest.executeInternal(SimpleClientHttpRequest.java:79)
	at org.springframework.http.client.AbstractStreamingClientHttpRequest.executeInternal(AbstractStreamingClientHttpRequest.java:70)
	at org.springframework.http.client.AbstractClientHttpRequest.execute(AbstractClientHttpRequest.java:66)
	at org.springframework.web.client.DefaultRestClient$DefaultRequestBodyUriSpec.exchangeInternal(DefaultRestClient.java:492)
	... 172 common frames omitted
2026-09-12 19:28:45.955 [http-nio-8080-exec-9] WARN  c.a.a.s.impl.ReviewAssistantAgent - [Agent] LLM 意图识别失败，回退到关键词匹配: I/O error on POST request for "https://dashscope.aliyuncs.com/api/v1/services/aigc/text-generation/generation": dashscope.aliyuncs.com
2026-09-12 19:28:45.957 [http-nio-8080-exec-9] DEBUG c.a.a.s.impl.ReviewAssistantAgent - ========== Agent 流式意图识别 ==========
2026-09-12 19:28:45.957 [http-nio-8080-exec-9] DEBUG c.a.a.s.impl.ReviewAssistantAgent - 用户消息: 请帮我出几道关于数据库学科/知识点的选择题
2026-09-12 19:28:45.957 [http-nio-8080-exec-9] DEBUG c.a.a.s.impl.ReviewAssistantAgent - 识别意图: CHAT
2026-09-12 19:28:45.957 [http-nio-8080-exec-9] DEBUG c.a.a.s.impl.ReviewAssistantAgent - 提取参数: {}
2026-09-12 19:28:45.957 [http-nio-8080-exec-9] DEBUG c.a.a.s.impl.ReviewAssistantAgent - [Agent] 流式调用工具: CHAT
2026-09-12 19:28:45.957 [http-nio-8080-exec-9] DEBUG c.a.a.s.impl.ReviewAssistantAgent - ================================
2026-09-12 19:28:46.183 [http-nio-8080-exec-9] ERROR c.a.a.e.GlobalExceptionHandler - 系统异常: ServletOutputStream failed to flush: java.io.IOException: Broken pipe
org.springframework.web.context.request.async.AsyncRequestNotUsableException: ServletOutputStream failed to flush: java.io.IOException: Broken pipe
	at org.springframework.web.context.request.async.StandardServletAsyncWebRequest$LifecycleHttpServletResponse.handleIOException(StandardServletAsyncWebRequest.java:343)
	at org.springframework.web.context.request.async.StandardServletAsyncWebRequest$LifecycleServletOutputStream.flush(StandardServletAsyncWebRequest.java:415)
	at org.springframework.util.StreamUtils.copy(StreamUtils.java:135)
	at org.springframework.http.converter.StringHttpMessageConverter.writeInternal(StringHttpMessageConverter.java:128)
	at org.springframework.http.converter.StringHttpMessageConverter.writeInternal(StringHttpMessageConverter.java:44)
	at org.springframework.http.converter.AbstractHttpMessageConverter.write(AbstractHttpMessageConverter.java:235)
	at org.springframework.web.servlet.mvc.method.annotation.ResponseBodyEmitterReturnValueHandler$HttpMessageConvertingHandler.sendInternal(ResponseBodyEmitterReturnValueHandler.java:221)
	at org.springframework.web.servlet.mvc.method.annotation.ResponseBodyEmitterReturnValueHandler$HttpMessageConvertingHandler.send(ResponseBodyEmitterReturnValueHandler.java:212)
	at org.springframework.web.servlet.mvc.method.annotation.ResponseBodyEmitter.sendInternal(ResponseBodyEmitter.java:223)
	at org.springframework.web.servlet.mvc.method.annotation.ResponseBodyEmitter.initialize(ResponseBodyEmitter.java:121)
	at org.springframework.web.servlet.mvc.method.annotation.ResponseBodyEmitterReturnValueHandler.handleReturnValue(ResponseBodyEmitterReturnValueHandler.java:185)
	at org.springframework.web.method.support.HandlerMethodReturnValueHandlerComposite.handleReturnValue(HandlerMethodReturnValueHandlerComposite.java:78)
	at org.springframework.web.servlet.mvc.method.annotation.ServletInvocableHandlerMethod.invokeAndHandle(ServletInvocableHandlerMethod.java:136)
	at org.springframework.web.servlet.mvc.method.annotation.RequestMappingHandlerAdapter.invokeHandlerMethod(RequestMappingHandlerAdapter.java:926)
	at org.springframework.web.servlet.mvc.method.annotation.RequestMappingHandlerAdapter.handleInternal(RequestMappingHandlerAdapter.java:831)
	at org.springframework.web.servlet.mvc.method.AbstractHandlerMethodAdapter.handle(AbstractHandlerMethodAdapter.java:87)
	at org.springframework.web.servlet.DispatcherServlet.doDispatch(DispatcherServlet.java:1089)
	at org.springframework.web.servlet.DispatcherServlet.doService(DispatcherServlet.java:979)
	at org.springframework.web.servlet.FrameworkServlet.processRequest(FrameworkServlet.java:1014)
	at org.springframework.web.servlet.FrameworkServlet.doGet(FrameworkServlet.java:903)
	at jakarta.servlet.http.HttpServlet.service(HttpServlet.java:564)
	at org.springframework.web.servlet.FrameworkServlet.service(FrameworkServlet.java:885)
	at jakarta.servlet.http.HttpServlet.service(HttpServlet.java:658)
	at org.apache.catalina.core.ApplicationFilterChain.internalDoFilter(ApplicationFilterChain.java:195)
	at org.apache.catalina.core.ApplicationFilterChain.doFilter(ApplicationFilterChain.java:140)
	at org.apache.tomcat.websocket.server.WsFilter.doFilter(WsFilter.java:51)
	at org.apache.catalina.core.ApplicationFilterChain.internalDoFilter(ApplicationFilterChain.java:164)
	at org.apache.catalina.core.ApplicationFilterChain.doFilter(ApplicationFilterChain.java:140)
	at org.springframework.web.filter.CompositeFilter$VirtualFilterChain.doFilter(CompositeFilter.java:108)
	at org.springframework.security.web.FilterChainProxy.lambda$doFilterInternal$3(FilterChainProxy.java:231)
	at org.springframework.security.web.ObservationFilterChainDecorator$FilterObservation$SimpleFilterObservation.lambda$wrap$1(ObservationFilterChainDecorator.java:479)
	at org.springframework.security.web.ObservationFilterChainDecorator$AroundFilterObservation$SimpleAroundFilterObservation.lambda$wrap$1(ObservationFilterChainDecorator.java:340)
	at org.springframework.security.web.ObservationFilterChainDecorator.lambda$wrapSecured$0(ObservationFilterChainDecorator.java:82)
	at org.springframework.security.web.ObservationFilterChainDecorator$VirtualFilterChain.doFilter(ObservationFilterChainDecorator.java:128)
	at org.springframework.security.web.access.intercept.AuthorizationFilter.doFilter(AuthorizationFilter.java:100)
	at org.springframework.security.web.ObservationFilterChainDecorator$ObservationFilter.wrapFilter(ObservationFilterChainDecorator.java:240)
	at org.springframework.security.web.ObservationFilterChainDecorator$ObservationFilter.doFilter(ObservationFilterChainDecorator.java:227)
	at org.springframework.security.web.ObservationFilterChainDecorator$VirtualFilterChain.doFilter(ObservationFilterChainDecorator.java:137)
	at org.springframework.security.web.access.ExceptionTranslationFilter.doFilter(ExceptionTranslationFilter.java:126)
	at org.springframework.security.web.access.ExceptionTranslationFilter.doFilter(ExceptionTranslationFilter.java:120)
	at org.springframework.security.web.ObservationFilterChainDecorator$ObservationFilter.wrapFilter(ObservationFilterChainDecorator.java:240)
	at org.springframework.security.web.ObservationFilterChainDecorator$ObservationFilter.doFilter(ObservationFilterChainDecorator.java:227)
	at org.springframework.security.web.ObservationFilterChainDecorator$VirtualFilterChain.doFilter(ObservationFilterChainDecorator.java:137)
	at org.springframework.security.web.session.SessionManagementFilter.doFilter(SessionManagementFilter.java:131)
	at org.springframework.security.web.session.SessionManagementFilter.doFilter(SessionManagementFilter.java:85)
	at org.springframework.security.web.ObservationFilterChainDecorator$ObservationFilter.wrapFilter(ObservationFilterChainDecorator.java:240)
	at org.springframework.security.web.ObservationFilterChainDecorator$ObservationFilter.doFilter(ObservationFilterChainDecorator.java:227)
	at org.springframework.security.web.ObservationFilterChainDecorator$VirtualFilterChain.doFilter(ObservationFilterChainDecorator.java:137)
	at org.springframework.security.web.authentication.AnonymousAuthenticationFilter.doFilter(AnonymousAuthenticationFilter.java:100)
	at org.springframework.security.web.ObservationFilterChainDecorator$ObservationFilter.wrapFilter(ObservationFilterChainDecorator.java:240)
	at org.springframework.security.web.ObservationFilterChainDecorator$ObservationFilter.doFilter(ObservationFilterChainDecorator.java:227)
	at org.springframework.security.web.ObservationFilterChainDecorator$VirtualFilterChain.doFilter(ObservationFilterChainDecorator.java:137)
	at org.springframework.security.web.servletapi.SecurityContextHolderAwareRequestFilter.doFilter(SecurityContextHolderAwareRequestFilter.java:179)
	at org.springframework.security.web.ObservationFilterChainDecorator$ObservationFilter.wrapFilter(ObservationFilterChainDecorator.java:240)
	at org.springframework.security.web.ObservationFilterChainDecorator$ObservationFilter.doFilter(ObservationFilterChainDecorator.java:227)
	at org.springframework.security.web.ObservationFilterChainDecorator$VirtualFilterChain.doFilter(ObservationFilterChainDecorator.java:137)
	at org.springframework.security.web.savedrequest.RequestCacheAwareFilter.doFilter(RequestCacheAwareFilter.java:63)
	at org.springframework.security.web.ObservationFilterChainDecorator$ObservationFilter.wrapFilter(ObservationFilterChainDecorator.java:240)
	at org.springframework.security.web.ObservationFilterChainDecorator$ObservationFilter.doFilter(ObservationFilterChainDecorator.java:227)
	at org.springframework.security.web.ObservationFilterChainDecorator$VirtualFilterChain.doFilter(ObservationFilterChainDecorator.java:137)
	at com.aiservice.aireviewassistant.security.JwtAuthenticationFilter.doFilterInternal(JwtAuthenticationFilter.java:54)
	at org.springframework.web.filter.OncePerRequestFilter.doFilter(OncePerRequestFilter.java:116)
	at org.springframework.security.web.ObservationFilterChainDecorator$ObservationFilter.wrapFilter(ObservationFilterChainDecorator.java:240)
	at org.springframework.security.web.ObservationFilterChainDecorator$ObservationFilter.doFilter(ObservationFilterChainDecorator.java:227)
	at org.springframework.security.web.ObservationFilterChainDecorator$VirtualFilterChain.doFilter(ObservationFilterChainDecorator.java:137)
	at org.springframework.security.web.authentication.logout.LogoutFilter.doFilter(LogoutFilter.java:107)
	at org.springframework.security.web.authentication.logout.LogoutFilter.doFilter(LogoutFilter.java:93)
	at org.springframework.security.web.ObservationFilterChainDecorator$ObservationFilter.wrapFilter(ObservationFilterChainDecorator.java:240)
	at org.springframework.security.web.ObservationFilterChainDecorator$ObservationFilter.doFilter(ObservationFilterChainDecorator.java:227)
	at org.springframework.security.web.ObservationFilterChainDecorator$VirtualFilterChain.doFilter(ObservationFilterChainDecorator.java:137)
	at org.springframework.security.web.header.HeaderWriterFilter.doHeadersAfter(HeaderWriterFilter.java:90)
	at org.springframework.security.web.header.HeaderWriterFilter.doFilterInternal(HeaderWriterFilter.java:75)
	at org.springframework.web.filter.OncePerRequestFilter.doFilter(OncePerRequestFilter.java:116)
	at org.springframework.security.web.ObservationFilterChainDecorator$ObservationFilter.wrapFilter(ObservationFilterChainDecorator.java:240)
	at org.springframework.security.web.ObservationFilterChainDecorator$ObservationFilter.doFilter(ObservationFilterChainDecorator.java:227)
	at org.springframework.security.web.ObservationFilterChainDecorator$VirtualFilterChain.doFilter(ObservationFilterChainDecorator.java:137)
	at org.springframework.security.web.context.SecurityContextHolderFilter.doFilter(SecurityContextHolderFilter.java:82)
	at org.springframework.security.web.context.SecurityContextHolderFilter.doFilter(SecurityContextHolderFilter.java:69)
	at org.springframework.security.web.ObservationFilterChainDecorator$ObservationFilter.wrapFilter(ObservationFilterChainDecorator.java:240)
	at org.springframework.security.web.ObservationFilterChainDecorator$ObservationFilter.doFilter(ObservationFilterChainDecorator.java:227)
	at org.springframework.security.web.ObservationFilterChainDecorator$VirtualFilterChain.doFilter(ObservationFilterChainDecorator.java:137)
	at org.springframework.security.web.context.request.async.WebAsyncManagerIntegrationFilter.doFilterInternal(WebAsyncManagerIntegrationFilter.java:62)
	at org.springframework.web.filter.OncePerRequestFilter.doFilter(OncePerRequestFilter.java:116)
	at org.springframework.security.web.ObservationFilterChainDecorator$ObservationFilter.wrapFilter(ObservationFilterChainDecorator.java:240)
	at org.springframework.security.web.ObservationFilterChainDecorator$ObservationFilter.doFilter(ObservationFilterChainDecorator.java:227)
	at org.springframework.security.web.ObservationFilterChainDecorator$VirtualFilterChain.doFilter(ObservationFilterChainDecorator.java:137)
	at org.springframework.security.web.session.DisableEncodeUrlFilter.doFilterInternal(DisableEncodeUrlFilter.java:42)
	at org.springframework.web.filter.OncePerRequestFilter.doFilter(OncePerRequestFilter.java:116)
	at org.springframework.security.web.ObservationFilterChainDecorator$ObservationFilter.wrapFilter(ObservationFilterChainDecorator.java:240)
	at org.springframework.security.web.ObservationFilterChainDecorator$AroundFilterObservation$SimpleAroundFilterObservation.lambda$wrap$0(ObservationFilterChainDecorator.java:323)
	at org.springframework.security.web.ObservationFilterChainDecorator$ObservationFilter.doFilter(ObservationFilterChainDecorator.java:224)
	at org.springframework.security.web.ObservationFilterChainDecorator$VirtualFilterChain.doFilter(ObservationFilterChainDecorator.java:137)
	at org.springframework.security.web.FilterChainProxy.doFilterInternal(FilterChainProxy.java:233)
	at org.springframework.security.web.FilterChainProxy.doFilter(FilterChainProxy.java:191)
	at org.springframework.web.filter.CompositeFilter$VirtualFilterChain.doFilter(CompositeFilter.java:113)
	at org.springframework.web.servlet.handler.HandlerMappingIntrospector.lambda$createCacheFilter$3(HandlerMappingIntrospector.java:195)
	at org.springframework.web.filter.CompositeFilter$VirtualFilterChain.doFilter(CompositeFilter.java:113)
	at org.springframework.web.filter.CompositeFilter.doFilter(CompositeFilter.java:74)
	at org.springframework.security.config.annotation.web.configuration.WebMvcSecurityConfiguration$CompositeFilterChainProxy.doFilter(WebMvcSecurityConfiguration.java:230)
	at org.springframework.web.filter.DelegatingFilterProxy.invokeDelegate(DelegatingFilterProxy.java:352)
	at org.springframework.web.filter.DelegatingFilterProxy.doFilter(DelegatingFilterProxy.java:268)
	at org.apache.catalina.core.ApplicationFilterChain.internalDoFilter(ApplicationFilterChain.java:164)
	at org.apache.catalina.core.ApplicationFilterChain.doFilter(ApplicationFilterChain.java:140)
	at org.springframework.web.filter.RequestContextFilter.doFilterInternal(RequestContextFilter.java:100)
	at org.springframework.web.filter.OncePerRequestFilter.doFilter(OncePerRequestFilter.java:116)
	at org.apache.catalina.core.ApplicationFilterChain.internalDoFilter(ApplicationFilterChain.java:164)
	at org.apache.catalina.core.ApplicationFilterChain.doFilter(ApplicationFilterChain.java:140)
	at org.springframework.web.filter.FormContentFilter.doFilterInternal(FormContentFilter.java:93)
	at org.springframework.web.filter.OncePerRequestFilter.doFilter(OncePerRequestFilter.java:116)
	at org.apache.catalina.core.ApplicationFilterChain.internalDoFilter(ApplicationFilterChain.java:164)
	at org.apache.catalina.core.ApplicationFilterChain.doFilter(ApplicationFilterChain.java:140)
	at org.springframework.web.filter.ServerHttpObservationFilter.doFilterInternal(ServerHttpObservationFilter.java:113)
	at org.springframework.web.filter.OncePerRequestFilter.doFilter(OncePerRequestFilter.java:116)
	at org.apache.catalina.core.ApplicationFilterChain.internalDoFilter(ApplicationFilterChain.java:164)
	at org.apache.catalina.core.ApplicationFilterChain.doFilter(ApplicationFilterChain.java:140)
	at org.springframework.web.filter.CharacterEncodingFilter.doFilterInternal(CharacterEncodingFilter.java:201)
	at org.springframework.web.filter.OncePerRequestFilter.doFilter(OncePerRequestFilter.java:116)
	at org.apache.catalina.core.ApplicationFilterChain.internalDoFilter(ApplicationFilterChain.java:164)
	at org.apache.catalina.core.ApplicationFilterChain.doFilter(ApplicationFilterChain.java:140)
	at org.apache.catalina.core.StandardWrapperValve.invoke(StandardWrapperValve.java:167)
	at org.apache.catalina.core.StandardContextValve.invoke(StandardContextValve.java:90)
	at org.apache.catalina.authenticator.AuthenticatorBase.invoke(AuthenticatorBase.java:483)
	at org.apache.catalina.core.StandardHostValve.invoke(StandardHostValve.java:115)
	at org.apache.catalina.valves.ErrorReportValve.invoke(ErrorReportValve.java:93)
	at org.apache.catalina.core.StandardEngineValve.invoke(StandardEngineValve.java:74)
	at org.apache.catalina.connector.CoyoteAdapter.service(CoyoteAdapter.java:344)
	at org.apache.coyote.http11.Http11Processor.service(Http11Processor.java:384)
	at org.apache.coyote.AbstractProcessorLight.process(AbstractProcessorLight.java:63)
	at org.apache.coyote.AbstractProtocol$ConnectionHandler.process(AbstractProtocol.java:905)
	at org.apache.tomcat.util.net.NioEndpoint$SocketProcessor.doRun(NioEndpoint.java:1741)
	at org.apache.tomcat.util.net.SocketProcessorBase.run(SocketProcessorBase.java:52)
	at org.apache.tomcat.util.threads.ThreadPoolExecutor.runWorker(ThreadPoolExecutor.java:1190)
	at org.apache.tomcat.util.threads.ThreadPoolExecutor$Worker.run(ThreadPoolExecutor.java:659)
	at org.apache.tomcat.util.threads.TaskThread$WrappingRunnable.run(TaskThread.java:63)
	at java.base/java.lang.Thread.run(Thread.java:1570)
Caused by: org.apache.catalina.connector.ClientAbortException: java.io.IOException: Broken pipe
	at org.apache.catalina.connector.OutputBuffer.doFlush(OutputBuffer.java:303)
	at org.apache.catalina.connector.OutputBuffer.flush(OutputBuffer.java:265)
	at org.apache.catalina.connector.CoyoteOutputStream.flush(CoyoteOutputStream.java:136)
	at org.springframework.security.web.util.OnCommittedResponseWrapper$SaveContextServletOutputStream.flush(OnCommittedResponseWrapper.java:524)
	at org.springframework.web.context.request.async.StandardServletAsyncWebRequest$LifecycleServletOutputStream.flush(StandardServletAsyncWebRequest.java:412)
	... 133 common frames omitted
Caused by: java.io.IOException: Broken pipe
	at java.base/sun.nio.ch.SocketDispatcher.write0(Native Method)
	at java.base/sun.nio.ch.SocketDispatcher.write(SocketDispatcher.java:62)
	at java.base/sun.nio.ch.IOUtil.writeFromNativeBuffer(IOUtil.java:137)
	at java.base/sun.nio.ch.IOUtil.write(IOUtil.java:102)
	at java.base/sun.nio.ch.IOUtil.write(IOUtil.java:58)
	at java.base/sun.nio.ch.SocketChannelImpl.implWrite(SocketChannelImpl.java:566)
	at java.base/sun.nio.ch.SocketChannelImpl.write(SocketChannelImpl.java:618)
	at org.apache.tomcat.util.net.NioChannel.write(NioChannel.java:122)
	at org.apache.tomcat.util.net.NioEndpoint$NioSocketWrapper.doWrite(NioEndpoint.java:1378)
	at org.apache.tomcat.util.net.SocketWrapperBase.doWrite(SocketWrapperBase.java:764)
	at org.apache.tomcat.util.net.SocketWrapperBase.flushBlocking(SocketWrapperBase.java:728)
	at org.apache.tomcat.util.net.SocketWrapperBase.flush(SocketWrapperBase.java:712)
	at org.apache.coyote.http11.Http11OutputBuffer$SocketOutputBuffer.flush(Http11OutputBuffer.java:574)
	at org.apache.coyote.http11.filters.ChunkedOutputFilter.flush(ChunkedOutputFilter.java:156)
	at org.apache.coyote.http11.Http11OutputBuffer.flush(Http11OutputBuffer.java:216)
	at org.apache.coyote.http11.Http11Processor.flush(Http11Processor.java:1252)
	at org.apache.coyote.AbstractProcessor.action(AbstractProcessor.java:408)
	at org.apache.coyote.Response.action(Response.java:208)
	at org.apache.catalina.connector.OutputBuffer.doFlush(OutputBuffer.java:299)
	... 137 common frames omitted
2026-09-12 19:28:46.185 [http-nio-8080-exec-9] WARN  o.s.w.s.m.m.a.ExceptionHandlerExceptionResolver - Failure in @ExceptionHandler com.aiservice.aireviewassistant.exception.GlobalExceptionHandler#handleException(Exception)
org.springframework.http.converter.HttpMessageNotWritableException: No converter for [class com.aiservice.aireviewassistant.common.ApiResponse] with preset Content-Type 'text/event-stream'
	at org.springframework.web.servlet.mvc.method.annotation.AbstractMessageConverterMethodProcessor.writeWithMessageConverters(AbstractMessageConverterMethodProcessor.java:319)
	at org.springframework.web.servlet.mvc.method.annotation.RequestResponseBodyMethodProcessor.handleReturnValue(RequestResponseBodyMethodProcessor.java:192)
	at org.springframework.web.method.support.HandlerMethodReturnValueHandlerComposite.handleReturnValue(HandlerMethodReturnValueHandlerComposite.java:78)
	at org.springframework.web.servlet.mvc.method.annotation.ServletInvocableHandlerMethod.invokeAndHandle(ServletInvocableHandlerMethod.java:136)
	at org.springframework.web.servlet.mvc.method.annotation.ExceptionHandlerExceptionResolver.doResolveHandlerMethodException(ExceptionHandlerExceptionResolver.java:432)
	at org.springframework.web.servlet.handler.AbstractHandlerMethodExceptionResolver.doResolveException(AbstractHandlerMethodExceptionResolver.java:74)
	at org.springframework.web.servlet.handler.AbstractHandlerExceptionResolver.resolveException(AbstractHandlerExceptionResolver.java:175)
	at org.springframework.web.servlet.handler.HandlerExceptionResolverComposite.resolveException(HandlerExceptionResolverComposite.java:80)
	at org.springframework.web.servlet.DispatcherServlet.processHandlerException(DispatcherServlet.java:1358)
	at org.springframework.web.servlet.DispatcherServlet.processDispatchResult(DispatcherServlet.java:1161)
	at org.springframework.web.servlet.DispatcherServlet.doDispatch(DispatcherServlet.java:1106)
	at org.springframework.web.servlet.DispatcherServlet.doService(DispatcherServlet.java:979)
	at org.springframework.web.servlet.FrameworkServlet.processRequest(FrameworkServlet.java:1014)
	at org.springframework.web.servlet.FrameworkServlet.doGet(FrameworkServlet.java:903)
	at jakarta.servlet.http.HttpServlet.service(HttpServlet.java:564)
	at org.springframework.web.servlet.FrameworkServlet.service(FrameworkServlet.java:885)
	at jakarta.servlet.http.HttpServlet.service(HttpServlet.java:658)
	at org.apache.catalina.core.ApplicationFilterChain.internalDoFilter(ApplicationFilterChain.java:195)
	at org.apache.catalina.core.ApplicationFilterChain.doFilter(ApplicationFilterChain.java:140)
	at org.apache.tomcat.websocket.server.WsFilter.doFilter(WsFilter.java:51)
	at org.apache.catalina.core.ApplicationFilterChain.internalDoFilter(ApplicationFilterChain.java:164)
	at org.apache.catalina.core.ApplicationFilterChain.doFilter(ApplicationFilterChain.java:140)
	at org.springframework.web.filter.CompositeFilter$VirtualFilterChain.doFilter(CompositeFilter.java:108)
	at org.springframework.security.web.FilterChainProxy.lambda$doFilterInternal$3(FilterChainProxy.java:231)
	at org.springframework.security.web.ObservationFilterChainDecorator$FilterObservation$SimpleFilterObservation.lambda$wrap$1(ObservationFilterChainDecorator.java:479)
	at org.springframework.security.web.ObservationFilterChainDecorator$AroundFilterObservation$SimpleAroundFilterObservation.lambda$wrap$1(ObservationFilterChainDecorator.java:340)
	at org.springframework.security.web.ObservationFilterChainDecorator.lambda$wrapSecured$0(ObservationFilterChainDecorator.java:82)
	at org.springframework.security.web.ObservationFilterChainDecorator$VirtualFilterChain.doFilter(ObservationFilterChainDecorator.java:128)
	at org.springframework.security.web.access.intercept.AuthorizationFilter.doFilter(AuthorizationFilter.java:100)
	at org.springframework.security.web.ObservationFilterChainDecorator$ObservationFilter.wrapFilter(ObservationFilterChainDecorator.java:240)
	at org.springframework.security.web.ObservationFilterChainDecorator$ObservationFilter.doFilter(ObservationFilterChainDecorator.java:227)
	at org.springframework.security.web.ObservationFilterChainDecorator$VirtualFilterChain.doFilter(ObservationFilterChainDecorator.java:137)
	at org.springframework.security.web.access.ExceptionTranslationFilter.doFilter(ExceptionTranslationFilter.java:126)
	at org.springframework.security.web.access.ExceptionTranslationFilter.doFilter(ExceptionTranslationFilter.java:120)
	at org.springframework.security.web.ObservationFilterChainDecorator$ObservationFilter.wrapFilter(ObservationFilterChainDecorator.java:240)
	at org.springframework.security.web.ObservationFilterChainDecorator$ObservationFilter.doFilter(ObservationFilterChainDecorator.java:227)
	at org.springframework.security.web.ObservationFilterChainDecorator$VirtualFilterChain.doFilter(ObservationFilterChainDecorator.java:137)
	at org.springframework.security.web.session.SessionManagementFilter.doFilter(SessionManagementFilter.java:131)
	at org.springframework.security.web.session.SessionManagementFilter.doFilter(SessionManagementFilter.java:85)
	at org.springframework.security.web.ObservationFilterChainDecorator$ObservationFilter.wrapFilter(ObservationFilterChainDecorator.java:240)
	at org.springframework.security.web.ObservationFilterChainDecorator$ObservationFilter.doFilter(ObservationFilterChainDecorator.java:227)
	at org.springframework.security.web.ObservationFilterChainDecorator$VirtualFilterChain.doFilter(ObservationFilterChainDecorator.java:137)
	at org.springframework.security.web.authentication.AnonymousAuthenticationFilter.doFilter(AnonymousAuthenticationFilter.java:100)
	at org.springframework.security.web.ObservationFilterChainDecorator$ObservationFilter.wrapFilter(ObservationFilterChainDecorator.java:240)
	at org.springframework.security.web.ObservationFilterChainDecorator$ObservationFilter.doFilter(ObservationFilterChainDecorator.java:227)
	at org.springframework.security.web.ObservationFilterChainDecorator$VirtualFilterChain.doFilter(ObservationFilterChainDecorator.java:137)
	at org.springframework.security.web.servletapi.SecurityContextHolderAwareRequestFilter.doFilter(SecurityContextHolderAwareRequestFilter.java:179)
	at org.springframework.security.web.ObservationFilterChainDecorator$ObservationFilter.wrapFilter(ObservationFilterChainDecorator.java:240)
	at org.springframework.security.web.ObservationFilterChainDecorator$ObservationFilter.doFilter(ObservationFilterChainDecorator.java:227)
	at org.springframework.security.web.ObservationFilterChainDecorator$VirtualFilterChain.doFilter(ObservationFilterChainDecorator.java:137)
	at org.springframework.security.web.savedrequest.RequestCacheAwareFilter.doFilter(RequestCacheAwareFilter.java:63)
	at org.springframework.security.web.ObservationFilterChainDecorator$ObservationFilter.wrapFilter(ObservationFilterChainDecorator.java:240)
	at org.springframework.security.web.ObservationFilterChainDecorator$ObservationFilter.doFilter(ObservationFilterChainDecorator.java:227)
	at org.springframework.security.web.ObservationFilterChainDecorator$VirtualFilterChain.doFilter(ObservationFilterChainDecorator.java:137)
	at com.aiservice.aireviewassistant.security.JwtAuthenticationFilter.doFilterInternal(JwtAuthenticationFilter.java:54)
	at org.springframework.web.filter.OncePerRequestFilter.doFilter(OncePerRequestFilter.java:116)
	at org.springframework.security.web.ObservationFilterChainDecorator$ObservationFilter.wrapFilter(ObservationFilterChainDecorator.java:240)
	at org.springframework.security.web.ObservationFilterChainDecorator$ObservationFilter.doFilter(ObservationFilterChainDecorator.java:227)
	at org.springframework.security.web.ObservationFilterChainDecorator$VirtualFilterChain.doFilter(ObservationFilterChainDecorator.java:137)
	at org.springframework.security.web.authentication.logout.LogoutFilter.doFilter(LogoutFilter.java:107)
	at org.springframework.security.web.authentication.logout.LogoutFilter.doFilter(LogoutFilter.java:93)
	at org.springframework.security.web.ObservationFilterChainDecorator$ObservationFilter.wrapFilter(ObservationFilterChainDecorator.java:240)
	at org.springframework.security.web.ObservationFilterChainDecorator$ObservationFilter.doFilter(ObservationFilterChainDecorator.java:227)
	at org.springframework.security.web.ObservationFilterChainDecorator$VirtualFilterChain.doFilter(ObservationFilterChainDecorator.java:137)
	at org.springframework.security.web.header.HeaderWriterFilter.doHeadersAfter(HeaderWriterFilter.java:90)
	at org.springframework.security.web.header.HeaderWriterFilter.doFilterInternal(HeaderWriterFilter.java:75)
	at org.springframework.web.filter.OncePerRequestFilter.doFilter(OncePerRequestFilter.java:116)
	at org.springframework.security.web.ObservationFilterChainDecorator$ObservationFilter.wrapFilter(ObservationFilterChainDecorator.java:240)
	at org.springframework.security.web.ObservationFilterChainDecorator$ObservationFilter.doFilter(ObservationFilterChainDecorator.java:227)
	at org.springframework.security.web.ObservationFilterChainDecorator$VirtualFilterChain.doFilter(ObservationFilterChainDecorator.java:137)
	at org.springframework.security.web.context.SecurityContextHolderFilter.doFilter(SecurityContextHolderFilter.java:82)
	at org.springframework.security.web.context.SecurityContextHolderFilter.doFilter(SecurityContextHolderFilter.java:69)
	at org.springframework.security.web.ObservationFilterChainDecorator$ObservationFilter.wrapFilter(ObservationFilterChainDecorator.java:240)
	at org.springframework.security.web.ObservationFilterChainDecorator$ObservationFilter.doFilter(ObservationFilterChainDecorator.java:227)
	at org.springframework.security.web.ObservationFilterChainDecorator$VirtualFilterChain.doFilter(ObservationFilterChainDecorator.java:137)
	at org.springframework.security.web.context.request.async.WebAsyncManagerIntegrationFilter.doFilterInternal(WebAsyncManagerIntegrationFilter.java:62)
	at org.springframework.web.filter.OncePerRequestFilter.doFilter(OncePerRequestFilter.java:116)
	at org.springframework.security.web.ObservationFilterChainDecorator$ObservationFilter.wrapFilter(ObservationFilterChainDecorator.java:240)
	at org.springframework.security.web.ObservationFilterChainDecorator$ObservationFilter.doFilter(ObservationFilterChainDecorator.java:227)
	at org.springframework.security.web.ObservationFilterChainDecorator$VirtualFilterChain.doFilter(ObservationFilterChainDecorator.java:137)
	at org.springframework.security.web.session.DisableEncodeUrlFilter.doFilterInternal(DisableEncodeUrlFilter.java:42)
	at org.springframework.web.filter.OncePerRequestFilter.doFilter(OncePerRequestFilter.java:116)
	at org.springframework.security.web.ObservationFilterChainDecorator$ObservationFilter.wrapFilter(ObservationFilterChainDecorator.java:240)
	at org.springframework.security.web.ObservationFilterChainDecorator$AroundFilterObservation$SimpleAroundFilterObservation.lambda$wrap$0(ObservationFilterChainDecorator.java:323)
	at org.springframework.security.web.ObservationFilterChainDecorator$ObservationFilter.doFilter(ObservationFilterChainDecorator.java:224)
	at org.springframework.security.web.ObservationFilterChainDecorator$VirtualFilterChain.doFilter(ObservationFilterChainDecorator.java:137)
	at org.springframework.security.web.FilterChainProxy.doFilterInternal(FilterChainProxy.java:233)
	at org.springframework.security.web.FilterChainProxy.doFilter(FilterChainProxy.java:191)
	at org.springframework.web.filter.CompositeFilter$VirtualFilterChain.doFilter(CompositeFilter.java:113)
	at org.springframework.web.servlet.handler.HandlerMappingIntrospector.lambda$createCacheFilter$3(HandlerMappingIntrospector.java:195)
	at org.springframework.web.filter.CompositeFilter$VirtualFilterChain.doFilter(CompositeFilter.java:113)
	at org.springframework.web.filter.CompositeFilter.doFilter(CompositeFilter.java:74)
	at org.springframework.security.config.annotation.web.configuration.WebMvcSecurityConfiguration$CompositeFilterChainProxy.doFilter(WebMvcSecurityConfiguration.java:230)
	at org.springframework.web.filter.DelegatingFilterProxy.invokeDelegate(DelegatingFilterProxy.java:352)
	at org.springframework.web.filter.DelegatingFilterProxy.doFilter(DelegatingFilterProxy.java:268)
	at org.apache.catalina.core.ApplicationFilterChain.internalDoFilter(ApplicationFilterChain.java:164)
	at org.apache.catalina.core.ApplicationFilterChain.doFilter(ApplicationFilterChain.java:140)
	at org.springframework.web.filter.RequestContextFilter.doFilterInternal(RequestContextFilter.java:100)
	at org.springframework.web.filter.OncePerRequestFilter.doFilter(OncePerRequestFilter.java:116)
	at org.apache.catalina.core.ApplicationFilterChain.internalDoFilter(ApplicationFilterChain.java:164)
	at org.apache.catalina.core.ApplicationFilterChain.doFilter(ApplicationFilterChain.java:140)
	at org.springframework.web.filter.FormContentFilter.doFilterInternal(FormContentFilter.java:93)
	at org.springframework.web.filter.OncePerRequestFilter.doFilter(OncePerRequestFilter.java:116)
	at org.apache.catalina.core.ApplicationFilterChain.internalDoFilter(ApplicationFilterChain.java:164)
	at org.apache.catalina.core.ApplicationFilterChain.doFilter(ApplicationFilterChain.java:140)
	at org.springframework.web.filter.ServerHttpObservationFilter.doFilterInternal(ServerHttpObservationFilter.java:113)
	at org.springframework.web.filter.OncePerRequestFilter.doFilter(OncePerRequestFilter.java:116)
	at org.apache.catalina.core.ApplicationFilterChain.internalDoFilter(ApplicationFilterChain.java:164)
	at org.apache.catalina.core.ApplicationFilterChain.doFilter(ApplicationFilterChain.java:140)
	at org.springframework.web.filter.CharacterEncodingFilter.doFilterInternal(CharacterEncodingFilter.java:201)
	at org.springframework.web.filter.OncePerRequestFilter.doFilter(OncePerRequestFilter.java:116)
	at org.apache.catalina.core.ApplicationFilterChain.internalDoFilter(ApplicationFilterChain.java:164)
	at org.apache.catalina.core.ApplicationFilterChain.doFilter(ApplicationFilterChain.java:140)
	at org.apache.catalina.core.StandardWrapperValve.invoke(StandardWrapperValve.java:167)
	at org.apache.catalina.core.StandardContextValve.invoke(StandardContextValve.java:90)
	at org.apache.catalina.authenticator.AuthenticatorBase.invoke(AuthenticatorBase.java:483)
	at org.apache.catalina.core.StandardHostValve.invoke(StandardHostValve.java:115)
	at org.apache.catalina.valves.ErrorReportValve.invoke(ErrorReportValve.java:93)
	at org.apache.catalina.core.StandardEngineValve.invoke(StandardEngineValve.java:74)
	at org.apache.catalina.connector.CoyoteAdapter.service(CoyoteAdapter.java:344)
	at org.apache.coyote.http11.Http11Processor.service(Http11Processor.java:384)
	at org.apache.coyote.AbstractProcessorLight.process(AbstractProcessorLight.java:63)
	at org.apache.coyote.AbstractProtocol$ConnectionHandler.process(AbstractProtocol.java:905)
	at org.apache.tomcat.util.net.NioEndpoint$SocketProcessor.doRun(NioEndpoint.java:1741)
	at org.apache.tomcat.util.net.SocketProcessorBase.run(SocketProcessorBase.java:52)
	at org.apache.tomcat.util.threads.ThreadPoolExecutor.runWorker(ThreadPoolExecutor.java:1190)
	at org.apache.tomcat.util.threads.ThreadPoolExecutor$Worker.run(ThreadPoolExecutor.java:659)
	at org.apache.tomcat.util.threads.TaskThread$WrappingRunnable.run(TaskThread.java:63)
	at java.base/java.lang.Thread.run(Thread.java:1570)
2026-09-12 19:28:46.186 [http-nio-8080-exec-9] WARN  o.s.w.s.m.s.DefaultHandlerExceptionResolver - Resolved [org.springframework.web.context.request.async.AsyncRequestNotUsableException: ServletOutputStream failed to flush: java.io.IOException: Broken pipe]
2026-09-12 19:28:46.189 [http-nio-8080-exec-9] INFO  o.a.catalina.connector.CoyoteAdapter - Encountered a non-recycled request and recycled it forcedly.
org.apache.catalina.connector.CoyoteAdapter$RecycleRequiredException: null
	at org.apache.catalina.connector.CoyoteAdapter.checkRecycled(CoyoteAdapter.java:522)
	at org.apache.coyote.http11.Http11Processor.recycle(Http11Processor.java:1423)
	at org.apache.coyote.AbstractProtocol$ConnectionHandler.release(AbstractProtocol.java:1094)
	at org.apache.coyote.AbstractProtocol$ConnectionHandler.process(AbstractProtocol.java:1031)
	at org.apache.tomcat.util.net.NioEndpoint$SocketProcessor.doRun(NioEndpoint.java:1741)
	at org.apache.tomcat.util.net.SocketProcessorBase.run(SocketProcessorBase.java:52)
	at org.apache.tomcat.util.threads.ThreadPoolExecutor.runWorker(ThreadPoolExecutor.java:1190)
	at org.apache.tomcat.util.threads.ThreadPoolExecutor$Worker.run(ThreadPoolExecutor.java:659)
	at org.apache.tomcat.util.threads.TaskThread$WrappingRunnable.run(TaskThread.java:63)
	at java.base/java.lang.Thread.run(Thread.java:1570)
2026-09-12 19:28:46.221 [reactor-http-nio-1] WARN  i.n.r.d.DefaultDnsServerAddressStreamProvider - Default DNS servers: [/[2001:4860:4860:0:0:0:0:8888]:53, /[2001:4860:4860:0:0:0:0:8844]:53] (Google Public DNS as a fallback)
2026-09-12 19:28:46.247 [reactor-http-nio-1] ERROR o.s.ai.chat.model.MessageAggregator - Aggregation Error
org.springframework.web.reactive.function.client.WebClientRequestException: Failed to resolve 'dashscope.aliyuncs.com' [A(1), AAAA(28)] after 4 queries 
	at org.springframework.web.reactive.function.client.ExchangeFunctions$DefaultExchangeFunction.lambda$wrapException$9(ExchangeFunctions.java:136)
	Suppressed: reactor.core.publisher.FluxOnAssembly$OnAssemblyException: 
Error has been observed at the following site(s):
	*__checkpoint ⇢ Request to POST https://dashscope.aliyuncs.com/api/v1/services/aigc/text-generation/generation [DefaultWebClient]
Original Stack Trace:
		at org.springframework.web.reactive.function.client.ExchangeFunctions$DefaultExchangeFunction.lambda$wrapException$9(ExchangeFunctions.java:136)
		at reactor.core.publisher.MonoErrorSupplied.subscribe(MonoErrorSupplied.java:55)
		at reactor.core.publisher.Mono.subscribe(Mono.java:4576)
		at reactor.core.publisher.FluxOnErrorResume$ResumeSubscriber.onError(FluxOnErrorResume.java:103)
		at reactor.core.publisher.FluxPeek$PeekSubscriber.onError(FluxPeek.java:222)
		at reactor.core.publisher.FluxPeek$PeekSubscriber.onError(FluxPeek.java:222)
		at reactor.core.publisher.FluxPeek$PeekSubscriber.onError(FluxPeek.java:222)
		at reactor.core.publisher.MonoNext$NextSubscriber.onError(MonoNext.java:93)
		at reactor.core.publisher.MonoFlatMapMany$FlatMapManyMain.onError(MonoFlatMapMany.java:205)
		at reactor.core.publisher.SerializedSubscriber.onError(SerializedSubscriber.java:124)
		at reactor.core.publisher.FluxRetryWhen$RetryWhenMainSubscriber.whenError(FluxRetryWhen.java:229)
		at reactor.core.publisher.FluxRetryWhen$RetryWhenOtherSubscriber.onError(FluxRetryWhen.java:279)
		at reactor.core.publisher.FluxContextWrite$ContextWriteSubscriber.onError(FluxContextWrite.java:121)
		at reactor.core.publisher.FluxConcatMapNoPrefetch$FluxConcatMapNoPrefetchSubscriber.maybeOnError(FluxConcatMapNoPrefetch.java:327)
		at reactor.core.publisher.FluxConcatMapNoPrefetch$FluxConcatMapNoPrefetchSubscriber.onNext(FluxConcatMapNoPrefetch.java:212)
		at reactor.core.publisher.FluxContextWrite$ContextWriteSubscriber.onNext(FluxContextWrite.java:107)
		at reactor.core.publisher.SinkManyEmitterProcessor.drain(SinkManyEmitterProcessor.java:476)
		at reactor.core.publisher.SinkManyEmitterProcessor$EmitterInner.drainParent(SinkManyEmitterProcessor.java:620)
		at reactor.core.publisher.FluxPublish$PubSubInner.request(FluxPublish.java:874)
		at reactor.core.publisher.FluxContextWrite$ContextWriteSubscriber.request(FluxContextWrite.java:136)
		at reactor.core.publisher.FluxConcatMapNoPrefetch$FluxConcatMapNoPrefetchSubscriber.request(FluxConcatMapNoPrefetch.java:337)
		at reactor.core.publisher.FluxContextWrite$ContextWriteSubscriber.request(FluxContextWrite.java:136)
		at reactor.core.publisher.Operators$DeferredSubscription.request(Operators.java:1743)
		at reactor.core.publisher.FluxRetryWhen$RetryWhenMainSubscriber.onError(FluxRetryWhen.java:196)
		at reactor.core.publisher.MonoCreate$DefaultMonoSink.error(MonoCreate.java:205)
		at reactor.netty.http.client.HttpClientConnect$MonoHttpConnect$ClientTransportSubscriber.onError(HttpClientConnect.java:311)
		at reactor.core.publisher.MonoCreate$DefaultMonoSink.error(MonoCreate.java:205)
		at reactor.netty.resources.DefaultPooledConnectionProvider$DisposableAcquire.onError(DefaultPooledConnectionProvider.java:172)
		at reactor.netty.internal.shaded.reactor.pool.AbstractPool$Borrower.fail(AbstractPool.java:480)
		at reactor.netty.internal.shaded.reactor.pool.SimpleDequePool.lambda$drainLoop$9(SimpleDequePool.java:436)
		at reactor.core.publisher.FluxDoOnEach$DoOnEachSubscriber.onError(FluxDoOnEach.java:186)
		at reactor.core.publisher.MonoCreate$DefaultMonoSink.error(MonoCreate.java:205)
		at reactor.netty.resources.DefaultPooledConnectionProvider$PooledConnectionAllocator$PooledConnectionInitializer.onError(DefaultPooledConnectionProvider.java:583)
		at reactor.core.publisher.MonoFlatMap$FlatMapMain.secondError(MonoFlatMap.java:241)
		at reactor.core.publisher.MonoFlatMap$FlatMapInner.onError(MonoFlatMap.java:315)
		at reactor.core.publisher.FluxOnErrorResume$ResumeSubscriber.onError(FluxOnErrorResume.java:106)
		at reactor.core.publisher.Operators.error(Operators.java:198)
		at reactor.core.publisher.MonoError.subscribe(MonoError.java:53)
		at reactor.core.publisher.Mono.subscribe(Mono.java:4576)
		at reactor.core.publisher.FluxOnErrorResume$ResumeSubscriber.onError(FluxOnErrorResume.java:103)
		at reactor.netty.transport.TransportConnector$MonoChannelPromise.tryFailure(TransportConnector.java:576)
		at reactor.netty.transport.TransportConnector.lambda$doResolveAndConnect$11(TransportConnector.java:375)
		at io.netty.util.concurrent.DefaultPromise.notifyListener0(DefaultPromise.java:590)
		at io.netty.util.concurrent.DefaultPromise.notifyListenersNow(DefaultPromise.java:557)
		at io.netty.util.concurrent.DefaultPromise.notifyListeners(DefaultPromise.java:492)
		at io.netty.util.concurrent.DefaultPromise.setValue0(DefaultPromise.java:636)
		at io.netty.util.concurrent.DefaultPromise.setFailure0(DefaultPromise.java:629)
		at io.netty.util.concurrent.DefaultPromise.setFailure(DefaultPromise.java:110)
		at io.netty.resolver.InetSocketAddressResolver$2.operationComplete(InetSocketAddressResolver.java:86)
		at io.netty.util.concurrent.DefaultPromise.notifyListener0(DefaultPromise.java:590)
		at io.netty.util.concurrent.DefaultPromise.notifyListeners0(DefaultPromise.java:583)
		at io.netty.util.concurrent.DefaultPromise.notifyListenersNow(DefaultPromise.java:559)
		at io.netty.util.concurrent.DefaultPromise.notifyListeners(DefaultPromise.java:492)
		at io.netty.util.concurrent.DefaultPromise.setValue0(DefaultPromise.java:636)
		at io.netty.util.concurrent.DefaultPromise.setFailure0(DefaultPromise.java:629)
		at io.netty.util.concurrent.DefaultPromise.tryFailure(DefaultPromise.java:118)
		at io.netty.resolver.dns.DnsResolveContext.finishResolve(DnsResolveContext.java:1159)
		at io.netty.resolver.dns.DnsResolveContext.tryToFinishResolve(DnsResolveContext.java:1098)
		at io.netty.resolver.dns.DnsResolveContext.query(DnsResolveContext.java:457)
		at io.netty.resolver.dns.DnsResolveContext.access$700(DnsResolveContext.java:69)
		at io.netty.resolver.dns.DnsResolveContext$2.operationComplete(DnsResolveContext.java:526)
		at io.netty.util.concurrent.DefaultPromise.notifyListener0(DefaultPromise.java:590)
		at io.netty.util.concurrent.DefaultPromise.notifyListeners0(DefaultPromise.java:583)
		at io.netty.util.concurrent.DefaultPromise.notifyListenersNow(DefaultPromise.java:559)
		at io.netty.util.concurrent.DefaultPromise.notifyListeners(DefaultPromise.java:492)
		at io.netty.util.concurrent.DefaultPromise.setValue0(DefaultPromise.java:636)
		at io.netty.util.concurrent.DefaultPromise.setFailure0(DefaultPromise.java:629)
		at io.netty.util.concurrent.DefaultPromise.tryFailure(DefaultPromise.java:118)
		at io.netty.resolver.dns.DnsQueryContext.finishFailure(DnsQueryContext.java:380)
		at io.netty.resolver.dns.DnsQueryContext.onQueryWriteCompletion(DnsQueryContext.java:301)
		at io.netty.resolver.dns.DnsQueryContext.access$800(DnsQueryContext.java:52)
		at io.netty.resolver.dns.DnsQueryContext$4.operationComplete(DnsQueryContext.java:292)
		at io.netty.resolver.dns.DnsQueryContext$4.operationComplete(DnsQueryContext.java:289)
		at io.netty.util.concurrent.DefaultPromise.notifyListener0(DefaultPromise.java:590)
		at io.netty.util.concurrent.DefaultPromise.notifyListenersNow(DefaultPromise.java:557)
		at io.netty.util.concurrent.DefaultPromise.notifyListeners(DefaultPromise.java:492)
		at io.netty.util.concurrent.DefaultPromise.setValue0(DefaultPromise.java:636)
		at io.netty.util.concurrent.DefaultPromise.setFailure0(DefaultPromise.java:629)
		at io.netty.util.concurrent.DefaultPromise.tryFailure(DefaultPromise.java:118)
		at io.netty.util.internal.PromiseNotificationUtil.tryFailure(PromiseNotificationUtil.java:64)
		at io.netty.channel.ChannelOutboundBuffer.safeFail(ChannelOutboundBuffer.java:754)
		at io.netty.channel.ChannelOutboundBuffer.remove0(ChannelOutboundBuffer.java:339)
		at io.netty.channel.ChannelOutboundBuffer.remove(ChannelOutboundBuffer.java:319)
		at io.netty.channel.nio.AbstractNioMessageChannel.doWrite(AbstractNioMessageChannel.java:158)
		at io.netty.channel.AbstractChannel$AbstractUnsafe.flush0(AbstractChannel.java:929)
		at io.netty.channel.nio.AbstractNioChannel$AbstractNioUnsafe.flush0(AbstractNioChannel.java:359)
		at io.netty.channel.AbstractChannel$AbstractUnsafe.flush(AbstractChannel.java:893)
		at io.netty.channel.DefaultChannelPipeline$HeadContext.flush(DefaultChannelPipeline.java:1319)
		at io.netty.channel.AbstractChannelHandlerContext.invokeFlush0(AbstractChannelHandlerContext.java:935)
		at io.netty.channel.AbstractChannelHandlerContext.invokeFlush(AbstractChannelHandlerContext.java:921)
		at io.netty.channel.AbstractChannelHandlerContext.flush(AbstractChannelHandlerContext.java:907)
		at io.netty.channel.DefaultChannelPipeline.flush(DefaultChannelPipeline.java:916)
		at io.netty.channel.AbstractChannel.flush(AbstractChannel.java:253)
		at io.netty.resolver.dns.DnsResolveContext.internalResolve(DnsResolveContext.java:400)
		at io.netty.resolver.dns.DnsResolveContext.resolve(DnsResolveContext.java:249)
		at io.netty.resolver.dns.DnsNameResolver.resolveNow(DnsNameResolver.java:1239)
		at io.netty.resolver.dns.DnsNameResolver.doResolveAllUncached0(DnsNameResolver.java:1225)
		at io.netty.resolver.dns.DnsNameResolver.access$500(DnsNameResolver.java:94)
		at io.netty.resolver.dns.DnsNameResolver$7.run(DnsNameResolver.java:1173)
		at io.netty.util.concurrent.AbstractEventExecutor.runTask(AbstractEventExecutor.java:173)
		at io.netty.util.concurrent.AbstractEventExecutor.safeExecute(AbstractEventExecutor.java:166)
		at io.netty.util.concurrent.SingleThreadEventExecutor.runAllTasks(SingleThreadEventExecutor.java:472)
		at io.netty.channel.nio.NioEventLoop.run(NioEventLoop.java:569)
		at io.netty.util.concurrent.SingleThreadEventExecutor$4.run(SingleThreadEventExecutor.java:997)
		at io.netty.util.internal.ThreadExecutorMap$2.run(ThreadExecutorMap.java:74)
		at io.netty.util.concurrent.FastThreadLocalRunnable.run(FastThreadLocalRunnable.java:30)
		at java.base/java.lang.Thread.run(Thread.java:1570)
Caused by: java.net.UnknownHostException: Failed to resolve 'dashscope.aliyuncs.com' [A(1), AAAA(28)] after 4 queries 
	at io.netty.resolver.dns.DnsResolveContext.finishResolve(DnsResolveContext.java:1151)
	at io.netty.resolver.dns.DnsResolveContext.tryToFinishResolve(DnsResolveContext.java:1098)
	at io.netty.resolver.dns.DnsResolveContext.query(DnsResolveContext.java:457)
	at io.netty.resolver.dns.DnsResolveContext.access$700(DnsResolveContext.java:69)
	at io.netty.resolver.dns.DnsResolveContext$2.operationComplete(DnsResolveContext.java:526)
	at io.netty.util.concurrent.DefaultPromise.notifyListener0(DefaultPromise.java:590)
	at io.netty.util.concurrent.DefaultPromise.notifyListeners0(DefaultPromise.java:583)
	at io.netty.util.concurrent.DefaultPromise.notifyListenersNow(DefaultPromise.java:559)
	at io.netty.util.concurrent.DefaultPromise.notifyListeners(DefaultPromise.java:492)
	at io.netty.util.concurrent.DefaultPromise.setValue0(DefaultPromise.java:636)
	at io.netty.util.concurrent.DefaultPromise.setFailure0(DefaultPromise.java:629)
	at io.netty.util.concurrent.DefaultPromise.tryFailure(DefaultPromise.java:118)
	at io.netty.resolver.dns.DnsQueryContext.finishFailure(DnsQueryContext.java:380)
	at io.netty.resolver.dns.DnsQueryContext.onQueryWriteCompletion(DnsQueryContext.java:301)
	at io.netty.resolver.dns.DnsQueryContext.access$800(DnsQueryContext.java:52)
	at io.netty.resolver.dns.DnsQueryContext$4.operationComplete(DnsQueryContext.java:292)
	at io.netty.resolver.dns.DnsQueryContext$4.operationComplete(DnsQueryContext.java:289)
	at io.netty.util.concurrent.DefaultPromise.notifyListener0(DefaultPromise.java:590)
	at io.netty.util.concurrent.DefaultPromise.notifyListenersNow(DefaultPromise.java:557)
	at io.netty.util.concurrent.DefaultPromise.notifyListeners(DefaultPromise.java:492)
	at io.netty.util.concurrent.DefaultPromise.setValue0(DefaultPromise.java:636)
	at io.netty.util.concurrent.DefaultPromise.setFailure0(DefaultPromise.java:629)
	at io.netty.util.concurrent.DefaultPromise.tryFailure(DefaultPromise.java:118)
	at io.netty.util.internal.PromiseNotificationUtil.tryFailure(PromiseNotificationUtil.java:64)
	at io.netty.channel.ChannelOutboundBuffer.safeFail(ChannelOutboundBuffer.java:754)
	at io.netty.channel.ChannelOutboundBuffer.remove0(ChannelOutboundBuffer.java:339)
	at io.netty.channel.ChannelOutboundBuffer.remove(ChannelOutboundBuffer.java:319)
	at io.netty.channel.nio.AbstractNioMessageChannel.doWrite(AbstractNioMessageChannel.java:158)
	at io.netty.channel.AbstractChannel$AbstractUnsafe.flush0(AbstractChannel.java:929)
	at io.netty.channel.nio.AbstractNioChannel$AbstractNioUnsafe.flush0(AbstractNioChannel.java:359)
	at io.netty.channel.AbstractChannel$AbstractUnsafe.flush(AbstractChannel.java:893)
	at io.netty.channel.DefaultChannelPipeline$HeadContext.flush(DefaultChannelPipeline.java:1319)
	at io.netty.channel.AbstractChannelHandlerContext.invokeFlush0(AbstractChannelHandlerContext.java:935)
	at io.netty.channel.AbstractChannelHandlerContext.invokeFlush(AbstractChannelHandlerContext.java:921)
	at io.netty.channel.AbstractChannelHandlerContext.flush(AbstractChannelHandlerContext.java:907)
	at io.netty.channel.DefaultChannelPipeline.flush(DefaultChannelPipeline.java:916)
	at io.netty.channel.AbstractChannel.flush(AbstractChannel.java:253)
	at io.netty.resolver.dns.DnsResolveContext.internalResolve(DnsResolveContext.java:400)
	at io.netty.resolver.dns.DnsResolveContext.resolve(DnsResolveContext.java:249)
	at io.netty.resolver.dns.DnsNameResolver.resolveNow(DnsNameResolver.java:1239)
	at io.netty.resolver.dns.DnsNameResolver.doResolveAllUncached0(DnsNameResolver.java:1225)
	at io.netty.resolver.dns.DnsNameResolver.access$500(DnsNameResolver.java:94)
	at io.netty.resolver.dns.DnsNameResolver$7.run(DnsNameResolver.java:1173)
	at io.netty.util.concurrent.AbstractEventExecutor.runTask(AbstractEventExecutor.java:173)
	at io.netty.util.concurrent.AbstractEventExecutor.safeExecute(AbstractEventExecutor.java:166)
	at io.netty.util.concurrent.SingleThreadEventExecutor.runAllTasks(SingleThreadEventExecutor.java:472)
	at io.netty.channel.nio.NioEventLoop.run(NioEventLoop.java:569)
	at io.netty.util.concurrent.SingleThreadEventExecutor$4.run(SingleThreadEventExecutor.java:997)
	at io.netty.util.internal.ThreadExecutorMap$2.run(ThreadExecutorMap.java:74)
	at io.netty.util.concurrent.FastThreadLocalRunnable.run(FastThreadLocalRunnable.java:30)
	at java.base/java.lang.Thread.run(Thread.java:1570)
Caused by: io.netty.resolver.dns.DnsNameResolverException: [10924: /[2001:4860:4860:0:0:0:0:8844]:53] DefaultDnsQuestion(dashscope.aliyuncs.com. IN AAAA) failed to send a query '10924' via UDP (no stack trace available)
Caused by: java.net.NoRouteToHostException: No route to host
	at java.base/sun.nio.ch.DatagramChannelImpl.send0(Native Method)
	at java.base/sun.nio.ch.DatagramChannelImpl.sendFromNativeBuffer(DatagramChannelImpl.java:1005)
	at java.base/sun.nio.ch.DatagramChannelImpl.send(DatagramChannelImpl.java:966)
	at java.base/sun.nio.ch.DatagramChannelImpl.send(DatagramChannelImpl.java:889)
	at io.netty.channel.socket.nio.NioDatagramChannel.doWriteMessage(NioDatagramChannel.java:297)
	at io.netty.channel.nio.AbstractNioMessageChannel.doWrite(AbstractNioMessageChannel.java:143)
	at io.netty.channel.AbstractChannel$AbstractUnsafe.flush0(AbstractChannel.java:929)
	at io.netty.channel.nio.AbstractNioChannel$AbstractNioUnsafe.flush0(AbstractNioChannel.java:359)
	at io.netty.channel.AbstractChannel$AbstractUnsafe.flush(AbstractChannel.java:893)
	at io.netty.channel.DefaultChannelPipeline$HeadContext.flush(DefaultChannelPipeline.java:1319)
	at io.netty.channel.AbstractChannelHandlerContext.invokeFlush0(AbstractChannelHandlerContext.java:935)
	at io.netty.channel.AbstractChannelHandlerContext.invokeFlush(AbstractChannelHandlerContext.java:921)
	at io.netty.channel.AbstractChannelHandlerContext.flush(AbstractChannelHandlerContext.java:907)
	at io.netty.channel.DefaultChannelPipeline.flush(DefaultChannelPipeline.java:916)
	at io.netty.channel.AbstractChannel.flush(AbstractChannel.java:253)
	at io.netty.resolver.dns.DnsResolveContext.internalResolve(DnsResolveContext.java:400)
	at io.netty.resolver.dns.DnsResolveContext.resolve(DnsResolveContext.java:249)
	at io.netty.resolver.dns.DnsNameResolver.resolveNow(DnsNameResolver.java:1239)
	at io.netty.resolver.dns.DnsNameResolver.doResolveAllUncached0(DnsNameResolver.java:1225)
	at io.netty.resolver.dns.DnsNameResolver.access$500(DnsNameResolver.java:94)
	at io.netty.resolver.dns.DnsNameResolver$7.run(DnsNameResolver.java:1173)
	at io.netty.util.concurrent.AbstractEventExecutor.runTask(AbstractEventExecutor.java:173)
	at io.netty.util.concurrent.AbstractEventExecutor.safeExecute(AbstractEventExecutor.java:166)
	at io.netty.util.concurrent.SingleThreadEventExecutor.runAllTasks(SingleThreadEventExecutor.java:472)
	at io.netty.channel.nio.NioEventLoop.run(NioEventLoop.java:569)
	at io.netty.util.concurrent.SingleThreadEventExecutor$4.run(SingleThreadEventExecutor.java:997)
	at io.netty.util.internal.ThreadExecutorMap$2.run(ThreadExecutorMap.java:74)
	at io.netty.util.concurrent.FastThreadLocalRunnable.run(FastThreadLocalRunnable.java:30)
	at java.base/java.lang.Thread.run(Thread.java:1570)
2026-09-12 19:28:46.253 [boundedElastic-1] DEBUG c.a.a.mapper.AgentLogMapper.insert - ==>  Preparing: INSERT INTO agent_log ( conversation_id, user_message, intent, parameters, latency_ms, success, error_msg, created_at ) VALUES ( ?, ?, ?, ?, ?, ?, ?, ? )
2026-09-12 19:28:46.254 [boundedElastic-1] DEBUG c.a.a.mapper.AgentLogMapper.insert - ==> Parameters: 43(Integer), 请帮我出几道关于数据库学科/知识点的选择题(String), CHAT(String), {}(String), 19328747(Long), false(Boolean), Failed to resolve 'dashscope.aliyuncs.com' [A(1), AAAA(28)] after 4 queries (String), 2026-09-12T19:28:46.249299(LocalDateTime)
2026-09-12 19:28:46.259 [boundedElastic-1] DEBUG c.a.a.mapper.AgentLogMapper.insert - <==    Updates: 1
2026-09-12 20:01:38.786 [HikariPool-1 housekeeper] WARN  com.zaxxer.hikari.pool.HikariPool - HikariPool-1 - Thread starvation or clock leap detected (housekeeper delta=1h36m36s553ms).
2026-09-12 21:12:43.518 [HikariPool-1 housekeeper] WARN  com.zaxxer.hikari.pool.HikariPool - HikariPool-1 - Thread starvation or clock leap detected (housekeeper delta=1h11m4s731ms).
2026-09-12 21:58:55.772 [HikariPool-1 housekeeper] WARN  com.zaxxer.hikari.pool.HikariPool - HikariPool-1 - Thread starvation or clock leap detected (housekeeper delta=46m12s254ms).
2026-09-12 23:14:41.902 [HikariPool-1 housekeeper] WARN  com.zaxxer.hikari.pool.HikariPool - HikariPool-1 - Thread starvation or clock leap detected (housekeeper delta=1h15m46s131ms).
